security_key,number,code,name,allotment_result_date,ballot_applications_total_raw,ballot_applications_a_raw,ballot_applications_b_raw,ballot_applications_other_raw,ballot_valid_applications_total_raw,ballot_valid_applications_a_raw,ballot_valid_applications_b_raw,ballot_valid_applications_other_raw,ballot_subscription_total_raw,ballot_subscription_a_raw,ballot_subscription_b_raw,ballot_subscription_other_raw,ballot_success_total_raw,ballot_success_a_raw,ballot_success_b_raw,ballot_success_other_raw,public_subscription_multiple,one_lot_success_rate_pct_input,industry,sub_industry,one_lot_success_rate,issuer_name,source_files
0068.HK,9,0068.HK,群核科技,2026-04-16,240700.0,227540.0,13160.0,0.0,84057.0,7195.0,76862.0,0.0,28321.7393,15971.6993,12350.04,0.0,50.0,29.0,21.0,0.0,1590.56,3.0,资讯科技业,信息技术,0.03,群核科技,港股IPO打新中签结果.csv
0100.HK,45,0100.HK,MINIMAX-W,2026-01-08,417646.0,397689.0,19957.0,0.0,131752.0,5515.0,126237.0,0.0,104902.3694,84945.3694,19957.0,0.0,138.0,33.0,105.0,0.0,1837.17,2.81,资讯科技业,信息技术,0.0281,MINIMAX-W,港股IPO打新中签结果.csv
0300.HK,191,0300.HK,美的集团,2024-09-16,13717.0,13539.0,178.0,0.0,423029.0,4995.0,418034.0,0.0,13717.0,13539.0,178.0,0.0,58391.0,1513.0,56878.0,0.0,5.31,100.0,非必需性消费,非日常生活消费品,1.0,美的集团,港股IPO打新中签结果.csv
0325.HK,161,0325.HK,布鲁可,2025-01-09,126841.0,98721.0,28120.0,0.0,16335.0,1315.0,15020.0,0.0,39336.8348,20100.8888,19235.946,0.0,39.0,26.0,13.0,0.0,5999.96,10.0,非必需性消费,非日常生活消费品,0.1,布鲁可,港股IPO打新中签结果.csv
0470.HK,30,0470.HK,先导智能,2026-02-10,57322.0,55943.0,1379.0,0.0,218803.0,5995.0,212808.0,0.0,28578.557,27199.557,1379.0,0.0,1256.0,73.0,1183.0,0.0,79.54,18.0,工业,工业,0.18,先导智能,港股IPO打新中签结果.csv
0501.HK,44,0501.HK,豪威集团,2026-01-09,14551.0,14423.0,128.0,0.0,81015.0,1615.0,79400.0,0.0,14551.0,14423.0,128.0,0.0,6874.0,76.0,6798.0,0.0,9.28,100.0,资讯科技业,信息技术,1.0,豪威集团,港股IPO打新中签结果.csv
0600.HK,31,0600.HK,爱芯元智,2026-02-09,85091.0,83513.0,1578.0,0.0,162453.0,5995.0,156458.0,0.0,40332.0985,38754.0985,1578.0,0.0,829.0,47.0,782.0,0.0,104.82,18.0,资讯科技业,信息技术,0.18,爱芯元智,港股IPO打新中签结果.csv
0638.HK,92,0638.HK,广和通,2025-10-21,191156.0,184378.0,6778.0,0.0,134385.0,4615.0,129770.0,0.0,30046.7079,23268.7079,6778.0,0.0,194.0,34.0,160.0,0.0,550.99,0.31,工业,信息技术,0.0031,广和通,港股IPO打新中签结果.csv
0664.HK,12,0664.HK,铜师傅,2026-03-30,26280.0,26134.0,146.0,0.0,23318.0,3415.0,19903.0,0.0,3003.3542,2857.3542,146.0,0.0,630.0,80.0,550.0,0.0,59.55,2.78,非必需性消费,非日常生活消费品,0.0278,铜师傅,港股IPO打新中签结果.csv
0699.HK,82,0699.HK,均胜电子,2025-11-05,94653.0,92791.0,1862.0,0.0,57765.0,1855.0,55910.0,0.0,17405.9863,15543.9863,1862.0,0.0,117.0,29.0,88.0,0.0,147.67,16.0,非必需性消费,非日常生活消费品,0.16,均胜电子,港股IPO打新中签结果.csv
0800.HK,83,0800.HK,文远知行-W,2025-11-05,64949.0,64546.0,403.0,0.0,87177.0,6115.0,81062.0,0.0,19612.6033,19209.6033,403.0,0.0,4143.0,400.0,3743.0,0.0,73.44,6.64,资讯科技业,信息技术,0.0664,文远知行-W,港股IPO打新中签结果.csv
0805.HK,159,0805.HK,新吉奥房车,2025-01-10,2336.0,2333.0,3.0,0.0,3665.0,3665.0,0.0,0.0,2043.9852,2040.9852,3.0,0.0,5432.0,632.0,4800.0,0.0,2.52,80.04,非必需性消费,非日常生活消费品,0.8004000000000001,新吉奥房车,港股IPO打新中签结果.csv
0917.HK,217,0917.HK,趣致集团,2024-05-24,5765.0,5711.0,54.0,0.0,10715.0,4815.0,5900.0,0.0,4205.6085,4151.6085,54.0,0.0,655.0,121.0,534.0,0.0,12.05,60.02,非必需性消费,信息技术,0.6002000000000001,趣致集团,港股IPO打新中签结果.csv
0999.HK,171,0999.HK,小菜园,2024-12-19,2488.0,2483.0,5.0,0.0,8190.0,1565.0,6625.0,0.0,2488.0,2483.0,5.0,0.0,5965.0,559.0,5406.0,0.0,1.44,100.0,非必需性消费,非日常生活消费品,1.0,小菜园,港股IPO打新中签结果.csv
1021.HK,14,1021.HK,华沿机器人,2026-03-27,227070.0,201193.0,25877.0,0.0,47613.0,4015.0,43598.0,0.0,66210.3148,40333.3148,25877.0,0.0,41.0,28.0,13.0,0.0,5059.38,5.0,工业,信息技术,0.05,华沿机器人,港股IPO打新中签结果.csv
1187.HK,2,1187.HK,可孚医疗,2026-05-05,105939.0,104431.0,1508.0,0.0,73615.0,6115.0,67500.0,0.0,15083.0065,13575.0065,1508.0,0.0,152.0,32.0,120.0,0.0,399.08,5.0,医疗保健业,医疗保健,0.05,可孚医疗,港股IPO打新中签结果.csv
1236.HK,1,1236.HK,乐动机器人,2026-05-08,296740.0,259886.0,36854.0,0.0,51348.0,3015.0,48333.0,0.0,17226.3433,8099.7633,9126.58,0.0,39.0,27.0,12.0,0.0,6707.66,0.8,资讯科技业,工业,0.008,乐动机器人,港股IPO打新中签结果.csv
1276.HK,142,1276.HK,恒瑞医药,2025-05-23,203874.0,194421.0,9453.0,0.0,130886.0,3015.0,127871.0,0.0,92416.728,82963.728,9453.0,0.0,769.0,37.0,732.0,0.0,454.85,10.0,医疗保健业,医疗保健,0.1,恒瑞医药,港股IPO打新中签结果.csv
1304.HK,116,1304.HK,FORTIOR,2025-07-08,66796.0,65651.0,1145.0,0.0,34265.0,1615.0,32650.0,0.0,30868.3154,29723.3154,1145.0,0.0,1134.0,39.0,1095.0,0.0,138.26,20.0,资讯科技业,信息技术,0.2,FORTIOR,港股IPO打新中签结果.csv
1318.HK,173,1318.HK,毛戈平,2024-12-09,69601.0,61726.0,7875.0,0.0,89909.0,7615.0,82294.0,0.0,69601.0,61726.0,7875.0,0.0,365.0,118.0,247.0,0.0,919.18,100.0,医疗保健业,日常消费品,1.0,毛戈平,港股IPO打新中签结果.csv
1333.HK,148,1333.HK,博雷顿,2025-05-06,30638.0,30391.0,247.0,0.0,16565.0,7315.0,9250.0,0.0,4935.4883,4688.4883,247.0,0.0,179.0,57.0,122.0,0.0,198.72,2.0,工业,工业,0.02,博雷顿,港股IPO打新中签结果.csv
1334.HK,198,1334.HK,瑞昌国际控股,2024-07-09,5537.0,5531.0,6.0,0.0,14646.0,10646.0,4000.0,0.0,2317.1105,2311.1105,6.0,0.0,1292.0,153.0,1139.0,0.0,19.24,20.01,能源业,能源,0.20010000000000003,瑞昌国际控股,港股IPO打新中签结果.csv
1354.HK,203,1354.HK,经发物业,2024-07-02,7071.0,6991.0,80.0,0.0,26586.0,18530.0,8056.0,0.0,7071.0,6991.0,80.0,0.0,405.0,296.0,109.0,0.0,118.87,3.79,地产建筑业,房地产,0.0379,经发物业,港股IPO打新中签结果.csv
1364.HK,157,1364.HK,古茗,2025-02-11,29086.0,27448.0,1638.0,0.0,102441.0,5115.0,97326.0,0.0,29086.0,27448.0,1638.0,0.0,870.0,141.0,729.0,0.0,194.87,100.0,必需性消费,非日常生活消费品,1.0,古茗,港股IPO打新中签结果.csv
1384.HK,88,1384.HK,滴普科技,2025-10-27,236934.0,219961.0,16973.0,0.0,16344.0,6015.0,10329.0,0.0,25215.1007,13249.9007,11965.2,0.0,36.0,31.0,5.0,0.0,7569.83,3.0,资讯科技业,信息技术,0.03,滴普科技,港股IPO打新中签结果.csv
1471.HK,195,1471.HK,众淼控股,2024-08-05,4677.0,4677.0,0.0,0.0,7410.0,7410.0,0.0,0.0,4677.0,4677.0,0.0,0.0,1634.0,1634.0,0.0,0.0,16.07,50.0,金融业,金融,0.5,众淼控股,港股IPO打新中签结果.csv
1609.HK,3,1609.HK,天星医疗,2026-05-04,300735.0,264904.0,35831.0,0.0,47477.0,6055.0,41422.0,0.0,19151.3736,8859.6146,10291.759,0.0,43.0,32.0,11.0,0.0,7823.13,1.5,医疗保健业,医疗保健,0.015,天星医疗,港股IPO打新中签结果.csv
1641.HK,41,1641.HK,红星冷链,2026-01-12,103102.0,98005.0,5097.0,0.0,14581.0,3255.0,11326.0,0.0,4664.1228,2372.2572,2291.8656,0.0,38.0,31.0,7.0,0.0,2309.25,1.0,地产建筑业,工业,0.01,红星冷链,港股IPO打新中签结果.csv
1768.HK,39,1768.HK,鸣鸣很忙,2026-01-27,229245.0,202454.0,26791.0,0.0,54166.0,915.0,53251.0,0.0,14552.2822,7076.3885,7475.8937,0.0,40.0,24.0,16.0,0.0,1899.49,3.0,必需性消费,日常消费品,0.03,鸣鸣很忙,港股IPO打新中签结果.csv
1828.HK,121,1828.HK,富卫集团,2025-07-04,61689.0,61402.0,287.0,0.0,155786.0,6115.0,149671.0,0.0,38387.0198,38100.0198,287.0,0.0,19670.0,272.0,19398.0,0.0,37.13,20.0,金融业,金融,0.2,富卫集团,港股IPO打新中签结果.csv
1879.HK,5,1879.HK,曦智科技-P,2026-04-27,378085.0,335445.0,42640.0,0.0,102987.0,5995.0,96992.0,0.0,134273.7335,91633.7335,42640.0,0.0,53.0,28.0,25.0,0.0,5784.7,6.0,资讯科技业,信息技术,0.06,曦智科技-P,港股IPO打新中签结果.csv
1989.HK,23,1989.HK,广合科技,2026-03-19,202417.0,180250.0,22167.0,0.0,118115.0,2715.0,115400.0,0.0,39605.0147,23272.6947,16332.32,0.0,72.0,28.0,44.0,0.0,1070.72,5.0,工业,信息技术,0.05,广合科技,港股IPO打新中签结果.csv
2026.HK,84,2026.HK,小马智行-W,2025-11-05,37062.0,36619.0,443.0,0.0,79093.0,915.0,78178.0,0.0,21420.1976,20977.1976,443.0,0.0,924.0,24.0,900.0,0.0,15.88,55.0,资讯科技业,信息技术,0.55,小马智行-W,港股IPO打新中签结果.csv
2050.HK,132,2050.HK,三花智控,2025-06-20,334840.0,313491.0,21349.0,0.0,740110.0,6495.0,733615.0,0.0,215357.2546,194008.2546,21349.0,0.0,2014.0,77.0,1937.0,0.0,747.92,15.0,工业,非日常生活消费品,0.15,三花智控,港股IPO打新中签结果.csv
2097.HK,156,2097.HK,蜜雪集团,2025-02-28,264992.0,226091.0,38901.0,0.0,39095.0,1065.0,38030.0,0.0,70232.4588,42670.3088,27562.15,0.0,42.0,25.0,17.0,0.0,5258.21,8.0,必需性消费,非日常生活消费品,0.08,蜜雪集团,港股IPO打新中签结果.csv
2228.HK,211,2228.HK,晶泰控股,2024-06-12,19602.0,19303.0,299.0,0.0,27299.0,4215.0,23084.0,0.0,10448.2391,10149.2391,299.0,0.0,1084.0,88.0,996.0,0.0,103.35,20.0,医疗保健业,工业,0.2,晶泰控股,港股IPO打新中签结果.csv
2259.HK,100,2259.HK,紫金黄金国际,2025-09-29,350775.0,326642.0,24133.0,0.0,834610.0,2715.0,831895.0,0.0,198426.0875,174293.0875,24133.0,0.0,1200.0,28.0,1172.0,0.0,240.74,50.0,原材料业,原材料,0.5,紫金黄金国际,港股IPO打新中签结果.csv
2396.HK,61,2396.HK,华芢生物-B,2025-12-19,146647.0,141939.0,4708.0,0.0,26927.0,2515.0,24412.0,0.0,7931.2224,4408.9224,3522.3,0.0,40.0,26.0,14.0,0.0,791.95,2.5,医疗保健业,医疗保健,0.025,华芢生物-B,港股IPO打新中签结果.csv
2408.HK,73,2408.HK,遇见小面,2025-12-04,61057.0,59309.0,1748.0,0.0,39991.0,6855.0,33136.0,0.0,9591.874,7843.874,1748.0,0.0,89.0,37.0,52.0,0.0,425.97,2.0,非必需性消费,非日常生活消费品,0.02,遇见小面,港股IPO打新中签结果.csv
2410.HK,193,2410.HK,同源康医药-B,2024-08-19,974.0,970.0,4.0,0.0,13015.0,3015.0,10000.0,0.0,648.9756,644.9756,4.0,0.0,5958.0,1170.0,4788.0,0.0,2.29,47.88,医疗保健业,医疗保健,0.4788,同源康医药-B,港股IPO打新中签结果.csv
2431.HK,169,2431.HK,佑驾创新,2024-12-24,11407.0,11382.0,25.0,0.0,20015.0,4015.0,16000.0,0.0,7898.8897,7873.8897,25.0,0.0,2786.0,51.0,2735.0,0.0,14.04,50.01,资讯科技业,非日常生活消费品,0.5001,佑驾创新,港股IPO打新中签结果.csv
2432.HK,170,2432.HK,越疆,2024-12-20,4243.0,4232.0,11.0,0.0,20665.0,5665.0,15000.0,0.0,2673.9687,2662.9687,11.0,0.0,2342.0,439.0,1903.0,0.0,9.25,50.0,资讯科技业,信息技术,0.5,越疆,港股IPO打新中签结果.csv
2438.HK,221,2438.HK,出门问问,2024-04-23,15352.0,15140.0,212.0,0.0,19343.0,6115.0,13228.0,0.0,10303.465,10091.465,212.0,0.0,816.0,113.0,703.0,0.0,117.39,25.01,资讯科技业,信息技术,0.2501,出门问问,港股IPO打新中签结果.csv
2443.HK,215,2443.HK,汽车街,2024-05-30,19474.0,18876.0,598.0,0.0,19765.0,10515.0,9250.0,0.0,6621.8249,6023.8249,598.0,0.0,81.0,42.0,39.0,0.0,433.34,5.01,非必需性消费,非日常生活消费品,0.0501,汽车街,港股IPO打新中签结果.csv
2453.HK,232,2453.HK,美中嘉和,2024-01-08,1638.0,1635.0,3.0,0.0,16420.0,4565.0,11855.0,0.0,1638.0,1635.0,3.0,0.0,7850.0,1923.0,5927.0,0.0,1.99,100.0,医疗保健业,医疗保健,1.0,美中嘉和,港股IPO打新中签结果.csv
2460.HK,186,2460.HK,华润饮料,2024-10-22,61885.0,56146.0,5739.0,0.0,605667.0,5515.0,600152.0,0.0,51046.9534,45307.9534,5739.0,0.0,4111.0,213.0,3898.0,0.0,234.49,30.0,必需性消费,日常消费品,0.3,华润饮料,港股IPO打新中签结果.csv
2465.HK,184,2465.HK,龙蟠科技,2024-10-29,6292.0,6282.0,10.0,0.0,13455.0,5855.0,7600.0,0.0,5377.9098,5367.9098,10.0,0.0,3722.0,330.0,3392.0,0.0,3.99,70.02,工业,信息技术,0.7001999999999999,龙蟠科技,港股IPO打新中签结果.csv
2476.HK,8,2476.HK,胜宏科技,2026-04-20,250606.0,219446.0,31160.0,0.0,102622.0,915.0,101707.0,0.0,57310.4833,34917.2333,22393.25,0.0,168.0,24.0,144.0,0.0,431.15,0.71,工业,信息技术,0.0070999999999999995,胜宏科技,港股IPO打新中签结果.csv
2477.HK,231,2477.HK,经纬天地,2024-01-11,3480.0,3479.0,1.0,0.0,8427.0,6865.0,1562.0,0.0,1447.0441,1446.0441,1.0,0.0,656.0,447.0,209.0,0.0,28.64,20.04,电讯业,通讯业务,0.2004,经纬天地,港股IPO打新中签结果.csv
2479.HK,206,2479.HK,天聚地合,2024-06-27,36119.0,34064.0,2055.0,0.0,24073.0,5455.0,18618.0,0.0,9427.3006,7372.3006,2055.0,0.0,71.0,36.0,35.0,0.0,602.87,1.28,资讯科技业,信息技术,0.0128,天聚地合,港股IPO打新中签结果.csv
2493.HK,6,2493.HK,迈威生物-B,2026-04-27,126378.0,122556.0,3822.0,0.0,51798.0,3015.0,48783.0,0.0,14796.6271,10974.6271,3822.0,0.0,82.0,27.0,55.0,0.0,481.71,1.0,医疗保健业,医疗保健,0.01,迈威生物-B,港股IPO打新中签结果.csv
2495.HK,199,2495.HK,声通科技,2024-07-09,2734.0,2723.0,11.0,0.0,21929.0,5515.0,16414.0,0.0,1692.9298,1681.9298,11.0,0.0,5996.0,1663.0,4333.0,0.0,3.51,34.86,资讯科技业,信息技术,0.3486,声通科技,港股IPO打新中签结果.csv
2497.HK,224,2497.HK,富景中国控股,2024-03-27,12820.0,12483.0,337.0,0.0,16015.0,9265.0,6750.0,0.0,3833.1274,3496.1274,337.0,0.0,65.0,33.0,32.0,0.0,294.13,10.02,必需性消费,日常消费品,0.1002,富景中国控股,港股IPO打新中签结果.csv
2498.HK,235,2498.HK,速腾聚创,2024-01-04,1786.0,1773.0,13.0,0.0,3115.0,715.0,2400.0,0.0,1786.0,1773.0,13.0,0.0,3115.0,715.0,2400.0,0.0,0.58,100.0,资讯科技业,信息技术,1.0,速腾聚创,港股IPO打新中签结果.csv
2503.HK,233,2503.HK,中深建业,2024-01-08,5112.0,5101.0,11.0,0.0,12599.0,8115.0,4484.0,0.0,5112.0,5101.0,11.0,0.0,1859.0,52.0,1807.0,0.0,58.44,100.0,地产建筑业,工业,1.0,中深建业,港股IPO打新中签结果.csv
2505.HK,216,2505.HK,EDA集团控股,2024-05-27,9929.0,9722.0,207.0,0.0,19996.0,6115.0,13881.0,0.0,4127.757,3920.757,207.0,0.0,267.0,70.0,197.0,0.0,103.44,10.01,工业,工业,0.1001,EDA集团控股,港股IPO打新中签结果.csv
2506.HK,166,2506.HK,讯飞医疗科技,2024-12-27,3136.0,3128.0,8.0,0.0,22180.0,4344.0,17836.0,0.0,3136.0,3128.0,8.0,0.0,6351.0,553.0,5798.0,0.0,3.66,80.05,医疗保健业,医疗保健,0.8005,讯飞医疗科技,港股IPO打新中签结果.csv
2507.HK,197,2507.HK,西锐,2024-07-11,4795.0,4789.0,6.0,0.0,24169.0,6169.0,18000.0,0.0,4795.0,4789.0,6.0,0.0,20646.0,2646.0,18000.0,0.0,1.56,100.0,工业,工业,1.0,西锐,港股IPO打新中签结果.csv
2508.HK,128,2508.HK,圣贝拉集团,2025-06-25,52464.0,51796.0,668.0,0.0,31797.0,6855.0,24942.0,0.0,14587.7689,13919.7689,668.0,0.0,850.0,170.0,680.0,0.0,193.0,2.54,非必需性消费,医疗保健,0.0254,圣贝拉集团,港股IPO打新中签结果.csv
2509.HK,228,2509.HK,荃信生物-B,2024-03-19,14525.0,14312.0,213.0,0.0,16327.0,7315.0,9012.0,0.0,4237.5284,4024.5284,213.0,0.0,166.0,53.0,113.0,0.0,163.15,5.0,医疗保健业,医疗保健,0.05,荃信生物-B,港股IPO打新中签结果.csv
2510.HK,182,2510.HK,德翔海运,2024-10-31,6861.0,6846.0,15.0,0.0,34315.0,7315.0,27000.0,0.0,3023.6178,3008.6178,15.0,0.0,5586.0,375.0,5211.0,0.0,12.09,5.87,工业,工业,0.0587,德翔海运,港股IPO打新中签结果.csv
2512.HK,210,2512.HK,云工场,2024-06-13,8846.0,8810.0,36.0,0.0,18817.0,10067.0,8750.0,0.0,8846.0,8810.0,36.0,0.0,2958.0,183.0,2775.0,0.0,25.79,100.0,资讯科技业,信息技术,1.0,云工场,港股IPO打新中签结果.csv
2513.HK,48,2513.HK,智谱,2026-01-07,204871.0,190045.0,14826.0,0.0,50470.0,1615.0,48855.0,0.0,50940.0983,36114.0983,14826.0,0.0,108.0,26.0,82.0,0.0,1159.46,5.0,资讯科技业,信息技术,0.05,智谱,港股IPO打新中签结果.csv
2515.HK,222,2515.HK,天津建发,2024-04-22,16354.0,15702.0,652.0,0.0,10964.0,5415.0,5549.0,0.0,6010.8351,5358.8351,652.0,0.0,103.0,48.0,55.0,0.0,433.06,10.01,地产建筑业,工业,0.1001,天津建发,港股IPO打新中签结果.csv
2519.HK,180,2519.HK,傲基股份,2024-11-07,5570.0,5546.0,24.0,0.0,17997.0,4015.0,13982.0,0.0,4896.0496,4872.0496,24.0,0.0,4348.0,294.0,4054.0,0.0,17.74,70.02,非必需性消费,非日常生活消费品,0.7001999999999999,傲基股份,港股IPO打新中签结果.csv
2522.HK,212,2522.HK,一脉阳光,2024-06-06,17855.0,17155.0,700.0,0.0,12637.0,2655.0,9982.0,0.0,5416.1524,4716.1524,700.0,0.0,181.0,47.0,134.0,0.0,336.33,3.01,医疗保健业,医疗保健,0.0301,一脉阳光,港股IPO打新中签结果.csv
2525.HK,107,2525.HK,禾赛-W,2025-09-15,93392.0,91221.0,2171.0,0.0,207515.0,4015.0,203500.0,0.0,47249.0656,45078.0656,2171.0,0.0,1030.0,28.0,1002.0,0.0,168.65,30.0,资讯科技业,信息技术,0.3,禾赛-W,港股IPO打新中签结果.csv
2526.HK,15,2526.HK,德适-B,2026-03-27,115017.0,108097.0,6920.0,0.0,38254.0,3255.0,34999.0,0.0,14123.3857,7926.1057,6197.28,0.0,48.0,31.0,17.0,0.0,1073.37,3.0,医疗保健业,医疗保健,0.03,德适-B,港股IPO打新中签结果.csv
2529.HK,219,2529.HK,泓盈城市服务,2024-05-16,5727.0,5714.0,13.0,0.0,12660.0,7660.0,5000.0,0.0,4745.0631,4732.0631,13.0,0.0,1488.0,74.0,1414.0,0.0,47.59,80.03,地产建筑业,房地产,0.8003,泓盈城市服务,港股IPO打新中签结果.csv
2530.HK,162,2530.HK,纽曼思,2025-01-09,9340.0,9277.0,63.0,0.0,11427.0,2115.0,9312.0,0.0,5958.051,5895.051,63.0,0.0,1045.0,29.0,1016.0,0.0,65.17,50.01,医疗保健业,非日常生活消费品,0.5001,纽曼思,港股IPO打新中签结果.csv
2531.HK,196,2531.HK,广联科技控股,2024-07-12,2613.0,2611.0,2.0,0.0,6215.0,4215.0,2000.0,0.0,2613.0,2611.0,2.0,0.0,2895.0,895.0,2000.0,0.0,2.49,100.0,资讯科技业,信息技术,1.0,广联科技控股,港股IPO打新中签结果.csv
2533.HK,194,2533.HK,黑芝麻智能,2024-08-07,3296.0,3295.0,1.0,0.0,8115.0,6115.0,2000.0,0.0,3296.0,3295.0,1.0,0.0,3419.0,1419.0,2000.0,0.0,2.52,100.0,资讯科技业,信息技术,1.0,黑芝麻智能,港股IPO打新中签结果.csv
2535.HK,229,2535.HK,泓基集团,2024-03-07,6323.0,6248.0,75.0,0.0,16915.0,10165.0,6750.0,0.0,1807.2592,1732.2592,75.0,0.0,476.0,265.0,211.0,0.0,70.48,2.57,地产建筑业,工业,0.025699999999999997,泓基集团,港股IPO打新中签结果.csv
2536.HK,226,2536.HK,百乐皇宫,2024-03-25,7141.0,7097.0,44.0,0.0,27358.0,5215.0,22143.0,0.0,7141.0,7097.0,44.0,0.0,4195.0,405.0,3790.0,0.0,15.96,100.0,非必需性消费,非日常生活消费品,1.0,百乐皇宫,港股IPO打新中签结果.csv
2539.HK,75,2539.HK,乐摩科技,2025-12-02,173139.0,159958.0,13181.0,0.0,21493.0,7315.0,14178.0,0.0,5780.1745,2980.8191,2799.3554,0.0,40.0,33.0,7.0,0.0,7324.29,0.8,非必需性消费,非日常生活消费品,0.008,乐摩科技,港股IPO打新中签结果.csv
2540.HK,230,2540.HK,乐思集团,2024-03-07,5113.0,5104.0,9.0,0.0,11846.0,6646.0,5200.0,0.0,5113.0,5104.0,9.0,0.0,3041.0,179.0,2862.0,0.0,22.35,100.0,非必需性消费,通讯业务,1.0,乐思集团,港股IPO打新中签结果.csv
2543.HK,108,2543.HK,大行科工,2025-09-08,223909.0,206523.0,17386.0,0.0,27975.0,7015.0,20960.0,0.0,7903.6932,3834.8832,4068.81,0.0,41.0,32.0,9.0,0.0,7558.4,0.02,非必需性消费,非日常生活消费品,0.0002,大行科工,港股IPO打新中签结果.csv
2545.HK,204,2545.HK,中赣通信,2024-07-02,14245.0,14115.0,130.0,0.0,33565.0,15265.0,18300.0,0.0,12664.8269,12534.8269,130.0,0.0,1053.0,57.0,996.0,0.0,195.99,70.01,电讯业,通讯业务,0.7001000000000001,中赣通信,港股IPO打新中签结果.csv
2546.HK,65,2546.HK,智汇矿业,2025-12-18,177542.0,160873.0,16669.0,0.0,33713.0,6115.0,27598.0,0.0,12569.436,6338.5442,6230.8918,0.0,40.0,32.0,8.0,0.0,5248.15,1.0,原材料业,原材料,0.01,智汇矿业,港股IPO打新中签结果.csv
2549.HK,190,2549.HK,卡罗特,2024-09-30,56802.0,50883.0,5919.0,0.0,53241.0,8455.0,44786.0,0.0,34849.1495,28930.1495,5919.0,0.0,160.0,65.0,95.0,0.0,1347.27,15.0,非必需性消费,非日常生活消费品,0.15,卡罗特,港股IPO打新中签结果.csv
2550.HK,213,2550.HK,宜搜科技,2024-06-06,9239.0,9189.0,50.0,0.0,11335.0,8455.0,2880.0,0.0,1828.2263,1778.2263,50.0,0.0,123.0,46.0,77.0,0.0,114.59,10.02,非必需性消费,信息技术,0.1002,宜搜科技,港股IPO打新中签结果.csv
2551.HK,181,2551.HK,晶科电子股份,2024-11-07,61975.0,54157.0,7818.0,0.0,15495.0,10915.0,4580.0,0.0,15229.3162,7424.3162,7805.0,0.0,42.0,39.0,3.0,0.0,5677.83,0.24,工业,信息技术,0.0024,晶科电子股份,港股IPO打新中签结果.csv
2555.HK,223,2555.HK,茶百道,2024-04-22,4593.0,4589.0,4.0,0.0,9315.0,2815.0,6500.0,0.0,4593.0,4589.0,4.0,0.0,9315.0,2815.0,6500.0,0.0,0.5,100.0,必需性消费,非日常生活消费品,1.0,茶百道,港股IPO打新中签结果.csv
2556.HK,220,2556.HK,迈富时,2024-05-14,2576.0,2565.0,11.0,0.0,5855.0,4655.0,1200.0,0.0,1797.0872,1786.0872,11.0,0.0,511.0,241.0,270.0,0.0,5.95,55.04,资讯科技业,信息技术,0.5504,迈富时,港股IPO打新中签结果.csv
2559.HK,207,2559.HK,嘀嗒出行,2024-06-27,19815.0,19628.0,187.0,0.0,24964.0,6855.0,18109.0,0.0,7924.278,7737.278,187.0,0.0,1163.0,199.0,964.0,0.0,112.9,10.0,非必需性消费,信息技术,0.1,嘀嗒出行,港股IPO打新中签结果.csv
2560.HK,163,2560.HK,海螺材料科技,2025-01-08,11856.0,11839.0,17.0,0.0,18364.0,6115.0,12249.0,0.0,9681.8,9664.8,17.0,0.0,5809.0,207.0,5602.0,0.0,25.83,70.0,原材料业,原材料,0.7,海螺材料科技,港股IPO打新中签结果.csv
2561.HK,154,2561.HK,维昇药业-B,2025-03-20,22345.0,22138.0,207.0,0.0,32065.0,2715.0,29350.0,0.0,7497.9614,7290.9614,207.0,0.0,2109.0,165.0,1944.0,0.0,72.64,6.27,医疗保健业,医疗保健,0.06269999999999999,维昇药业-B,港股IPO打新中签结果.csv
2563.HK,183,2563.HK,华昊中天医药-B,2024-10-30,7175.0,7149.0,26.0,0.0,17015.0,4765.0,12250.0,0.0,1970.6857,1944.6857,26.0,0.0,1457.0,177.0,1280.0,0.0,21.45,4.45,医疗保健业,医疗保健,0.044500000000000005,华昊中天医药-B,港股IPO打新中签结果.csv
2565.HK,140,2565.HK,派格生物医药-B,2025-05-26,49627.0,48276.0,1351.0,0.0,18383.0,3255.0,15128.0,0.0,10415.9861,9064.9861,1351.0,0.0,124.0,33.0,91.0,0.0,743.78,8.0,医疗保健业,医疗保健,0.08,派格生物医药-B,港股IPO打新中签结果.csv
2566.HK,177,2566.HK,九源基因,2024-11-27,30759.0,28214.0,2545.0,0.0,64865.0,9265.0,55600.0,0.0,21275.3921,18730.3921,2545.0,0.0,396.0,89.0,307.0,0.0,675.83,20.01,医疗保健业,医疗保健,0.20010000000000003,九源基因,港股IPO打新中签结果.csv
2567.HK,187,2567.HK,七牛智能,2024-10-15,15747.0,15719.0,28.0,0.0,34102.0,6115.0,27987.0,0.0,14402.0,14374.0,28.0,0.0,7449.0,143.0,7306.0,0.0,19.87,80.0,资讯科技业,信息技术,0.8,七牛智能,港股IPO打新中签结果.csv
2569.HK,152,2569.HK,舒宝国际,2025-03-26,19843.0,19731.0,112.0,0.0,16955.0,8455.0,8500.0,0.0,10958.4528,10846.4528,112.0,0.0,486.0,48.0,438.0,0.0,167.09,30.01,必需性消费,非日常生活消费品,0.30010000000000003,舒宝国际,港股IPO打新中签结果.csv
2570.HK,174,2570.HK,重塑能源,2024-12-05,2411.0,2408.0,3.0,0.0,12065.0,3565.0,8500.0,0.0,1875.0121,1872.0121,3.0,0.0,10388.0,1888.0,8500.0,0.0,1.55,56.81,工业,信息技术,0.5681,重塑能源,港股IPO打新中签结果.csv
2571.HK,158,2571.HK,赛目科技,2025-01-14,4565.0,4561.0,4.0,0.0,9265.0,6015.0,3250.0,0.0,4565.0,4561.0,4.0,0.0,3789.0,539.0,3250.0,0.0,2.66,100.0,资讯科技业,信息技术,1.0,赛目科技,港股IPO打新中签结果.csv
2573.HK,136,2573.HK,新琪安,2025-06-09,21482.0,21319.0,163.0,0.0,21676.0,14030.0,7646.0,0.0,21482.0,21319.0,163.0,0.0,151.0,44.0,107.0,0.0,149.37,10.0,必需性消费,日常消费品,0.1,新琪安,港股IPO打新中签结果.csv
2575.HK,96,2575.HK,轩竹生物-B,2025-10-14,376021.0,356505.0,19516.0,0.0,25988.0,3255.0,22733.0,0.0,15197.5142,7234.8614,7962.6528,0.0,40.0,31.0,9.0,0.0,4908.33,1.0,医疗保健业,医疗保健,0.01,轩竹生物-B,港股IPO打新中签结果.csv
2576.HK,189,2576.HK,太美医疗科技,2024-10-07,25455.0,25269.0,186.0,0.0,41619.0,9265.0,32354.0,0.0,7800.2975,7614.2975,186.0,0.0,2501.0,233.0,2268.0,0.0,156.33,2.69,资讯科技业,信息技术,0.0269,太美医疗科技,港股IPO打新中签结果.csv
2577.HK,167,2577.HK,英诺赛科,2024-12-27,6105.0,6095.0,10.0,0.0,23115.0,6115.0,17000.0,0.0,5531.8867,5521.8867,10.0,0.0,13354.0,918.0,12436.0,0.0,2.87,80.01,资讯科技业,信息技术,0.8001,英诺赛科,港股IPO打新中签结果.csv
2579.HK,80,2579.HK,中伟新材,2025-11-16,40241.0,39925.0,316.0,0.0,81071.0,3015.0,78056.0,0.0,13791.2832,13475.2832,316.0,0.0,2871.0,80.0,2791.0,0.0,27.9,10.0,原材料业,原材料,0.1,中伟新材,港股IPO打新中签结果.csv
2580.HK,109,2580.HK,奥克斯电气,2025-09-01,153533.0,147381.0,6152.0,0.0,100910.0,4015.0,96895.0,0.0,77933.8104,71781.8104,6152.0,0.0,1036.0,85.0,951.0,0.0,557.2,10.0,非必需性消费,非日常生活消费品,0.1,奥克斯电气,港股IPO打新中签结果.csv
2581.HK,62,2581.HK,明基医院,2025-12-19,9291.0,9275.0,16.0,0.0,23155.0,3255.0,19900.0,0.0,5353.2334,5337.2334,16.0,0.0,4434.0,127.0,4307.0,0.0,6.28,50.01,医疗保健业,医疗保健,0.5001,明基医院,港股IPO打新中签结果.csv
2582.HK,179,2582.HK,国富氢能,2024-11-14,5904.0,5868.0,36.0,0.0,13815.0,3915.0,9900.0,0.0,2428.8435,2392.8435,36.0,0.0,981.0,84.0,897.0,0.0,21.07,15.03,工业,工业,0.1503,国富氢能,港股IPO打新中签结果.csv
2583.HK,101,2583.HK,西普尼,2025-09-29,160901.0,156291.0,4610.0,0.0,20415.0,6115.0,14300.0,0.0,9547.7769,5380.3769,4167.4,0.0,36.0,32.0,4.0,0.0,2505.9,1.0,非必需性消费,非日常生活消费品,0.01,西普尼,港股IPO打新中签结果.csv
2585.HK,176,2585.HK,梦金园,2024-11-28,8591.0,8553.0,38.0,0.0,57254.0,5515.0,51739.0,0.0,3718.0331,3680.0331,38.0,0.0,8266.0,390.0,7876.0,0.0,20.58,7.66,非必需性消费,非日常生活消费品,0.0766,梦金园,港股IPO打新中签结果.csv
2586.HK,175,2586.HK,多点数智,2024-12-05,2988.0,2984.0,4.0,0.0,12209.0,6209.0,6000.0,0.0,2988.0,2984.0,4.0,0.0,7502.0,1502.0,6000.0,0.0,1.94,100.0,资讯科技业,通讯业务,1.0,多点数智,港股IPO打新中签结果.csv
2587.HK,168,2587.HK,健康之路,2024-12-27,4889.0,4869.0,20.0,0.0,17555.0,6655.0,10900.0,0.0,3224.6702,3204.6702,20.0,0.0,1253.0,40.0,1213.0,0.0,34.42,50.0,医疗保健业,信息技术,0.5,健康之路,港股IPO打新中签结果.csv
2589.HK,146,2589.HK,沪上阿姨,2025-05-07,127637.0,119494.0,8143.0,0.0,23834.0,7315.0,16519.0,0.0,28173.4085,20030.4085,8143.0,0.0,51.0,36.0,15.0,0.0,3616.83,10.0,必需性消费,日常消费品,0.1,沪上阿姨,港股IPO打新中签结果.csv
2590.HK,117,2590.HK,极智嘉-W,2025-07-08,94292.0,92816.0,1476.0,0.0,185103.0,4015.0,181088.0,0.0,39484.6039,38008.6039,1476.0,0.0,6235.0,171.0,6064.0,0.0,133.62,4.26,资讯科技业,工业,0.0426,极智嘉-W,港股IPO打新中签结果.csv
2591.HK,113,2591.HK,银诺医药-B,2025-08-14,256072.0,233412.0,22660.0,0.0,60154.0,4015.0,56139.0,0.0,18297.0722,8894.0984,9402.9738,0.0,40.0,28.0,12.0,0.0,5341.66,0.5,医疗保健业,医疗保健,0.005,银诺医药-B,港股IPO打新中签结果.csv
2592.HK,123,2592.HK,拨康视云-B,2025-07-02,29007.0,28794.0,213.0,0.0,22313.0,3255.0,19058.0,0.0,7403.372,7190.372,213.0,0.0,741.0,59.0,682.0,0.0,78.78,5.0,医疗保健业,医疗保健,0.05,拨康视云-B,港股IPO打新中签结果.csv
2593.HK,172,2593.HK,草姬集团,2024-12-18,55863.0,48647.0,7216.0,0.0,18323.0,10990.0,7333.0,0.0,17045.2892,9829.2892,7216.0,0.0,40.0,36.0,4.0,0.0,6083.63,3.0,医疗保健业,医疗保健,0.03,草姬集团,港股IPO打新中签结果.csv
2595.HK,105,2595.HK,劲方医药-B,2025-09-18,257876.0,235959.0,21917.0,0.0,100415.0,4765.0,95650.0,0.0,30830.1904,18867.2904,11962.9,0.0,53.0,29.0,24.0,0.0,2662.79,0.08,医疗保健业,医疗保健,0.0008,劲方医药-B,港股IPO打新中签结果.csv
2596.HK,160,2596.HK,宜宾银行,2025-01-10,2352.0,2352.0,0.0,0.0,2615.0,2615.0,0.0,0.0,2352.0,2352.0,0.0,0.0,2615.0,2615.0,0.0,0.0,0.21,100.0,金融业,金融,1.0,宜宾银行,港股IPO打新中签结果.csv
2597.HK,118,2597.HK,讯众通信,2025-07-08,9119.0,9104.0,15.0,0.0,10155.0,3255.0,6900.0,0.0,2912.4009,2897.4009,15.0,0.0,1382.0,41.0,1341.0,0.0,12.79,20.01,电讯业,信息技术,0.20010000000000003,讯众通信,港股IPO打新中签结果.csv
2598.HK,225,2598.HK,连连数字,2024-03-27,10112.0,10081.0,31.0,0.0,19651.0,5459.0,14192.0,0.0,10112.0,10081.0,31.0,0.0,7094.0,304.0,6790.0,0.0,16.94,100.0,金融业,金融,1.0,连连数字,港股IPO打新中签结果.csv
2603.HK,141,2603.HK,吉宏股份,2025-05-26,18521.0,18304.0,217.0,0.0,37046.0,3255.0,33791.0,0.0,11937.0362,11720.0362,217.0,0.0,2131.0,121.0,2010.0,0.0,49.39,50.0,非必需性消费,非日常生活消费品,0.5,吉宏股份,港股IPO打新中签结果.csv
2605.HK,137,2605.HK,元光科技,2025-06-09,32176.0,31844.0,332.0,0.0,23972.0,8115.0,15857.0,0.0,15745.2986,15413.2986,332.0,0.0,372.0,34.0,338.0,0.0,274.44,45.0,非必需性消费,通讯业务,0.45,元光科技,港股IPO打新中签结果.csv
2609.HK,133,2609.HK,佰泽医疗,2025-06-20,24054.0,23950.0,104.0,0.0,38707.0,3865.0,34842.0,0.0,9659.125,9555.125,104.0,0.0,1739.0,78.0,1661.0,0.0,25.92,20.0,医疗保健业,医疗保健,0.2,佰泽医疗,港股IPO打新中签结果.csv
2610.HK,153,2610.HK,南山铝业国际,2025-03-24,12791.0,12760.0,31.0,0.0,43115.0,6115.0,37000.0,0.0,12791.0,12760.0,31.0,0.0,13347.0,601.0,12746.0,0.0,3.89,100.0,原材料业,原材料,1.0,南山铝业国际,港股IPO打新中签结果.csv
2613.HK,164,2613.HK,汇舸环保,2025-01-08,12389.0,12351.0,38.0,0.0,20115.0,6115.0,14000.0,0.0,7754.7891,7716.7891,38.0,0.0,1409.0,45.0,1364.0,0.0,55.33,40.01,工业,工业,0.40009999999999996,汇舸环保,港股IPO打新中签结果.csv
2617.HK,134,2617.HK,药捷安康-B,2025-06-20,135427.0,130077.0,5350.0,0.0,21566.0,7910.0,13656.0,0.0,135427.0,130077.0,5350.0,0.0,39.0,33.0,6.0,0.0,3419.87,0.8,医疗保健业,医疗保健,0.008,药捷安康-B,港股IPO打新中签结果.csv
2619.HK,130,2619.HK,香江电器,2025-06-24,48554.0,46894.0,1660.0,0.0,18526.0,6115.0,12411.0,0.0,16589.9244,14929.9244,1660.0,0.0,94.0,35.0,59.0,0.0,852.38,10.0,非必需性消费,非日常生活消费品,0.1,香江电器,港股IPO打新中签结果.csv
2621.HK,139,2621.HK,手回集团,2025-05-29,53647.0,52375.0,1272.0,0.0,20910.0,6615.0,14295.0,0.0,14160.549,12888.549,1272.0,0.0,109.0,34.0,75.0,0.0,990.0,5.0,金融业,金融,0.05,手回集团,港股IPO打新中签结果.csv
2625.HK,151,2625.HK,江苏宏信,2025-03-28,9084.0,9077.0,7.0,0.0,14065.0,10065.0,4000.0,0.0,2490.9458,2483.9458,7.0,0.0,1463.0,122.0,1341.0,0.0,46.96,3.91,必需性消费,日常消费品,0.0391,江苏宏信,港股IPO打新中签结果.csv
2627.HK,114,2627.HK,中慧生物-B,2025-08-08,191879.0,180161.0,11718.0,0.0,51376.0,5515.0,45861.0,0.0,19045.2058,10118.3558,8926.85,0.0,39.0,29.0,10.0,0.0,4007.64,1.0,医疗保健业,医疗保健,0.01,中慧生物-B,港股IPO打新中签结果.csv
2629.HK,143,2629.HK,MIRXES-B,2025-05-22,21541.0,21436.0,105.0,0.0,110305.0,6495.0,103810.0,0.0,21021.624,20916.624,105.0,0.0,6074.0,90.0,5984.0,0.0,25.51,95.0,医疗保健业,医疗保健,0.95,MIRXES-B,港股IPO打新中签结果.csv
2630.HK,85,2630.HK,旺山旺水-B,2025-11-05,265188.0,244283.0,20905.0,0.0,33764.0,4915.0,28849.0,0.0,10298.6009,4780.2007,5518.4002,0.0,46.0,33.0,13.0,0.0,6238.42,1.68,医疗保健业,医疗保健,0.0168,旺山旺水-B,港股IPO打新中签结果.csv
2631.HK,112,2631.HK,天岳先进,2025-08-19,215519.0,204270.0,11249.0,0.0,56051.0,6115.0,49936.0,0.0,90772.7603,79523.7603,11249.0,0.0,114.0,31.0,83.0,0.0,2809.19,30.0,资讯科技业,信息技术,0.3,天岳先进,港股IPO打新中签结果.csv
2632.HK,19,2632.HK,泽景股份,2026-03-23,31183.0,31027.0,156.0,0.0,82481.0,12255.0,70226.0,0.0,14839.6268,14683.6268,156.0,0.0,1261.0,46.0,1215.0,0.0,68.89,30.0,非必需性消费,信息技术,0.3,泽景股份,港股IPO打新中签结果.csv
2635.HK,58,2635.HK,诺比侃,2025-12-22,33051.0,32605.0,446.0,0.0,24442.0,3255.0,21187.0,0.0,3849.4256,3403.4256,446.0,0.0,135.0,32.0,103.0,0.0,188.74,3.0,资讯科技业,信息技术,0.03,诺比侃,港股IPO打新中签结果.csv
2637.HK,94,2637.HK,海西新药,2025-10-17,316139.0,298721.0,17418.0,0.0,51755.0,4255.0,47500.0,0.0,22058.5884,11409.2284,10649.36,0.0,42.0,32.0,10.0,0.0,3165.1,1.0,医疗保健业,医疗保健,0.01,海西新药,港股IPO打新中签结果.csv
2643.HK,131,2643.HK,曹操出行,2025-06-24,25263.0,25174.0,89.0,0.0,37615.0,6115.0,31500.0,0.0,19398.8065,19309.8065,89.0,0.0,8642.0,385.0,8257.0,0.0,21.14,50.0,非必需性消费,信息技术,0.5,曹操出行,港股IPO打新中签结果.csv
2648.HK,122,2648.HK,安井食品,2025-07-03,32830.0,32333.0,497.0,0.0,107612.0,3415.0,104197.0,0.0,27728.092,27231.092,497.0,0.0,6301.0,186.0,6115.0,0.0,44.2,70.0,必需性消费,日常消费品,0.7,安井食品,港股IPO打新中签结果.csv
2649.HK,25,2649.HK,优乐赛共享,2026-03-06,162571.0,150874.0,11697.0,0.0,14689.0,3955.0,10734.0,0.0,3769.7822,2153.1572,1616.625,0.0,41.0,33.0,8.0,0.0,5297.23,0.04,工业,非日常生活消费品,0.0004,优乐赛共享,港股IPO打新中签结果.csv
2650.HK,97,2650.HK,挚达科技,2025-10-09,201807.0,184313.0,17494.0,0.0,27634.0,6655.0,20979.0,0.0,11489.059,6643.926,4845.133,0.0,44.0,36.0,8.0,0.0,5440.8,0.04,工业,非日常生活消费品,0.0004,挚达科技,港股IPO打新中签结果.csv
2651.HK,119,2651.HK,大众口腔,2025-07-08,35263.0,35180.0,83.0,0.0,37546.0,9615.0,27931.0,0.0,8701.6881,8618.6881,83.0,0.0,1062.0,45.0,1017.0,0.0,108.25,10.0,医疗保健业,医疗保健,0.1,大众口腔,港股IPO打新中签结果.csv
2652.HK,99,2652.HK,长风药业,2025-10-06,264209.0,242915.0,21294.0,0.0,19375.0,2455.0,16920.0,0.0,8292.4024,4318.6944,3973.708,0.0,39.0,30.0,9.0,0.0,6697.8,1.0,医疗保健业,医疗保健,0.01,长风药业,港股IPO打新中签结果.csv
2655.HK,68,2655.HK,果下科技,2025-12-15,161076.0,151327.0,9749.0,0.0,229842.0,18990.0,210852.0,0.0,161076.0,151327.0,9749.0,0.0,72.0,30.0,42.0,0.0,1890.73,10.0,工业,工业,0.1,果下科技,港股IPO打新中签结果.csv
2656.HK,106,2656.HK,健康160,2025-09-16,69550.0,67433.0,2117.0,0.0,31324.0,6595.0,24729.0,0.0,8872.5504,6755.5504,2117.0,0.0,58.0,33.0,25.0,0.0,751.77,8.0,医疗保健业,医疗保健,0.08,健康160,港股IPO打新中签结果.csv
2657.HK,52,2657.HK,林清轩,2025-12-29,169712.0,159642.0,10070.0,0.0,66221.0,5455.0,60766.0,0.0,24096.8194,14026.8194,10070.0,0.0,46.0,33.0,13.0,0.0,1235.81,2.0,医疗保健业,日常消费品,0.02,林清轩,港股IPO打新中签结果.csv
2658.HK,74,2658.HK,天域半导体,2025-12-04,45511.0,45019.0,492.0,0.0,150325.0,8455.0,141870.0,0.0,15388.6317,14896.6317,492.0,0.0,2016.0,110.0,1906.0,0.0,60.63,10.0,资讯科技业,信息技术,0.1,天域半导体,港股IPO打新中签结果.csv
2659.HK,70,2659.HK,宝济药业-B,2025-12-09,282687.0,262059.0,20628.0,0.0,106571.0,25071.0,81500.0,0.0,37883.6127,20650.0127,17233.6,0.0,44.0,33.0,11.0,0.0,3526.34,7.0,医疗保健业,医疗保健,0.07,宝济药业-B,港股IPO打新中签结果.csv
2661.HK,59,2661.HK,轻松健康,2025-12-22,111894.0,106191.0,5703.0,0.0,55400.0,3265.0,52135.0,0.0,12359.7326,6656.7326,5703.0,0.0,40.0,25.0,15.0,0.0,1421.47,6.0,非必需性消费,金融,0.06,轻松健康,港股IPO打新中签结果.csv
2670.HK,95,2670.HK,云迹,2025-10-15,260092.0,248480.0,11612.0,0.0,20905.0,4255.0,16650.0,0.0,24772.7427,13734.2827,11038.46,0.0,40.0,32.0,8.0,0.0,5657.2,3.0,资讯科技业,工业,0.03,云迹,港股IPO打新中签结果.csv
2671.HK,53,2671.HK,美联股份,2025-12-29,53657.0,53443.0,214.0,0.0,30515.0,10215.0,20300.0,0.0,3029.0513,2815.0513,214.0,0.0,231.0,68.0,163.0,0.0,146.25,0.75,地产建筑业,工业,0.0075,美联股份,港股IPO打新中签结果.csv
2675.HK,49,2675.HK,精锋医疗-B,2026-01-07,196179.0,189777.0,6402.0,0.0,73976.0,6115.0,67861.0,0.0,19930.1026,13528.1026,6402.0,0.0,59.0,32.0,27.0,0.0,1091.94,0.5,医疗保健业,医疗保健,0.005,精锋医疗-B,港股IPO打新中签结果.csv
2676.HK,71,2676.HK,纳芯微,2025-12-05,21942.0,21743.0,199.0,0.0,38115.0,1615.0,36500.0,0.0,4822.4407,4623.4407,199.0,0.0,1460.0,67.0,1393.0,0.0,25.33,4.32,资讯科技业,信息技术,0.0432,纳芯微,港股IPO打新中签结果.csv
2677.HK,34,2677.HK,卓正医疗,2026-02-05,147844.0,140545.0,7299.0,0.0,20005.0,6855.0,13150.0,0.0,9117.0663,4797.5713,4319.495,0.0,39.0,34.0,5.0,0.0,2730.73,1.0,医疗保健业,医疗保健,0.01,卓正医疗,港股IPO打新中签结果.csv
2685.HK,78,2685.HK,量化派,2025-11-26,159327.0,146963.0,12364.0,0.0,18380.0,13310.0,5070.0,0.0,159327.0,146963.0,12364.0,0.0,40.0,38.0,2.0,0.0,9366.28,0.6,非必需性消费,通讯业务,0.006,量化派,港股IPO打新中签结果.csv
2687.HK,72,2687.HK,卓越睿新,2025-12-05,135193.0,122759.0,12434.0,0.0,22648.0,3415.0,19233.0,0.0,6665.9924,3859.8438,2806.1486,0.0,40.0,29.0,11.0,0.0,4813.4,1.0,资讯科技业,信息技术,0.01,卓越睿新,港股IPO打新中签结果.csv
2691.HK,63,2691.HK,南华期货股份,2025-12-19,7479.0,7474.0,5.0,0.0,10255.0,2455.0,7800.0,0.0,6042.8632,6037.8632,5.0,0.0,9535.0,1735.0,7800.0,0.0,1.91,74.64,金融业,金融,0.7464,南华期货股份,港股IPO打新中签结果.csv
2692.HK,26,2692.HK,兆威机电,2026-03-06,180292.0,160689.0,19603.0,0.0,96489.0,2715.0,93774.0,0.0,24154.2606,13497.5606,10656.7,0.0,57.0,28.0,29.0,0.0,1536.76,4.0,工业,非日常生活消费品,0.04,兆威机电,港股IPO打新中签结果.csv
2693.HK,76,2693.HK,金岩高岭新材,2025-12-02,171899.0,158143.0,13756.0,0.0,33770.0,10910.0,22860.0,0.0,171899.0,158143.0,13756.0,0.0,39.0,33.0,6.0,0.0,6876.17,0.03,原材料业,原材料,0.0003,金岩高岭新材,港股IPO打新中签结果.csv
2695.HK,64,2695.HK,印象大红袍,2025-12-19,114610.0,109770.0,4840.0,0.0,12120.0,7315.0,4805.0,0.0,3418.1577,1806.3497,1611.808,0.0,36.0,33.0,3.0,0.0,3397.48,0.8,非必需性消费,非日常生活消费品,0.008,印象大红袍,港股IPO打新中签结果.csv
2698.HK,81,2698.HK,乐舒适,2025-11-07,294053.0,270534.0,23519.0,0.0,135236.0,3015.0,132221.0,0.0,40757.9174,22399.8674,18358.05,0.0,51.0,27.0,24.0,0.0,1813.77,1.0,必需性消费,日常消费品,0.01,乐舒适,港股IPO打新中签结果.csv
2701.HK,21,2701.HK,国民技术,2026-03-20,56547.0,55591.0,956.0,0.0,98765.0,7515.0,91250.0,0.0,24386.0535,23430.0535,956.0,0.0,500.0,30.0,470.0,0.0,131.83,30.0,资讯科技业,信息技术,0.3,国民技术,港股IPO打新中签结果.csv
2706.HK,28,2706.HK,海致科技集团,2026-02-12,232258.0,205872.0,26386.0,0.0,55023.0,3015.0,52008.0,0.0,12976.2888,7052.5284,5923.7604,0.0,40.0,27.0,13.0,0.0,5065.06,0.06,资讯科技业,信息技术,0.0006,海致科技集团,港股IPO打新中签结果.csv
2714.HK,35,2714.HK,牧原股份,2026-02-05,21268.0,21187.0,81.0,0.0,238091.0,6115.0,231976.0,0.0,21268.0,21187.0,81.0,0.0,26958.0,1972.0,24986.0,0.0,5.88,100.0,必需性消费,日常消费品,1.0,牧原股份,港股IPO打新中签结果.csv
2715.HK,27,2715.HK,埃斯顿,2026-03-06,27190.0,27052.0,138.0,0.0,86710.0,4015.0,82695.0,0.0,6800.1203,6662.1203,138.0,0.0,4675.0,191.0,4484.0,0.0,19.67,4.99,工业,工业,0.0499,埃斯顿,港股IPO打新中签结果.csv
2718.HK,87,2718.HK,明略科技-W,2025-10-31,283629.0,259920.0,23709.0,0.0,46639.0,2865.0,43774.0,0.0,18068.912,8913.634,9155.278,0.0,40.0,28.0,12.0,0.0,4452.86,1.0,资讯科技业,信息技术,0.01,明略科技-W,港股IPO打新中签结果.csv
2720.HK,32,2720.HK,乐欣户外,2026-02-09,111036.0,101646.0,9390.0,0.0,17475.0,3255.0,14220.0,0.0,5919.2673,2783.0113,3136.256,0.0,39.0,31.0,8.0,0.0,3654.23,1.0,非必需性消费,非日常生活消费品,0.01,乐欣户外,港股IPO打新中签结果.csv
2726.HK,16,2726.HK,瀚天天成,2026-03-27,45084.0,44757.0,327.0,0.0,115747.0,4255.0,111492.0,0.0,13258.4119,12931.4119,327.0,0.0,1438.0,81.0,1357.0,0.0,50.66,20.0,资讯科技业,信息技术,0.2,瀚天天成,港股IPO打新中签结果.csv
2729.HK,20,2729.HK,凯乐士科技,2026-03-23,107253.0,97501.0,9752.0,0.0,60214.0,4015.0,56199.0,0.0,17657.9173,9484.0673,8173.85,0.0,40.0,28.0,12.0,0.0,2153.26,5.0,资讯科技业,信息技术,0.05,凯乐士科技,港股IPO打新中签结果.csv
2768.HK,37,2768.HK,国恩科技,2026-02-03,171047.0,154503.0,16544.0,0.0,69085.0,3585.0,65500.0,0.0,14476.7979,7424.2979,7052.5,0.0,45.0,27.0,18.0,0.0,2251.85,2.0,原材料业,原材料,0.02,国恩科技,港股IPO打新中签结果.csv
2788.HK,79,2788.HK,创新实业,2025-11-21,145228.0,132968.0,12260.0,0.0,210255.0,3255.0,207000.0,0.0,51851.9357,39591.9357,12260.0,0.0,158.0,33.0,125.0,0.0,447.2,10.0,原材料业,原材料,0.1,创新实业,港股IPO打新中签结果.csv
2865.HK,147,2865.HK,钧达股份,2025-05-07,9151.0,9137.0,14.0,0.0,50115.0,6115.0,44000.0,0.0,4988.2328,4974.2328,14.0,0.0,18179.0,1369.0,16810.0,0.0,3.5,23.84,工业,信息技术,0.2384,钧达股份,港股IPO打新中签结果.csv
2881.HK,209,2881.HK,武汉有机,2024-06-17,13111.0,12610.0,501.0,0.0,12685.0,6655.0,6030.0,0.0,3417.9632,2916.9632,501.0,0.0,66.0,39.0,27.0,0.0,337.57,5.01,原材料业,原材料,0.0501,武汉有机,港股IPO打新中签结果.csv
2889.HK,102,2889.HK,博泰车联,2025-09-29,108368.0,105110.0,3258.0,0.0,101107.0,7515.0,93592.0,0.0,18063.103,14805.103,3258.0,0.0,169.0,36.0,133.0,0.0,529.79,0.26,非必需性消费,信息技术,0.0026,博泰车联,港股IPO打新中签结果.csv
2898.HK,218,2898.HK,盛禾生物-B,2024-05-23,7451.0,7430.0,21.0,0.0,12515.0,8015.0,4500.0,0.0,2921.9895,2900.9895,21.0,0.0,1397.0,515.0,882.0,0.0,10.08,7.82,医疗保健业,医疗保健,0.0782,盛禾生物-B,港股IPO打新中签结果.csv
3200.HK,36,3200.HK,大族数控,2026-02-05,159985.0,146253.0,13732.0,0.0,120341.0,2115.0,118226.0,0.0,39014.0992,25282.0992,13732.0,0.0,78.0,27.0,51.0,0.0,446.39,10.0,工业,信息技术,0.1,大族数控,港股IPO打新中签结果.csv
3268.HK,24,3268.HK,美格智能,2026-03-09,57965.0,57033.0,932.0,0.0,105115.0,6115.0,99000.0,0.0,15507.6295,14575.6295,932.0,0.0,456.0,38.0,418.0,0.0,174.12,5.0,资讯科技业,信息技术,0.05,美格智能,港股IPO打新中签结果.csv
3277.HK,10,3277.HK,长光辰芯,2026-04-16,266501.0,253633.0,12868.0,0.0,112762.0,6115.0,106647.0,0.0,45814.9032,32946.9032,12868.0,0.0,71.0,32.0,39.0,0.0,1138.21,1.0,工业,信息技术,0.01,长光辰芯,港股IPO打新中签结果.csv
3288.HK,135,3288.HK,海天味业,2025-06-18,379668.0,356998.0,22670.0,0.0,409086.0,6115.0,402971.0,0.0,172089.4185,149419.4185,22670.0,0.0,574.0,54.0,520.0,0.0,918.15,5.0,必需性消费,日常消费品,0.05,海天味业,港股IPO打新中签结果.csv
3296.HK,7,3296.HK,华勤技术,2026-04-22,140150.0,126765.0,13385.0,0.0,149389.0,2715.0,146674.0,0.0,42575.8096,29190.8096,13385.0,0.0,118.0,28.0,90.0,0.0,531.33,12.0,资讯科技业,信息技术,0.12,华勤技术,港股IPO打新中签结果.csv
3317.HK,54,3317.HK,迅策,2025-12-29,9730.0,9696.0,34.0,0.0,29965.0,3515.0,26450.0,0.0,3189.7676,3155.7676,34.0,0.0,4713.0,401.0,4312.0,0.0,7.24,12.78,资讯科技业,信息技术,0.1278,迅策,港股IPO打新中签结果.csv
3355.HK,17,3355.HK,飞速创新,2026-03-27,11492.0,0.0,11492.0,0.0,74000.0,0.0,74000.0,0.0,11492.0,0.0,11492.0,0.0,18.0,0.0,18.0,0.0,1579.71,1.0,资讯科技业,信息技术,0.01,飞速创新,港股IPO打新中签结果.csv
3378.HK,60,3378.HK,翰思艾泰-B,2025-12-22,139704.0,128426.0,11278.0,0.0,50275.0,6115.0,44160.0,0.0,17580.3286,9015.7446,8564.584,0.0,40.0,32.0,8.0,0.0,3074.09,1.0,医疗保健业,医疗保健,0.01,翰思艾泰-B,港股IPO打新中签结果.csv
3625.HK,13,3625.HK,傅里叶,2026-03-30,118537.0,111790.0,6747.0,0.0,23115.0,6115.0,17000.0,0.0,18467.533,11720.533,6747.0,0.0,44.0,32.0,12.0,0.0,3118.43,5.0,资讯科技业,信息技术,0.05,傅里叶,港股IPO打新中签结果.csv
3636.HK,46,3636.HK,金浔资源,2026-01-08,64456.0,63574.0,882.0,0.0,62571.0,5380.0,57191.0,0.0,64456.0,63574.0,882.0,0.0,301.0,40.0,261.0,0.0,143.46,7.0,原材料业,原材料,0.07,金浔资源,港股IPO打新中签结果.csv
3677.HK,150,3677.HK,正力新能,2025-04-11,5998.0,5992.0,6.0,0.0,41999.0,7245.0,34754.0,0.0,5998.0,5992.0,6.0,0.0,10285.0,917.0,9368.0,0.0,3.51,100.0,工业,信息技术,1.0,正力新能,港股IPO打新中签结果.csv
3696.HK,55,3696.HK,英矽智能,2025-12-29,221926.0,206081.0,15845.0,0.0,31724.0,1855.0,29869.0,0.0,18145.2571,9522.9771,8622.28,0.0,43.0,29.0,14.0,0.0,1427.37,1.0,医疗保健业,医疗保健,0.01,英矽智能,港股IPO打新中签结果.csv
3750.HK,144,3750.HK,宁德时代,2025-05-19,310827.0,291778.0,19049.0,0.0,234205.0,595.0,233610.0,0.0,69886.6246,50837.6246,19049.0,0.0,1198.0,19.0,1179.0,0.0,151.15,10.0,工业,信息技术,0.1,宁德时代,港股IPO打新中签结果.csv
3858.HK,110,3858.HK,佳鑫国际资源,2025-08-27,164446.0,149942.0,14504.0,0.0,93841.0,3865.0,89976.0,0.0,24968.0118,13729.6618,11238.35,0.0,50.0,29.0,21.0,0.0,2041.62,1.0,原材料业,原材料,0.01,佳鑫国际资源,港股IPO打新中签结果.csv
3880.HK,124,3880.HK,泰德医药,2025-06-27,70338.0,69673.0,665.0,0.0,53515.0,7615.0,45900.0,0.0,38688.2532,38023.2532,665.0,0.0,930.0,46.0,884.0,0.0,301.15,50.0,医疗保健业,医疗保健,0.5,泰德医药,港股IPO打新中签结果.csv
3881.HK,66,3881.HK,希迪智驾,2025-12-18,17353.0,17277.0,76.0,0.0,76635.0,6115.0,70520.0,0.0,12473.012,12397.012,76.0,0.0,6395.0,260.0,6135.0,0.0,22.55,50.0,工业,信息技术,0.5,希迪智驾,港股IPO打新中签结果.csv
3887.HK,67,3887.HK,HASHKEY HLDGS,2025-12-16,88592.0,84984.0,3608.0,0.0,180186.0,8365.0,171821.0,0.0,29796.0625,26188.0625,3608.0,0.0,264.0,34.0,230.0,0.0,393.71,10.0,金融业,金融,0.1,HASHKEY HLDGS,港股IPO打新中签结果.csv
3986.HK,42,3986.HK,兆易创新,2026-01-12,148419.0,135727.0,12692.0,0.0,86573.0,1215.0,85358.0,0.0,25841.5078,14448.6078,11392.9,0.0,71.0,25.0,46.0,0.0,542.22,2.0,资讯科技业,信息技术,0.02,兆易创新,港股IPO打新中签结果.csv
6031.HK,89,6031.HK,三一重工,2025-10-27,115863.0,113392.0,2471.0,0.0,545121.0,4015.0,541106.0,0.0,81770.1422,79299.1422,2471.0,0.0,6780.0,89.0,6691.0,0.0,52.93,50.0,工业,工业,0.5,三一重工,港股IPO打新中签结果.csv
6082.HK,51,6082.HK,壁仞科技,2025-12-31,471116.0,441861.0,29255.0,0.0,130977.0,4015.0,126962.0,0.0,135523.7043,106268.7043,29255.0,0.0,106.0,29.0,77.0,0.0,2347.53,5.0,资讯科技业,信息技术,0.05,壁仞科技,港股IPO打新中签结果.csv
6086.HK,201,6086.HK,方舟健客,2024-07-08,4371.0,4368.0,3.0,0.0,10821.0,7041.0,3780.0,0.0,4371.0,4368.0,3.0,0.0,4327.0,1868.0,2459.0,0.0,16.63,40.04,医疗保健业,日常消费品,0.4004,方舟健客,港股IPO打新中签结果.csv
6090.HK,104,6090.HK,不同集团,2025-09-22,154400.0,141789.0,12611.0,0.0,33105.0,3415.0,29690.0,0.0,10379.4747,5292.9747,5086.5,0.0,40.0,29.0,11.0,0.0,3317.47,1.0,非必需性消费,非日常生活消费品,0.01,不同集团,港股IPO打新中签结果.csv
6166.HK,90,6166.HK,剑桥科技,2025-10-27,206461.0,199662.0,6799.0,0.0,227265.0,6855.0,220410.0,0.0,55146.2908,48347.2908,6799.0,0.0,392.0,42.0,350.0,0.0,338.7,5.0,资讯科技业,通讯业务,0.05,剑桥科技,港股IPO打新中签结果.csv
6168.HK,129,6168.HK,周六福,2025-06-25,126409.0,123062.0,3347.0,0.0,98519.0,8115.0,90404.0,0.0,39559.4199,36212.4199,3347.0,0.0,636.0,79.0,557.0,0.0,711.11,0.82,非必需性消费,非日常生活消费品,0.008199999999999999,周六福,港股IPO打新中签结果.csv
6181.HK,208,6181.HK,老铺黄金,2024-06-27,42474.0,39087.0,3387.0,0.0,133182.0,12230.0,120952.0,0.0,42474.0,39087.0,3387.0,0.0,932.0,216.0,716.0,0.0,582.15,3.39,非必需性消费,非日常生活消费品,0.0339,老铺黄金,港股IPO打新中签结果.csv
6600.HK,56,6600.HK,卧安机器人,2025-12-29,89935.0,87022.0,2913.0,0.0,71226.0,2715.0,68511.0,0.0,13733.7442,10820.7442,2913.0,0.0,235.0,28.0,207.0,0.0,254.5,7.0,非必需性消费,非日常生活消费品,0.07,卧安机器人,港股IPO打新中签结果.csv
6603.HK,125,6603.HK,IFBH,2025-06-27,236078.0,215863.0,20215.0,0.0,70061.0,3015.0,67046.0,0.0,72216.0227,52001.0227,20215.0,0.0,80.0,27.0,53.0,0.0,2682.35,10.0,必需性消费,日常消费品,0.1,IFBH,港股IPO打新中签结果.csv
6613.HK,120,6613.HK,蓝思科技,2025-07-08,229080.0,221394.0,7686.0,0.0,357886.0,4515.0,353371.0,0.0,161996.5517,154310.5517,7686.0,0.0,2343.0,46.0,2297.0,0.0,462.76,20.0,工业,信息技术,0.2,蓝思科技,港股IPO打新中签结果.csv
6636.HK,18,6636.HK,极视角,2026-03-27,159089.0,150118.0,8971.0,0.0,30495.0,12255.0,18240.0,0.0,33740.033,24769.033,8971.0,0.0,47.0,37.0,10.0,0.0,4591.37,10.0,资讯科技业,信息技术,0.1,极视角,港股IPO打新中签结果.csv
6651.HK,57,6651.HK,五一视界,2025-12-29,44502.0,43820.0,682.0,0.0,24012.0,5115.0,18897.0,0.0,10513.6006,9831.6006,682.0,0.0,300.0,48.0,252.0,0.0,256.01,10.0,资讯科技业,信息技术,0.1,五一视界,港股IPO打新中签结果.csv
6656.HK,11,6656.HK,思格新能,2026-04-15,202730.0,179452.0,23278.0,0.0,32902.0,715.0,32187.0,0.0,13474.7027,6775.6927,6699.01,0.0,38.0,23.0,15.0,0.0,1102.05,2.0,工业,工业,0.02,思格新能,港股IPO打新中签结果.csv
6657.HK,202,6657.HK,百望股份,2024-07-08,3809.0,3804.0,5.0,0.0,9215.0,5215.0,4000.0,0.0,2337.9747,2332.9747,5.0,0.0,2445.0,268.0,2177.0,0.0,6.58,40.01,资讯科技业,信息技术,0.40009999999999996,百望股份,港股IPO打新中签结果.csv
6681.HK,165,6681.HK,脑动极光-B,2025-01-07,10891.0,10878.0,13.0,0.0,18215.0,5215.0,13000.0,0.0,7467.9263,7454.9263,13.0,0.0,3318.0,55.0,3263.0,0.0,11.39,50.01,医疗保健业,医疗保健,0.5001,脑动极光-B,港股IPO打新中签结果.csv
6687.HK,93,6687.HK,聚水潭,2025-10-20,386815.0,365172.0,21643.0,0.0,99198.0,6115.0,93083.0,0.0,48497.7878,31085.4878,17412.3,0.0,59.0,32.0,27.0,0.0,1952.95,0.13,资讯科技业,信息技术,0.0013,聚水潭,港股IPO打新中签结果.csv
6693.HK,155,6693.HK,赤峰黄金,2025-03-07,29964.0,29872.0,92.0,0.0,85015.0,5515.0,79500.0,0.0,19625.0867,19533.0867,92.0,0.0,13012.0,194.0,12818.0,0.0,9.53,28.0,原材料业,原材料,0.28,赤峰黄金,港股IPO打新中签结果.csv
6809.HK,33,6809.HK,澜起科技,2026-02-06,260646.0,232844.0,27802.0,0.0,153060.0,1615.0,151445.0,0.0,56750.4215,32942.6915,23807.73,0.0,106.0,26.0,80.0,0.0,707.3,5.0,资讯科技业,信息技术,0.05,澜起科技,港股IPO打新中签结果.csv
6810.HK,4,6810.HK,商米科技-W,2026-04-28,204939.0,193590.0,11349.0,0.0,105428.0,6615.0,98813.0,0.0,33070.7594,21721.7594,11349.0,0.0,55.0,30.0,25.0,0.0,2003.16,5.0,资讯科技业,信息技术,0.05,商米科技-W,港股IPO打新中签结果.csv
6831.HK,145,6831.HK,绿茶集团,2025-05-15,98482.0,95708.0,2774.0,0.0,103510.0,6465.0,97045.0,0.0,71751.4014,68977.4014,2774.0,0.0,1042.0,57.0,985.0,0.0,317.54,40.0,非必需性消费,非日常生活消费品,0.4,绿茶集团,港股IPO打新中签结果.csv
6883.HK,127,6883.HK,颖通控股,2025-06-26,31796.0,31678.0,118.0,0.0,64200.0,11530.0,52670.0,0.0,31796.0,31678.0,118.0,0.0,8367.0,608.0,7759.0,0.0,35.84,10.0,医疗保健业,日常消费品,0.1,颖通控股,港股IPO打新中签结果.csv
6936.HK,178,6936.HK,顺丰控股,2024-11-26,82574.0,81205.0,1369.0,0.0,170390.0,3015.0,167375.0,0.0,47246.1928,45877.1928,1369.0,0.0,3392.0,63.0,3329.0,0.0,79.07,20.0,工业,工业,0.2,顺丰控股,港股IPO打新中签结果.csv
6938.HK,47,6938.HK,瑞博生物-B,2026-01-08,42771.0,41829.0,942.0,0.0,40637.0,2065.0,38572.0,0.0,5365.497,4423.497,942.0,0.0,311.0,42.0,269.0,0.0,101.06,1.71,医疗保健业,医疗保健,0.0171,瑞博生物-B,港股IPO打新中签结果.csv
6959.HK,234,6959.HK,长久股份,2024-01-08,2510.0,2481.0,29.0,0.0,17309.0,5455.0,11854.0,0.0,1695.951,1666.951,29.0,0.0,1441.0,282.0,1159.0,0.0,11.67,20.12,非必需性消费,信息技术,0.20120000000000002,长久股份,港股IPO打新中签结果.csv
6960.HK,111,6960.HK,双登股份,2025-08-25,217990.0,197912.0,20078.0,0.0,25111.0,2455.0,22656.0,0.0,12886.3902,6071.8302,6814.56,0.0,40.0,30.0,10.0,0.0,3876.25,0.06,工业,信息技术,0.0006,双登股份,港股IPO打新中签结果.csv
6980.HK,91,6980.HK,八马茶业,2025-10-27,168027.0,162764.0,5263.0,0.0,27115.0,6115.0,21000.0,0.0,8361.449,4431.149,3930.3,0.0,39.0,32.0,7.0,0.0,2680.04,0.8,必需性消费,日常消费品,0.008,八马茶业,港股IPO打新中签结果.csv
7618.HK,69,7618.HK,京东工业,2025-12-10,72234.0,71515.0,719.0,0.0,302817.0,5515.0,297302.0,0.0,39170.5201,38451.5201,719.0,0.0,3154.0,56.0,3098.0,0.0,60.52,35.0,工业,工业,0.35,京东工业,港股IPO打新中签结果.csv
8529.HK,214,8529.HK,优博控股,2024-05-31,38849.0,37670.0,1179.0,0.0,16060.0,11310.0,4750.0,0.0,5110.8221,3931.8221,1179.0,0.0,51.0,42.0,9.0,0.0,2503.03,0.2,资讯科技业,信息技术,0.002,优博控股,港股IPO打新中签结果.csv
8549.HK,98,8549.HK,金叶国际集团,2025-10-09,168066.0,168066.0,0.0,0.0,14655.0,14655.0,0.0,0.0,3044.1571,3044.1571,0.0,0.0,41.0,41.0,0.0,0.0,11464.72,0.5,地产建筑业,工业,0.005,金叶国际集团,港股IPO打新中签结果.csv
8610.HK,43,8610.HK,BBSB INTL,2026-01-12,145089.0,138549.0,6540.0,0.0,15555.0,9930.0,5625.0,0.0,3390.6125,1417.05,1973.5625,0.0,37.0,35.0,2.0,0.0,10745.13,0.05,地产建筑业,工业,0.0005,BBSB INTL,港股IPO打新中签结果.csv
8629.HK,192,8629.HK,集信国控,2024-09-05,2480.0,2476.0,4.0,0.0,5173.0,4155.0,1018.0,0.0,844.1302,840.1302,4.0,0.0,332.0,78.0,254.0,0.0,14.33,10.06,地产建筑业,工业,0.10060000000000001,集信国控,港股IPO打新中签结果.csv
8637.HK,205,8637.HK,元续科技,2024-06-28,30583.0,29235.0,1348.0,0.0,37030.0,25130.0,11900.0,0.0,30583.0,29235.0,1348.0,0.0,88.0,70.0,18.0,0.0,2480.61,3.01,资讯科技业,信息技术,0.0301,元续科技,港股IPO打新中签结果.csv
9606.HK,149,9606.HK,映恩生物-B,2025-04-14,26857.0,25720.0,1137.0,0.0,52651.0,1615.0,51036.0,0.0,24799.9908,23662.9908,1137.0,0.0,1798.0,50.0,1748.0,0.0,115.14,80.01,医疗保健业,医疗保健,0.8001,映恩生物-B,港股IPO打新中签结果.csv
9609.HK,77,9609.HK,海伟股份,2025-11-27,165803.0,151135.0,14668.0,0.0,43723.0,5515.0,38208.0,0.0,18306.1223,8972.5519,9333.5704,0.0,38.0,29.0,9.0,0.0,5426.27,1.0,工业,信息技术,0.01,海伟股份,港股IPO打新中签结果.csv
9611.HK,40,9611.HK,龙旗科技,2026-01-21,145096.0,134255.0,10841.0,0.0,121125.0,5995.0,115130.0,0.0,29558.944,18717.944,10841.0,0.0,87.0,29.0,58.0,0.0,1149.76,0.2,资讯科技业,信息技术,0.002,龙旗科技,港股IPO打新中签结果.csv
9639.HK,188,9639.HK,荣利营造,2024-10-08,14898.0,14821.0,77.0,0.0,16955.0,5455.0,11500.0,0.0,7912.0202,7835.0202,77.0,0.0,1117.0,70.0,1047.0,0.0,120.6,25.0,地产建筑业,工业,0.25,荣利营造,港股IPO打新中签结果.csv
9660.HK,185,9660.HK,地平线机器人-W,2024-10-23,28115.0,27095.0,1020.0,0.0,313041.0,10365.0,302676.0,0.0,28115.0,27095.0,1020.0,0.0,11295.0,319.0,10976.0,0.0,33.83,100.0,资讯科技业,非日常生活消费品,1.0,地平线机器人-W,港股IPO打新中签结果.csv
9678.HK,126,9678.HK,云知声,2025-06-27,25483.0,25390.0,93.0,0.0,19917.0,7015.0,12902.0,0.0,8445.9741,8352.9741,93.0,0.0,1167.0,134.0,1033.0,0.0,91.66,10.01,资讯科技业,信息技术,0.1001,云知声,港股IPO打新中签结果.csv
9680.HK,200,9680.HK,如祺出行,2024-07-09,1467.0,1465.0,2.0,0.0,4715.0,2715.0,2000.0,0.0,1467.0,1465.0,2.0,0.0,4715.0,2715.0,2000.0,0.0,0.6,100.0,非必需性消费,信息技术,1.0,如祺出行,港股IPO打新中签结果.csv
9879.HK,227,9879.HK,米高集团,2024-03-20,7793.0,7768.0,25.0,0.0,55995.0,5995.0,50000.0,0.0,5351.902,5326.902,25.0,0.0,6155.0,255.0,5900.0,0.0,9.79,30.02,原材料业,原材料,0.3002,米高集团,港股IPO打新中签结果.csv
9881.HK,138,9881.HK,容大科技,2025-06-09,26751.0,26387.0,364.0,0.0,20590.0,6510.0,14080.0,0.0,26751.0,26387.0,364.0,0.0,106.0,31.0,75.0,0.0,275.96,6.01,资讯科技业,信息技术,0.0601,容大科技,港股IPO打新中签结果.csv
9887.HK,115,9887.HK,维立志博-B,2025-07-24,323706.0,303298.0,20408.0,0.0,91142.0,6115.0,85027.0,0.0,73332.8297,52924.8297,20408.0,0.0,109.0,35.0,74.0,0.0,3494.78,0.27,医疗保健业,医疗保健,0.0027,维立志博-B,港股IPO打新中签结果.csv
9903.HK,50,9903.HK,天数智芯,2026-01-07,180802.0,171067.0,9735.0,0.0,83831.0,1215.0,82616.0,0.0,22460.3999,12725.3999,9735.0,0.0,43.0,25.0,18.0,0.0,414.24,7.0,资讯科技业,信息技术,0.07,天数智芯,港股IPO打新中签结果.csv
9927.HK,86,9927.HK,赛力斯,2025-11-04,202321.0,194850.0,7471.0,0.0,200215.0,1215.0,199000.0,0.0,57929.0743,50458.0743,7471.0,0.0,954.0,25.0,929.0,0.0,132.68,10.0,非必需性消费,非日常生活消费品,0.1,赛力斯,港股IPO打新中签结果.csv
9973.HK,103,9973.HK,奇瑞汽车,2025-09-24,207928.0,194695.0,13233.0,0.0,448693.0,5995.0,442698.0,0.0,68748.296,55515.296,13233.0,0.0,1002.0,49.0,953.0,0.0,308.18,0.67,非必需性消费,非日常生活消费品,0.0067,奇瑞汽车,港股IPO打新中签结果.csv
9980.HK,38,9980.HK,东鹏饮料,2026-02-02,66692.0,64575.0,2117.0,0.0,73060.0,915.0,72145.0,0.0,20112.7746,17995.7746,2117.0,0.0,805.0,25.0,780.0,0.0,57.46,15.0,必需性消费,日常消费品,0.15,东鹏饮料,港股IPO打新中签结果.csv
9981.HK,29,9981.HK,沃尔核材,2026-02-12,141463.0,132491.0,8972.0,0.0,165012.0,4015.0,160997.0,0.0,31549.8691,22577.8691,8972.0,0.0,220.0,30.0,190.0,0.0,569.58,0.33,工业,信息技术,0.0033,沃尔核材,港股IPO打新中签结果.csv
