number,p04477_f001,p04477_f002,p04477_f003,p04477_f004,p04477_f005,p04477_f006,p04477_f007,p04477_f008,p04477_f009,p04477_f010,p04477_f011,p04477_f012,p04477_f013,p04477_f014,p04477_f015,p04477_f016,p04477_f017,p04477_f018,p04477_f019,p04477_f020,p04477_f021,p04477_f022,p04477_f023,
1,1236.HK,乐动机器人,2026/05/08,296740,259886,36854,0,51348.00000000000000000000,3015.00000000000000000000,48333.0000000000000000,0,17226.3433000000000000000000000000000000000000,8099.7633000000000000000000000000000000000000,9126.5800000000000000000000000000000000000000,0,39,27,12,0,6707.6600000000000000,0.80000000000000000000,资讯科技业,工业,
2,1187.HK,可孚医疗,2026/05/05,105939,104431,1508,0,73615.00000000000000000000,6115.00000000000000000000,67500.0000000000000000,0,15083.0065000000000000000000000000000000000000,13575.0065000000000000000000000000000000000000,1508,0,152,32,120,0,399.0800000000000000,5.0000000000000000,医疗保健业,医疗保健,
3,1609.HK,天星医疗,2026/05/04,300735,264904,35831,0,47477.00000000000000000000,6055.00000000000000000000,41422.0000000000000000,0,19151.3736000000000000000000000000000000000000,8859.6146000000000000000000000000000000000000,10291.7590000000000000000000000000000000000000,0,43,32,11,0,7823.1300000000000000,1.5000000000000000,医疗保健业,医疗保健,
4,6810.HK,商米科技-W,2026/04/28,204939,193590,11349,0,105428.00000000000000000000,6615.00000000000000000000,98813.0000000000000000,0,33070.7594000000000000000000000000000000000000,21721.7594000000000000000000000000000000000000,11349,0,55,30,25,0,2003.1600000000000000,5.0000000000000000,资讯科技业,信息技术,
5,1879.HK,曦智科技-P,2026/04/27,378085,335445,42640,0,102987.00000000000000000000,5995.00000000000000000000,96992.0000000000000000,0,134273.7335000000000000000000000000000000000000,91633.7335000000000000000000000000000000000000,42640,0,53,28,25,0,5784.7000000000000000,6.0000000000000000,资讯科技业,信息技术,
6,2493.HK,迈威生物-B,2026/04/27,126378,122556,3822,0,51798.00000000000000000000,3015.00000000000000000000,48783.0000000000000000,0,14796.6271000000000000000000000000000000000000,10974.6271000000000000000000000000000000000000,3822,0,82,27,55,0,481.7100000000000000,1.00000000000000000000,医疗保健业,医疗保健,
7,3296.HK,华勤技术,2026/04/22,140150,126765,13385,0,149389.00000000000000000000,2715.00000000000000000000,146674.0000000000000000,0,42575.8096000000000000000000000000000000000000,29190.8096000000000000000000000000000000000000,13385,0,118,28,90,0,531.3300000000000000,12.0000000000000000,资讯科技业,信息技术,
8,2476.HK,胜宏科技,2026/04/20,250606,219446,31160,0,102622.00000000000000000000,915.00000000000000000000,101707.0000000000000000,0,57310.4833000000000000000000000000000000000000,34917.2333000000000000000000000000000000000000,22393.250000000000000000000000000000000000,0,168,24,144,0,431.1500000000000000,0.71000000000000000000,工业,信息技术,
9,0068.HK,群核科技,2026/04/16,240700,227540,13160,0,84057.00000000000000000000,7195.00000000000000000000,76862.0000000000000000,0,28321.7393000000000000000000000000000000000000,15971.6993000000000000000000000000000000000000,12350.040000000000000000000000000000000000,0,50,29,21,0,1590.5600000000000000,3.0000000000000000,资讯科技业,信息技术,
10,3277.HK,长光辰芯,2026/04/16,266501,253633,12868,0,112762.00000000000000000000,6115.00000000000000000000,106647.0000000000000000,0,45814.9032000000000000000000000000000000000000,32946.9032000000000000000000000000000000000000,12868,0,71,32,39,0,1138.2100000000000000,1.00000000000000000000,工业,信息技术,
11,6656.HK,思格新能,2026/04/15,202730,179452,23278,0,32902.00000000000000000000,715.00000000000000000000,32187.0000000000000000,0,13474.7027000000000000000000000000000000000000,6775.6927000000000000000000000000000000000000,6699.010000000000000000000000000000000000,0,38,23,15,0,1102.0500000000000000,2.0000000000000000,工业,工业,
12,0664.HK,铜师傅,2026/03/30,26280,26134,146,0,23318.00000000000000000000,3415.00000000000000000000,19903.0000000000000000,0,3003.3542000000000000000000000000000000000000,2857.3542000000000000000000000000000000000000,146,0,630,80,550,0,59.5500000000000000,2.7800000000000000,非必需性消费,非日常生活消费品,
13,3625.HK,傅里叶,2026/03/30,118537,111790,6747,0,23115.00000000000000000000,6115.00000000000000000000,17000.0000000000000000,0,18467.5330000000000000000000000000000000000000,11720.5330000000000000000000000000000000000000,6747,0,44,32,12,0,3118.4300000000000000,5.0000000000000000,资讯科技业,信息技术,
14,1021.HK,华沿机器人,2026/03/27,227070,201193,25877,0,47613.00000000000000000000,4015.00000000000000000000,43598.0000000000000000,0,66210.3148000000000000000000000000000000000000,40333.3148000000000000000000000000000000000000,25877,0,41,28,13,0,5059.3800000000000000,5.0000000000000000,工业,信息技术,
15,2526.HK,德适-B,2026/03/27,115017,108097,6920,0,38254.00000000000000000000,3255.00000000000000000000,34999.0000000000000000,0,14123.3857000000000000000000000000000000000000,7926.1057000000000000000000000000000000000000,6197.280000000000000000000000000000000000,0,48,31,17,0,1073.3700000000000000,3.0000000000000000,医疗保健业,医疗保健,
16,2726.HK,瀚天天成,2026/03/27,45084,44757,327,0,115747.00000000000000000000,4255.00000000000000000000,111492.0000000000000000,0,13258.4119000000000000000000000000000000000000,12931.4119000000000000000000000000000000000000,327,0,1438,81,1357,0,50.6600000000000000,20.0000000000000000,资讯科技业,信息技术,
17,3355.HK,飞速创新,2026/03/27,11492,0,11492,0,74000.0000000000000000,0,74000.0000000000000000,0,11492,0,11492,0,18,0,18,0,1579.7100000000000000,1.00000000000000000000,资讯科技业,信息技术,
18,6636.HK,极视角,2026/03/27,159089,150118,8971,0,30495.00000000000000000000,12255.00000000000000000000,18240.0000000000000000,0,33740.0330000000000000000000000000000000000000,24769.0330000000000000000000000000000000000000,8971,0,47,37,10,0,4591.3700000000000000,10.0000000000000000,资讯科技业,信息技术,
19,2632.HK,泽景股份,2026/03/23,31183,31027,156,0,82481.00000000000000000000,12255.00000000000000000000,70226.0000000000000000,0,14839.6268000000000000000000000000000000000000,14683.6268000000000000000000000000000000000000,156,0,1261,46,1215,0,68.8900000000000000,30.0000000000000000,非必需性消费,信息技术,
20,2729.HK,凯乐士科技,2026/03/23,107253,97501,9752,0,60214.00000000000000000000,4015.00000000000000000000,56199.0000000000000000,0,17657.9173000000000000000000000000000000000000,9484.0673000000000000000000000000000000000000,8173.850000000000000000000000000000000000,0,40,28,12,0,2153.2600000000000000,5.0000000000000000,资讯科技业,信息技术,
21,2701.HK,国民技术,2026/03/20,56547,55591,956,0,98765.00000000000000000000,7515.00000000000000000000,91250.0000000000000000,0,24386.0535000000000000000000000000000000000000,23430.0535000000000000000000000000000000000000,956,0,500,30,470,0,131.8300000000000000,30.0000000000000000,资讯科技业,信息技术,
22,3355.HK,飞速创新,2026/03/20,185264,185264,0,0,6115.00000000000000000000,6115.00000000000000000000,0,0,19732.9989000000000000000000000000000000000000,19732.9989000000000000000000000000000000000000,0,0,32,32,0,0,1579.7100000000000000,1.00000000000000000000,资讯科技业,信息技术,
23,1989.HK,广合科技,2026/03/19,202417,180250,22167,0,118115.00000000000000000000,2715.00000000000000000000,115400.0000000000000000,0,39605.0147000000000000000000000000000000000000,23272.6947000000000000000000000000000000000000,16332.320000000000000000000000000000000000,0,72,28,44,0,1070.7200000000000000,5.0000000000000000,工业,信息技术,
24,3268.HK,美格智能,2026/03/09,57965,57033,932,0,105115.00000000000000000000,6115.00000000000000000000,99000.0000000000000000,0,15507.6295000000000000000000000000000000000000,14575.6295000000000000000000000000000000000000,932,0,456,38,418,0,174.1200000000000000,5.0000000000000000,资讯科技业,信息技术,
25,2649.HK,优乐赛共享,2026/03/06,162571,150874,11697,0,14689.00000000000000000000,3955.00000000000000000000,10734.0000000000000000,0,3769.7822000000000000000000000000000000000000,2153.1572000000000000000000000000000000000000,1616.6250000000000000000000000000000000000000,0,41,33,8,0,5297.2300000000000000,0.04000000000000000000,工业,非日常生活消费品,
26,2692.HK,兆威机电,2026/03/06,180292,160689,19603,0,96489.00000000000000000000,2715.00000000000000000000,93774.0000000000000000,0,24154.2606000000000000000000000000000000000000,13497.5606000000000000000000000000000000000000,10656.700000000000000000000000000000000000,0,57,28,29,0,1536.7600000000000000,4.0000000000000000,工业,非日常生活消费品,
27,2715.HK,埃斯顿,2026/03/06,27190,27052,138,0,86710.00000000000000000000,4015.00000000000000000000,82695.0000000000000000,0,6800.1203000000000000000000000000000000000000,6662.1203000000000000000000000000000000000000,138,0,4675,191,4484,0,19.6700000000000000,4.9900000000000000,工业,工业,
28,2706.HK,海致科技集团,2026/02/12,232258,205872,26386,0,55023.00000000000000000000,3015.00000000000000000000,52008.0000000000000000,0,12976.2888000000000000000000000000000000000000,7052.5284000000000000000000000000000000000000,5923.7604000000000000000000000000000000000000,0,40,27,13,0,5065.0600000000000000,0.06000000000000000000,资讯科技业,信息技术,
29,9981.HK,沃尔核材,2026/02/12,141463,132491,8972,0,165012.00000000000000000000,4015.00000000000000000000,160997.0000000000000000,0,31549.8691000000000000000000000000000000000000,22577.8691000000000000000000000000000000000000,8972,0,220,30,190,0,569.5800000000000000,0.33000000000000000000,工业,信息技术,
30,0470.HK,先导智能,2026/02/10,57322,55943,1379,0,218803.00000000000000000000,5995.00000000000000000000,212808.0000000000000000,0,28578.5570000000000000000000000000000000000000,27199.5570000000000000000000000000000000000000,1379,0,1256,73,1183,0,79.5400000000000000,18.0000000000000000,工业,工业,
31,0600.HK,爱芯元智,2026/02/09,85091,83513,1578,0,162453.00000000000000000000,5995.00000000000000000000,156458.0000000000000000,0,40332.0985000000000000000000000000000000000000,38754.0985000000000000000000000000000000000000,1578,0,829,47,782,0,104.8200000000000000,18.0000000000000000,资讯科技业,信息技术,
32,2720.HK,乐欣户外,2026/02/09,111036,101646,9390,0,17475.00000000000000000000,3255.00000000000000000000,14220.0000000000000000,0,5919.2673000000000000000000000000000000000000,2783.0113000000000000000000000000000000000000,3136.256000000000000000000000000000000000,0,39,31,8,0,3654.2300000000000000,1.00000000000000000000,非必需性消费,非日常生活消费品,
33,6809.HK,澜起科技,2026/02/06,260646,232844,27802,0,153060.00000000000000000000,1615.00000000000000000000,151445.0000000000000000,0,56750.4215000000000000000000000000000000000000,32942.6915000000000000000000000000000000000000,23807.730000000000000000000000000000000000,0,106,26,80,0,707.3000000000000000,5.0000000000000000,资讯科技业,信息技术,
34,2677.HK,卓正医疗,2026/02/05,147844,140545,7299,0,20005.00000000000000000000,6855.00000000000000000000,13150.0000000000000000,0,9117.0663000000000000000000000000000000000000,4797.5713000000000000000000000000000000000000,4319.4950000000000000000000000000000000000000,0,39,34,5,0,2730.7300000000000000,1.00000000000000000000,医疗保健业,医疗保健,
35,2714.HK,牧原股份,2026/02/05,21268,21187,81,0,238091.00000000000000000000,6115.00000000000000000000,231976.0000000000000000,0,21268.0000000000000000000000000000000000000000,21187.0000000000000000000000000000000000000000,81,0,26958,1972,24986,0,5.8800000000000000,100.0000000000000000,必需性消费,日常消费品,
36,3200.HK,大族数控,2026/02/05,159985,146253,13732,0,120341.00000000000000000000,2115.00000000000000000000,118226.0000000000000000,0,39014.0992000000000000000000000000000000000000,25282.0992000000000000000000000000000000000000,13732,0,78,27,51,0,446.3900000000000000,10.0000000000000000,工业,信息技术,
37,2768.HK,国恩科技,2026/02/03,171047,154503,16544,0,69085.00000000000000000000,3585.00000000000000000000,65500.0000000000000000,0,14476.7979000000000000000000000000000000000000,7424.2979000000000000000000000000000000000000,7052.500000000000000000000000000000000000,0,45,27,18,0,2251.8500000000000000,2.0000000000000000,原材料业,原材料,
38,9980.HK,东鹏饮料,2026/02/02,66692,64575,2117,0,73060.00000000000000000000,915.00000000000000000000,72145.0000000000000000,0,20112.7746000000000000000000000000000000000000,17995.7746000000000000000000000000000000000000,2117,0,805,25,780,0,57.4600000000000000,15.0000000000000000,必需性消费,日常消费品,
39,1768.HK,鸣鸣很忙,2026/01/27,229245,202454,26791,0,54166.00000000000000000000,915.00000000000000000000,53251.0000000000000000,0,14552.2822000000000000000000000000000000000000,7076.3885000000000000000000000000000000000000,7475.8937000000000000000000000000000000000000,0,40,24,16,0,1899.4900000000000000,3.0000000000000000,必需性消费,日常消费品,
40,9611.HK,龙旗科技,2026/01/21,145096,134255,10841,0,121125.00000000000000000000,5995.00000000000000000000,115130.0000000000000000,0,29558.9440000000000000000000000000000000000000,18717.9440000000000000000000000000000000000000,10841,0,87,29,58,0,1149.7600000000000000,0.20000000000000000000,资讯科技业,信息技术,
41,1641.HK,红星冷链,2026/01/12,103102,98005,5097,0,14581.00000000000000000000,3255.00000000000000000000,11326.0000000000000000,0,4664.1228000000000000000000000000000000000000,2372.2572000000000000000000000000000000000000,2291.865600000000000000000000000000000000,0,38,31,7,0,2309.2500000000000000,1.00000000000000000000,地产建筑业,工业,
42,3986.HK,兆易创新,2026/01/12,148419,135727,12692,0,86573.00000000000000000000,1215.00000000000000000000,85358.0000000000000000,0,25841.5078000000000000000000000000000000000000,14448.6078000000000000000000000000000000000000,11392.900000000000000000000000000000000000,0,71,25,46,0,542.2200000000000000,2.0000000000000000,资讯科技业,信息技术,
43,8610.HK,BBSB INTL,2026/01/12,145089,138549,6540,0,15555.00000000000000000000,9930.00000000000000000000,5625.0000000000000000,0,3390.6125000000000000000000000000000000000000,1417.0500000000000000000000000000000000000000,1973.5625000000000000000000000000000000000000,0,37,35,2,0,10745.130000000000,0.05000000000000000000,地产建筑业,工业,
44,0501.HK,豪威集团,2026/01/09,14551,14423,128,0,81015.00000000000000000000,1615.00000000000000000000,79400.0000000000000000,0,14551.0000000000000000000000000000000000000000,14423.0000000000000000000000000000000000000000,128,0,6874,76,6798,0,9.2800000000000000,100.0000000000000000,资讯科技业,信息技术,
45,0100.HK,MINIMAX-W,2026/01/08,417646,397689,19957,0,131752.00000000000000000000,5515.00000000000000000000,126237.0000000000000000,0,104902.3694000000000000000000000000000000000000,84945.3694000000000000000000000000000000000000,19957,0,138,33,105,0,1837.1700000000000000,2.8100000000000000,资讯科技业,信息技术,
46,3636.HK,金浔资源,2026/01/08,64456,63574,882,0,62571.00000000000000000000,5380.00000000000000000000,57191.0000000000000000,0,64456,63574,882,0,301,40,261,0,143.4600000000000000,7.0000000000000000,原材料业,原材料,
47,6938.HK,瑞博生物-B,2026/01/08,42771,41829,942,0,40637.00000000000000000000,2065.00000000000000000000,38572.0000000000000000,0,5365.4970000000000000000000000000000000000000,4423.4970000000000000000000000000000000000000,942,0,311,42,269,0,101.0600000000000000,1.7100000000000000,医疗保健业,医疗保健,
48,2513.HK,智谱,2026/01/07,204871,190045,14826,0,50470.00000000000000000000,1615.00000000000000000000,48855.0000000000000000,0,50940.0983000000000000000000000000000000000000,36114.0983000000000000000000000000000000000000,14826,0,108,26,82,0,1159.4600000000000000,5.0000000000000000,资讯科技业,信息技术,
49,2675.HK,精锋医疗-B,2026/01/07,196179,189777,6402,0,73976.00000000000000000000,6115.00000000000000000000,67861.0000000000000000,0,19930.1026000000000000000000000000000000000000,13528.1026000000000000000000000000000000000000,6402,0,59,32,27,0,1091.9400000000000000,0.50000000000000000000,医疗保健业,医疗保健,
50,9903.HK,天数智芯,2026/01/07,180802,171067,9735,0,83831.00000000000000000000,1215.00000000000000000000,82616.0000000000000000,0,22460.3999000000000000000000000000000000000000,12725.3999000000000000000000000000000000000000,9735,0,43,25,18,0,414.2400000000000000,7.0000000000000000,资讯科技业,信息技术,
51,6082.HK,壁仞科技,2025/12/31,471116,441861,29255,0,130977.00000000000000000000,4015.00000000000000000000,126962.0000000000000000,0,135523.7043000000000000000000000000000000000000,106268.7043000000000000000000000000000000000000,29255,0,106,29,77,0,2347.5300000000000000,5.0000000000000000,资讯科技业,信息技术,
52,2657.HK,林清轩,2025/12/29,169712,159642,10070,0,66221.00000000000000000000,5455.00000000000000000000,60766.0000000000000000,0,24096.8194000000000000000000000000000000000000,14026.8194000000000000000000000000000000000000,10070,0,46,33,13,0,1235.8100000000000000,2.0000000000000000,医疗保健业,日常消费品,
53,2671.HK,美联股份,2025/12/29,53657,53443,214,0,30515.00000000000000000000,10215.00000000000000000000,20300.0000000000000000,0,3029.0513000000000000000000000000000000000000,2815.0513000000000000000000000000000000000000,214,0,231,68,163,0,146.2500000000000000,0.75000000000000000000,地产建筑业,工业,
54,3317.HK,迅策,2025/12/29,9730,9696,34,0,29965.00000000000000000000,3515.00000000000000000000,26450.0000000000000000,0,3189.7676000000000000000000000000000000000000,3155.7676000000000000000000000000000000000000,34,0,4713,401,4312,0,7.2400000000000000,12.7800000000000000,资讯科技业,信息技术,
55,3696.HK,英矽智能,2025/12/29,221926,206081,15845,0,31724.00000000000000000000,1855.00000000000000000000,29869.0000000000000000,0,18145.2571000000000000000000000000000000000000,9522.9771000000000000000000000000000000000000,8622.280000000000000000000000000000000000,0,43,29,14,0,1427.3700000000000000,1.00000000000000000000,医疗保健业,医疗保健,
56,6600.HK,卧安机器人,2025/12/29,89935,87022,2913,0,71226.00000000000000000000,2715.00000000000000000000,68511.0000000000000000,0,13733.7442000000000000000000000000000000000000,10820.7442000000000000000000000000000000000000,2913,0,235,28,207,0,254.5000000000000000,7.0000000000000000,非必需性消费,非日常生活消费品,
57,6651.HK,五一视界,2025/12/29,44502,43820,682,0,24012.00000000000000000000,5115.00000000000000000000,18897.0000000000000000,0,10513.6006000000000000000000000000000000000000,9831.6006000000000000000000000000000000000000,682,0,300,48,252,0,256.0100000000000000,10.0000000000000000,资讯科技业,信息技术,
58,2635.HK,诺比侃,2025/12/22,33051,32605,446,0,24442.00000000000000000000,3255.00000000000000000000,21187.0000000000000000,0,3849.4256000000000000000000000000000000000000,3403.4256000000000000000000000000000000000000,446,0,135,32,103,0,188.7400000000000000,3.0000000000000000,资讯科技业,信息技术,
59,2661.HK,轻松健康,2025/12/22,111894,106191,5703,0,55400.00000000000000000000,3265.00000000000000000000,52135.0000000000000000,0,12359.7326000000000000000000000000000000000000,6656.7326000000000000000000000000000000000000,5703.000000000000000000000000000000000000,0,40,25,15,0,1421.4700000000000000,6.0000000000000000,非必需性消费,金融,
60,3378.HK,翰思艾泰-B,2025/12/22,139704,128426,11278,0,50275.00000000000000000000,6115.00000000000000000000,44160.0000000000000000,0,17580.3286000000000000000000000000000000000000,9015.7446000000000000000000000000000000000000,8564.5840000000000000000000000000000000000000,0,40,32,8,0,3074.0900000000000000,1.00000000000000000000,医疗保健业,医疗保健,
61,2396.HK,华芢生物-B,2025/12/19,146647,141939,4708,0,26927.00000000000000000000,2515.00000000000000000000,24412.0000000000000000,0,7931.2224000000000000000000000000000000000000,4408.9224000000000000000000000000000000000000,3522.300000000000000000000000000000000000,0,40,26,14,0,791.9500000000000000,2.5000000000000000,医疗保健业,医疗保健,
62,2581.HK,明基医院,2025/12/19,9291,9275,16,0,23155.00000000000000000000,3255.00000000000000000000,19900.0000000000000000,0,5353.2334000000000000000000000000000000000000,5337.2334000000000000000000000000000000000000,16,0,4434,127,4307,0,6.2800000000000000,50.0100000000000000,医疗保健业,医疗保健,
63,2691.HK,南华期货股份,2025/12/19,7479,7474,5,0,10255.00000000000000000000,2455.00000000000000000000,7800.0000000000000000,0,6042.8632000000000000000000000000000000000000,6037.8632000000000000000000000000000000000000,5,0,9535,1735,7800,0,1.9100000000000000,74.6400000000000000,金融业,金融,
64,2695.HK,印象大红袍,2025/12/19,114610,109770,4840,0,12120.00000000000000000000,7315.00000000000000000000,4805.0000000000000000,0,3418.1577000000000000000000000000000000000000,1806.3497000000000000000000000000000000000000,1611.808000000000000000000000000000000000,0,36,33,3,0,3397.4800000000000000,0.80000000000000000000,非必需性消费,非日常生活消费品,
65,2546.HK,智汇矿业,2025/12/18,177542,160873,16669,0,33713.00000000000000000000,6115.00000000000000000000,27598.0000000000000000,0,12569.4360000000000000000000000000000000000000,6338.5442000000000000000000000000000000000000,6230.8918000000000000000000000000000000000000,0,40,32,8,0,5248.1500000000000000,1.00000000000000000000,原材料业,原材料,
66,3881.HK,希迪智驾,2025/12/18,17353,17277,76,0,76635.00000000000000000000,6115.00000000000000000000,70520.0000000000000000,0,12473.0120000000000000000000000000000000000000,12397.0120000000000000000000000000000000000000,76,0,6395,260,6135,0,22.5500000000000000,50.0000000000000000,工业,信息技术,
67,3887.HK,HASHKEY HLDGS,2025/12/16,88592,84984,3608,0,180186.00000000000000000000,8365.00000000000000000000,171821.0000000000000000,0,29796.0625000000000000000000000000000000000000,26188.0625000000000000000000000000000000000000,3608,0,264,34,230,0,393.7100000000000000,10.0000000000000000,金融业,金融,
68,2655.HK,果下科技,2025/12/15,161076,151327,9749,0,229842.00000000000000000000,18990.00000000000000000000,210852.0000000000000000,0,161076,151327,9749,0,72,30,42,0,1890.7300000000000000,10.0000000000000000,工业,工业,
69,7618.HK,京东工业,2025/12/10,72234,71515,719,0,302817.00000000000000000000,5515.00000000000000000000,297302.0000000000000000,0,39170.5201000000000000000000000000000000000000,38451.5201000000000000000000000000000000000000,719,0,3154,56,3098,0,60.5200000000000000,35.0000000000000000,工业,工业,
70,2659.HK,宝济药业-B,2025/12/09,282687,262059,20628,0,106571.00000000000000000000,25071.00000000000000000000,81500.0000000000000000,0,37883.6127000000000000000000000000000000000000,20650.0127000000000000000000000000000000000000,17233.6000000000000000000000000000000000000000,0,44,33,11,0,3526.3400000000000000,7.0000000000000000,医疗保健业,医疗保健,
71,2676.HK,纳芯微,2025/12/05,21942,21743,199,0,38115.00000000000000000000,1615.00000000000000000000,36500.0000000000000000,0,4822.4407000000000000000000000000000000000000,4623.4407000000000000000000000000000000000000,199,0,1460,67,1393,0,25.3300000000000000,4.3200000000000000,资讯科技业,信息技术,
72,2687.HK,卓越睿新,2025/12/05,135193,122759,12434,0,22648.00000000000000000000,3415.00000000000000000000,19233.0000000000000000,0,6665.9924000000000000000000000000000000000000,3859.8438000000000000000000000000000000000000,2806.1486000000000000000000000000000000000000,0,40,29,11,0,4813.4000000000000000,1.00000000000000000000,资讯科技业,信息技术,
73,2408.HK,遇见小面,2025/12/04,61057,59309,1748,0,39991.00000000000000000000,6855.00000000000000000000,33136.0000000000000000,0,9591.8740000000000000000000000000000000000000,7843.8740000000000000000000000000000000000000,1748,0,89,37,52,0,425.9700000000000000,2.0000000000000000,非必需性消费,非日常生活消费品,
74,2658.HK,天域半导体,2025/12/04,45511,45019,492,0,150325.00000000000000000000,8455.00000000000000000000,141870.0000000000000000,0,15388.6317000000000000000000000000000000000000,14896.6317000000000000000000000000000000000000,492,0,2016,110,1906,0,60.6300000000000000,10.0000000000000000,资讯科技业,信息技术,
75,2539.HK,乐摩科技,2025/12/02,173139,159958,13181,0,21493.00000000000000000000,7315.00000000000000000000,14178.0000000000000000,0,5780.1745000000000000000000000000000000000000,2980.8191000000000000000000000000000000000000,2799.3554000000000000000000000000000000000000,0,40,33,7,0,7324.2900000000000000,0.80000000000000000000,非必需性消费,非日常生活消费品,
76,2693.HK,金岩高岭新材,2025/12/02,171899,158143,13756,0,33770.00000000000000000000,10910.00000000000000000000,22860.0000000000000000,0,171899,158143,13756,0,39,33,6,0,6876.1700000000000000,0.03000000000000000000,原材料业,原材料,
77,9609.HK,海伟股份,2025/11/27,165803,151135,14668,0,43723.00000000000000000000,5515.00000000000000000000,38208.0000000000000000,0,18306.1223000000000000000000000000000000000000,8972.5519000000000000000000000000000000000000,9333.5704000000000000000000000000000000000000,0,38,29,9,0,5426.2700000000000000,1.00000000000000000000,工业,信息技术,
78,2685.HK,量化派,2025/11/26,159327,146963,12364,0,18380.00000000000000000000,13310.00000000000000000000,5070.0000000000000000,0,159327,146963,12364,0,40,38,2,0,9366.2800000000000000,0.60000000000000000000,非必需性消费,通讯业务,
79,2788.HK,创新实业,2025/11/21,145228,132968,12260,0,210255.00000000000000000000,3255.00000000000000000000,207000.0000000000000000,0,51851.9357000000000000000000000000000000000000,39591.9357000000000000000000000000000000000000,12260,0,158,33,125,0,447.2000000000000000,10.0000000000000000,原材料业,原材料,
80,2579.HK,中伟新材,2025/11/16,40241,39925,316,0,81071.00000000000000000000,3015.00000000000000000000,78056.0000000000000000,0,13791.2832000000000000000000000000000000000000,13475.2832000000000000000000000000000000000000,316,0,2871,80,2791,0,27.9000000000000000,10.0000000000000000,原材料业,原材料,
81,2698.HK,乐舒适,2025/11/07,294053,270534,23519,0,135236.00000000000000000000,3015.00000000000000000000,132221.0000000000000000,0,40757.9174000000000000000000000000000000000000,22399.8674000000000000000000000000000000000000,18358.050000000000000000000000000000000000,0,51,27,24,0,1813.7700000000000000,1.00000000000000000000,必需性消费,日常消费品,
82,0699.HK,均胜电子,2025/11/05,94653,92791,1862,0,57765.00000000000000000000,1855.00000000000000000000,55910.0000000000000000,0,17405.9863000000000000000000000000000000000000,15543.9863000000000000000000000000000000000000,1862,0,117,29,88,0,147.6700000000000000,16.0000000000000000,非必需性消费,非日常生活消费品,
83,0800.HK,文远知行-W,2025/11/05,64949,64546,403,0,87177.00000000000000000000,6115.00000000000000000000,81062.0000000000000000,0,19612.6033000000000000000000000000000000000000,19209.6033000000000000000000000000000000000000,403,0,4143,400,3743,0,73.4400000000000000,6.6400000000000000,资讯科技业,信息技术,
84,2026.HK,小马智行-W,2025/11/05,37062,36619,443,0,79093.00000000000000000000,915.00000000000000000000,78178.0000000000000000,0,21420.1976000000000000000000000000000000000000,20977.1976000000000000000000000000000000000000,443,0,924,24,900,0,15.8800000000000000,55.0000000000000000,资讯科技业,信息技术,
85,2630.HK,旺山旺水-B,2025/11/05,265188,244283,20905,0,33764.00000000000000000000,4915.00000000000000000000,28849.0000000000000000,0,10298.6009000000000000000000000000000000000000,4780.2007000000000000000000000000000000000000,5518.4002000000000000000000000000000000000000,0,46,33,13,0,6238.4200000000000000,1.6800000000000000,医疗保健业,医疗保健,
86,9927.HK,赛力斯,2025/11/04,202321,194850,7471,0,200215.00000000000000000000,1215.00000000000000000000,199000.0000000000000000,0,57929.0743000000000000000000000000000000000000,50458.0743000000000000000000000000000000000000,7471,0,954,25,929,0,132.6800000000000000,10.0000000000000000,非必需性消费,非日常生活消费品,
87,2718.HK,明略科技-W,2025/10/31,283629,259920,23709,0,46639.00000000000000000000,2865.00000000000000000000,43774.0000000000000000,0,18068.9120000000000000000000000000000000000000,8913.6340000000000000000000000000000000000000,9155.2780000000000000000000000000000000000000,0,40,28,12,0,4452.8600000000000000,1.00000000000000000000,资讯科技业,信息技术,
88,1384.HK,滴普科技,2025/10/27,236934,219961,16973,0,16344.00000000000000000000,6015.00000000000000000000,10329.0000000000000000,0,25215.1007000000000000000000000000000000000000,13249.9007000000000000000000000000000000000000,11965.200000000000000000000000000000000000,0,36,31,5,0,7569.8300000000000000,3.0000000000000000,资讯科技业,信息技术,
89,6031.HK,三一重工,2025/10/27,115863,113392,2471,0,545121.00000000000000000000,4015.00000000000000000000,541106.0000000000000000,0,81770.1422000000000000000000000000000000000000,79299.1422000000000000000000000000000000000000,2471,0,6780,89,6691,0,52.9300000000000000,50.0000000000000000,工业,工业,
90,6166.HK,剑桥科技,2025/10/27,206461,199662,6799,0,227265.00000000000000000000,6855.00000000000000000000,220410.0000000000000000,0,55146.2908000000000000000000000000000000000000,48347.2908000000000000000000000000000000000000,6799,0,392,42,350,0,338.7000000000000000,5.0000000000000000,资讯科技业,通讯业务,
91,6980.HK,八马茶业,2025/10/27,168027,162764,5263,0,27115.00000000000000000000,6115.00000000000000000000,21000.0000000000000000,0,8361.4490000000000000000000000000000000000000,4431.1490000000000000000000000000000000000000,3930.300000000000000000000000000000000000,0,39,32,7,0,2680.0400000000000000,0.80000000000000000000,必需性消费,日常消费品,
92,0638.HK,广和通,2025/10/21,191156,184378,6778,0,134385.00000000000000000000,4615.00000000000000000000,129770.0000000000000000,0,30046.7079000000000000000000000000000000000000,23268.7079000000000000000000000000000000000000,6778,0,194,34,160,0,550.9900000000000000,0.31000000000000000000,工业,信息技术,
93,6687.HK,聚水潭,2025/10/20,386815,365172,21643,0,99198.00000000000000000000,6115.00000000000000000000,93083.0000000000000000,0,48497.7878000000000000000000000000000000000000,31085.4878000000000000000000000000000000000000,17412.300000000000000000000000000000000000,0,59,32,27,0,1952.9500000000000000,0.13000000000000000000,资讯科技业,信息技术,
94,2637.HK,海西新药,2025/10/17,316139,298721,17418,0,51755.00000000000000000000,4255.00000000000000000000,47500.0000000000000000,0,22058.5884000000000000000000000000000000000000,11409.2284000000000000000000000000000000000000,10649.360000000000000000000000000000000000,0,42,32,10,0,3165.1000000000000000,1.00000000000000000000,医疗保健业,医疗保健,
95,2670.HK,云迹,2025/10/15,260092,248480,11612,0,20905.00000000000000000000,4255.00000000000000000000,16650.0000000000000000,0,24772.7427000000000000000000000000000000000000,13734.2827000000000000000000000000000000000000,11038.460000000000000000000000000000000000,0,40,32,8,0,5657.2000000000000000,3.0000000000000000,资讯科技业,工业,
96,2575.HK,轩竹生物-B,2025/10/14,376021,356505,19516,0,25988.00000000000000000000,3255.00000000000000000000,22733.0000000000000000,0,15197.5142000000000000000000000000000000000000,7234.8614000000000000000000000000000000000000,7962.6528000000000000000000000000000000000000,0,40,31,9,0,4908.3300000000000000,1.00000000000000000000,医疗保健业,医疗保健,
97,2650.HK,挚达科技,2025/10/09,201807,184313,17494,0,27634.00000000000000000000,6655.00000000000000000000,20979.0000000000000000,0,11489.0590000000000000000000000000000000000000,6643.9260000000000000000000000000000000000000,4845.1330000000000000000000000000000000000000,0,44,36,8,0,5440.8000000000000000,0.04000000000000000000,工业,非日常生活消费品,
98,8549.HK,金叶国际集团,2025/10/09,168066,168066,0,0,14655.00000000000000000000,14655.00000000000000000000,0,0,3044.1571000000000000000000000000000000000000,3044.1571000000000000000000000000000000000000,0,0,41,41,0,0,11464.720000000000,0.50000000000000000000,地产建筑业,工业,
99,2652.HK,长风药业,2025/10/06,264209,242915,21294,0,19375.00000000000000000000,2455.00000000000000000000,16920.0000000000000000,0,8292.4024000000000000000000000000000000000000,4318.6944000000000000000000000000000000000000,3973.7080000000000000000000000000000000000000,0,39,30,9,0,6697.8000000000000000,1.00000000000000000000,医疗保健业,医疗保健,
100,2259.HK,紫金黄金国际,2025/09/29,350775,326642,24133,0,834610.00000000000000000000,2715.00000000000000000000,831895.0000000000000000,0,198426.0875000000000000000000000000000000000000,174293.0875000000000000000000000000000000000000,24133,0,1200,28,1172,0,240.7400000000000000,50.0000000000000000,原材料业,原材料,
101,2583.HK,西普尼,2025/09/29,160901,156291,4610,0,20415.00000000000000000000,6115.00000000000000000000,14300.0000000000000000,0,9547.7769000000000000000000000000000000000000,5380.3769000000000000000000000000000000000000,4167.400000000000000000000000000000000000,0,36,32,4,0,2505.9000000000000000,1.00000000000000000000,非必需性消费,非日常生活消费品,
102,2889.HK,博泰车联,2025/09/29,108368,105110,3258,0,101107.00000000000000000000,7515.00000000000000000000,93592.0000000000000000,0,18063.1030000000000000000000000000000000000000,14805.1030000000000000000000000000000000000000,3258,0,169,36,133,0,529.7900000000000000,0.26000000000000000000,非必需性消费,信息技术,
103,9973.HK,奇瑞汽车,2025/09/24,207928,194695,13233,0,448693.00000000000000000000,5995.00000000000000000000,442698.0000000000000000,0,68748.2960000000000000000000000000000000000000,55515.2960000000000000000000000000000000000000,13233,0,1002,49,953,0,308.1800000000000000,0.67000000000000000000,非必需性消费,非日常生活消费品,
104,6090.HK,不同集团,2025/09/22,154400,141789,12611,0,33105.00000000000000000000,3415.00000000000000000000,29690.0000000000000000,0,10379.4747000000000000000000000000000000000000,5292.9747000000000000000000000000000000000000,5086.500000000000000000000000000000000000,0,40,29,11,0,3317.4700000000000000,1.00000000000000000000,非必需性消费,非日常生活消费品,
105,2595.HK,劲方医药-B,2025/09/18,257876,235959,21917,0,100415.00000000000000000000,4765.00000000000000000000,95650.0000000000000000,0,30830.1904000000000000000000000000000000000000,18867.2904000000000000000000000000000000000000,11962.900000000000000000000000000000000000,0,53,29,24,0,2662.7900000000000000,0.08000000000000000000,医疗保健业,医疗保健,
106,2656.HK,健康160,2025/09/16,69550,67433,2117,0,31324.00000000000000000000,6595.00000000000000000000,24729.0000000000000000,0,8872.5504000000000000000000000000000000000000,6755.5504000000000000000000000000000000000000,2117,0,58,33,25,0,751.7700000000000000,8.0000000000000000,医疗保健业,医疗保健,
107,2525.HK,禾赛-W,2025/09/15,93392,91221,2171,0,207515.00000000000000000000,4015.00000000000000000000,203500.0000000000000000,0,47249.0656000000000000000000000000000000000000,45078.0656000000000000000000000000000000000000,2171,0,1030,28,1002,0,168.6500000000000000,30.0000000000000000,资讯科技业,信息技术,
108,2543.HK,大行科工,2025/09/08,223909,206523,17386,0,27975.00000000000000000000,7015.00000000000000000000,20960.0000000000000000,0,7903.6932000000000000000000000000000000000000,3834.8832000000000000000000000000000000000000,4068.8100000000000000000000000000000000000000,0,41,32,9,0,7558.4000000000000000,0.02000000000000000000,非必需性消费,非日常生活消费品,
109,2580.HK,奥克斯电气,2025/09/01,153533,147381,6152,0,100910.00000000000000000000,4015.00000000000000000000,96895.0000000000000000,0,77933.8104000000000000000000000000000000000000,71781.8104000000000000000000000000000000000000,6152,0,1036,85,951,0,557.2000000000000000,10.0000000000000000,非必需性消费,非日常生活消费品,
110,3858.HK,佳鑫国际资源,2025/08/27,164446,149942,14504,0,93841.00000000000000000000,3865.00000000000000000000,89976.0000000000000000,0,24968.0118000000000000000000000000000000000000,13729.6618000000000000000000000000000000000000,11238.350000000000000000000000000000000000,0,50,29,21,0,2041.6200000000000000,1.00000000000000000000,原材料业,原材料,
111,6960.HK,双登股份,2025/08/25,217990,197912,20078,0,25111.00000000000000000000,2455.00000000000000000000,22656.0000000000000000,0,12886.3902000000000000000000000000000000000000,6071.8302000000000000000000000000000000000000,6814.560000000000000000000000000000000000,0,40,30,10,0,3876.2500000000000000,0.06000000000000000000,工业,信息技术,
112,2631.HK,天岳先进,2025/08/19,215519,204270,11249,0,56051.00000000000000000000,6115.00000000000000000000,49936.0000000000000000,0,90772.7603000000000000000000000000000000000000,79523.7603000000000000000000000000000000000000,11249,0,114,31,83,0,2809.1900000000000000,30.0000000000000000,资讯科技业,信息技术,
113,2591.HK,银诺医药-B,2025/08/14,256072,233412,22660,0,60154.00000000000000000000,4015.00000000000000000000,56139.0000000000000000,0,18297.0722000000000000000000000000000000000000,8894.0984000000000000000000000000000000000000,9402.9738000000000000000000000000000000000000,0,40,28,12,0,5341.6600000000000000,0.50000000000000000000,医疗保健业,医疗保健,
114,2627.HK,中慧生物-B,2025/08/08,191879,180161,11718,0,51376.00000000000000000000,5515.00000000000000000000,45861.0000000000000000,0,19045.2058000000000000000000000000000000000000,10118.3558000000000000000000000000000000000000,8926.850000000000000000000000000000000000,0,39,29,10,0,4007.6400000000000000,1.00000000000000000000,医疗保健业,医疗保健,
115,9887.HK,维立志博-B,2025/07/24,323706,303298,20408,0,91142.00000000000000000000,6115.00000000000000000000,85027.0000000000000000,0,73332.8297000000000000000000000000000000000000,52924.8297000000000000000000000000000000000000,20408,0,109,35,74,0,3494.7800000000000000,0.27000000000000000000,医疗保健业,医疗保健,
116,1304.HK,FORTIOR,2025/07/08,66796,65651,1145,0,34265.00000000000000000000,1615.00000000000000000000,32650.0000000000000000,0,30868.3154000000000000000000000000000000000000,29723.3154000000000000000000000000000000000000,1145,0,1134,39,1095,0,138.2600000000000000,20.0000000000000000,资讯科技业,信息技术,
117,2590.HK,极智嘉-W,2025/07/08,94292,92816,1476,0,185103.00000000000000000000,4015.00000000000000000000,181088.0000000000000000,0,39484.6039000000000000000000000000000000000000,38008.6039000000000000000000000000000000000000,1476,0,6235,171,6064,0,133.6200000000000000,4.2600000000000000,资讯科技业,工业,
118,2597.HK,讯众通信,2025/07/08,9119,9104,15,0,10155.00000000000000000000,3255.00000000000000000000,6900.0000000000000000,0,2912.4009000000000000000000000000000000000000,2897.4009000000000000000000000000000000000000,15,0,1382,41,1341,0,12.7900000000000000,20.0100000000000000,电讯业,信息技术,
119,2651.HK,大众口腔,2025/07/08,35263,35180,83,0,37546.00000000000000000000,9615.00000000000000000000,27931.0000000000000000,0,8701.6881000000000000000000000000000000000000,8618.6881000000000000000000000000000000000000,83,0,1062,45,1017,0,108.2500000000000000,10.0000000000000000,医疗保健业,医疗保健,
120,6613.HK,蓝思科技,2025/07/08,229080,221394,7686,0,357886.00000000000000000000,4515.00000000000000000000,353371.0000000000000000,0,161996.5517000000000000000000000000000000000000,154310.5517000000000000000000000000000000000000,7686,0,2343,46,2297,0,462.7600000000000000,20.0000000000000000,工业,信息技术,
121,1828.HK,富卫集团,2025/07/04,61689,61402,287,0,155786.00000000000000000000,6115.00000000000000000000,149671.0000000000000000,0,38387.0198000000000000000000000000000000000000,38100.0198000000000000000000000000000000000000,287,0,19670,272,19398,0,37.1300000000000000,20.0000000000000000,金融业,金融,
122,2648.HK,安井食品,2025/07/03,32830,32333,497,0,107612.00000000000000000000,3415.00000000000000000000,104197.0000000000000000,0,27728.0920000000000000000000000000000000000000,27231.0920000000000000000000000000000000000000,497,0,6301,186,6115,0,44.2000000000000000,70.0000000000000000,必需性消费,日常消费品,
123,2592.HK,拨康视云-B,2025/07/02,29007,28794,213,0,22313.00000000000000000000,3255.00000000000000000000,19058.0000000000000000,0,7403.3720000000000000000000000000000000000000,7190.3720000000000000000000000000000000000000,213,0,741,59,682,0,78.7800000000000000,5.0000000000000000,医疗保健业,医疗保健,
124,3880.HK,泰德医药,2025/06/27,70338,69673,665,0,53515.00000000000000000000,7615.00000000000000000000,45900.0000000000000000,0,38688.2532000000000000000000000000000000000000,38023.2532000000000000000000000000000000000000,665,0,930,46,884,0,301.1500000000000000,50.0000000000000000,医疗保健业,医疗保健,
125,6603.HK,IFBH,2025/06/27,236078,215863,20215,0,70061.00000000000000000000,3015.00000000000000000000,67046.0000000000000000,0,72216.0227000000000000000000000000000000000000,52001.0227000000000000000000000000000000000000,20215,0,80,27,53,0,2682.3500000000000000,10.0000000000000000,必需性消费,日常消费品,
126,9678.HK,云知声,2025/06/27,25483,25390,93,0,19917.00000000000000000000,7015.00000000000000000000,12902.0000000000000000,0,8445.9741000000000000000000000000000000000000,8352.9741000000000000000000000000000000000000,93,0,1167,134,1033,0,91.6600000000000000,10.0100000000000000,资讯科技业,信息技术,
127,6883.HK,颖通控股,2025/06/26,31796,31678,118,0,64200.00000000000000000000,11530.00000000000000000000,52670.0000000000000000,0,31796,31678,118,0,8367,608,7759,0,35.8400000000000000,10.0000000000000000,医疗保健业,日常消费品,
128,2508.HK,圣贝拉集团,2025/06/25,52464,51796,668,0,31797.00000000000000000000,6855.00000000000000000000,24942.0000000000000000,0,14587.7689000000000000000000000000000000000000,13919.7689000000000000000000000000000000000000,668,0,850,170,680,0,193.0000000000000000,2.5400000000000000,非必需性消费,医疗保健,
129,6168.HK,周六福,2025/06/25,126409,123062,3347,0,98519.00000000000000000000,8115.00000000000000000000,90404.0000000000000000,0,39559.4199000000000000000000000000000000000000,36212.4199000000000000000000000000000000000000,3347,0,636,79,557,0,711.1100000000000000,0.82000000000000000000,非必需性消费,非日常生活消费品,
130,2619.HK,香江电器,2025/06/24,48554,46894,1660,0,18526.00000000000000000000,6115.00000000000000000000,12411.0000000000000000,0,16589.9244000000000000000000000000000000000000,14929.9244000000000000000000000000000000000000,1660,0,94,35,59,0,852.3800000000000000,10.0000000000000000,非必需性消费,非日常生活消费品,
131,2643.HK,曹操出行,2025/06/24,25263,25174,89,0,37615.00000000000000000000,6115.00000000000000000000,31500.0000000000000000,0,19398.8065000000000000000000000000000000000000,19309.8065000000000000000000000000000000000000,89,0,8642,385,8257,0,21.1400000000000000,50.0000000000000000,非必需性消费,信息技术,
132,2050.HK,三花智控,2025/06/20,334840,313491,21349,0,740110.00000000000000000000,6495.00000000000000000000,733615.0000000000000000,0,215357.2546000000000000000000000000000000000000,194008.2546000000000000000000000000000000000000,21349,0,2014,77,1937,0,747.9200000000000000,15.0000000000000000,工业,非日常生活消费品,
133,2609.HK,佰泽医疗,2025/06/20,24054,23950,104,0,38707.00000000000000000000,3865.00000000000000000000,34842.0000000000000000,0,9659.1250000000000000000000000000000000000000,9555.1250000000000000000000000000000000000000,104,0,1739,78,1661,0,25.9200000000000000,20.0000000000000000,医疗保健业,医疗保健,
134,2617.HK,药捷安康-B,2025/06/20,135427,130077,5350,0,21566.00000000000000000000,7910.00000000000000000000,13656.0000000000000000,0,135427,130077,5350,0,39,33,6,0,3419.8700000000000000,0.80000000000000000000,医疗保健业,医疗保健,
135,3288.HK,海天味业,2025/06/18,379668,356998,22670,0,409086.00000000000000000000,6115.00000000000000000000,402971.0000000000000000,0,172089.4185000000000000000000000000000000000000,149419.4185000000000000000000000000000000000000,22670,0,574,54,520,0,918.1500000000000000,5.0000000000000000,必需性消费,日常消费品,
136,2573.HK,新琪安,2025/06/09,21482,21319,163,0,21676.00000000000000000000,14030.00000000000000000000,7646.0000000000000000,0,21482,21319,163,0,151,44,107,0,149.3700000000000000,10.0000000000000000,必需性消费,日常消费品,
137,2605.HK,元光科技,2025/06/09,32176,31844,332,0,23972.00000000000000000000,8115.00000000000000000000,15857.0000000000000000,0,15745.2986000000000000000000000000000000000000,15413.2986000000000000000000000000000000000000,332,0,372,34,338,0,274.4400000000000000,45.0000000000000000,非必需性消费,通讯业务,
138,9881.HK,容大科技,2025/06/09,26751,26387,364,0,20590.00000000000000000000,6510.00000000000000000000,14080.0000000000000000,0,26751,26387,364,0,106,31,75,0,275.9600000000000000,6.0100000000000000,资讯科技业,信息技术,
139,2621.HK,手回集团,2025/05/29,53647,52375,1272,0,20910.00000000000000000000,6615.00000000000000000000,14295.0000000000000000,0,14160.5490000000000000000000000000000000000000,12888.5490000000000000000000000000000000000000,1272,0,109,34,75,0,990.0000000000000000,5.0000000000000000,金融业,金融,
140,2565.HK,派格生物医药-B,2025/05/26,49627,48276,1351,0,18383.00000000000000000000,3255.00000000000000000000,15128.0000000000000000,0,10415.9861000000000000000000000000000000000000,9064.9861000000000000000000000000000000000000,1351,0,124,33,91,0,743.7800000000000000,8.0000000000000000,医疗保健业,医疗保健,
141,2603.HK,吉宏股份,2025/05/26,18521,18304,217,0,37046.00000000000000000000,3255.00000000000000000000,33791.0000000000000000,0,11937.0362000000000000000000000000000000000000,11720.0362000000000000000000000000000000000000,217,0,2131,121,2010,0,49.3900000000000000,50.0000000000000000,非必需性消费,非日常生活消费品,
142,1276.HK,恒瑞医药,2025/05/23,203874,194421,9453,0,130886.00000000000000000000,3015.00000000000000000000,127871.0000000000000000,0,92416.7280000000000000000000000000000000000000,82963.7280000000000000000000000000000000000000,9453,0,769,37,732,0,454.8500000000000000,10.0000000000000000,医疗保健业,医疗保健,
143,2629.HK,MIRXES-B,2025/05/22,21541,21436,105,0,110305.00000000000000000000,6495.00000000000000000000,103810.0000000000000000,0,21021.6240000000000000000000000000000000000000,20916.6240000000000000000000000000000000000000,105,0,6074,90,5984,0,25.5100000000000000,95.0000000000000000,医疗保健业,医疗保健,
144,3750.HK,宁德时代,2025/05/19,310827,291778,19049,0,234205.00000000000000000000,595.00000000000000000000,233610.0000000000000000,0,69886.6246000000000000000000000000000000000000,50837.6246000000000000000000000000000000000000,19049,0,1198,19,1179,0,151.1500000000000000,10.0000000000000000,工业,信息技术,
145,6831.HK,绿茶集团,2025/05/15,98482,95708,2774,0,103510.00000000000000000000,6465.00000000000000000000,97045.0000000000000000,0,71751.4014000000000000000000000000000000000000,68977.4014000000000000000000000000000000000000,2774,0,1042,57,985,0,317.5400000000000000,40.0000000000000000,非必需性消费,非日常生活消费品,
146,2589.HK,沪上阿姨,2025/05/07,127637,119494,8143,0,23834.00000000000000000000,7315.00000000000000000000,16519.0000000000000000,0,28173.4085000000000000000000000000000000000000,20030.4085000000000000000000000000000000000000,8143,0,51,36,15,0,3616.8300000000000000,10.0000000000000000,必需性消费,日常消费品,
147,2865.HK,钧达股份,2025/05/07,9151,9137,14,0,50115.00000000000000000000,6115.00000000000000000000,44000.0000000000000000,0,4988.2328000000000000000000000000000000000000,4974.2328000000000000000000000000000000000000,14,0,18179,1369,16810,0,3.5000000000000000,23.8400000000000000,工业,信息技术,
148,1333.HK,博雷顿,2025/05/06,30638,30391,247,0,16565.00000000000000000000,7315.00000000000000000000,9250.0000000000000000,0,4935.4883000000000000000000000000000000000000,4688.4883000000000000000000000000000000000000,247,0,179,57,122,0,198.7200000000000000,2.0000000000000000,工业,工业,
149,9606.HK,映恩生物-B,2025/04/14,26857,25720,1137,0,52651.00000000000000000000,1615.00000000000000000000,51036.0000000000000000,0,24799.9908000000000000000000000000000000000000,23662.9908000000000000000000000000000000000000,1137,0,1798,50,1748,0,115.1400000000000000,80.0100000000000000,医疗保健业,医疗保健,
150,3677.HK,正力新能,2025/04/11,5998,5992,6,0,41999.00000000000000000000,7245.00000000000000000000,34754.0000000000000000,0,5998.0000000000000000000000000000000000000000,5992.0000000000000000000000000000000000000000,6,0,10285,917,9368,0,3.5100000000000000,100.0000000000000000,工业,信息技术,
151,2625.HK,江苏宏信,2025/03/28,9084,9077,7,0,14065.00000000000000000000,10065.00000000000000000000,4000.0000000000000000,0,2490.9458000000000000000000000000000000000000,2483.9458000000000000000000000000000000000000,7,0,1463,122,1341,0,46.9600000000000000,3.9100000000000000,必需性消费,日常消费品,
152,2569.HK,舒宝国际,2025/03/26,19843,19731,112,0,16955.00000000000000000000,8455.00000000000000000000,8500.0000000000000000,0,10958.4528000000000000000000000000000000000000,10846.4528000000000000000000000000000000000000,112,0,486,48,438,0,167.0900000000000000,30.0100000000000000,必需性消费,非日常生活消费品,
153,2610.HK,南山铝业国际,2025/03/24,12791,12760,31,0,43115.00000000000000000000,6115.00000000000000000000,37000.0000000000000000,0,12791.0000000000000000000000000000000000000000,12760.0000000000000000000000000000000000000000,31,0,13347,601,12746,0,3.8900000000000000,100.0000000000000000,原材料业,原材料,
154,2561.HK,维昇药业-B,2025/03/20,22345,22138,207,0,32065.00000000000000000000,2715.00000000000000000000,29350.0000000000000000,0,7497.9614000000000000000000000000000000000000,7290.9614000000000000000000000000000000000000,207,0,2109,165,1944,0,72.6400000000000000,6.2700000000000000,医疗保健业,医疗保健,
155,6693.HK,赤峰黄金,2025/03/07,29964,29872,92,0,85015.00000000000000000000,5515.00000000000000000000,79500.0000000000000000,0,19625.0867000000000000000000000000000000000000,19533.0867000000000000000000000000000000000000,92,0,13012,194,12818,0,9.5300000000000000,28.0000000000000000,原材料业,原材料,
156,2097.HK,蜜雪集团,2025/02/28,264992,226091,38901,0,39095.00000000000000000000,1065.00000000000000000000,38030.0000000000000000,0,70232.4588000000000000000000000000000000000000,42670.3088000000000000000000000000000000000000,27562.150000000000000000000000000000000000,0,42,25,17,0,5258.2100000000000000,8.0000000000000000,必需性消费,非日常生活消费品,
157,1364.HK,古茗,2025/02/11,29086,27448,1638,0,102441.00000000000000000000,5115.00000000000000000000,97326.0000000000000000,0,29086.0000000000000000000000000000000000000000,27448.0000000000000000000000000000000000000000,1638,0,870,141,729,0,194.8700000000000000,100.0000000000000000,必需性消费,非日常生活消费品,
158,2571.HK,赛目科技,2025/01/14,4565,4561,4,0,9265.00000000000000000000,6015.00000000000000000000,3250.0000000000000000,0,4565.0000000000000000000000000000000000000000,4561.0000000000000000000000000000000000000000,4,0,3789,539,3250,0,2.6600000000000000,100.0000000000000000,资讯科技业,信息技术,
159,0805.HK,新吉奥房车,2025/01/10,2336,2333,3,0,3665.00000000000000000000,3665.00000000000000000000,0,0,2043.9852000000000000000000000000000000000000,2040.9852000000000000000000000000000000000000,3,0,5432,632,4800,0,2.5200000000000000,80.0400000000000000,非必需性消费,非日常生活消费品,
160,2596.HK,宜宾银行,2025/01/10,2352,2352,0,0,2615.00000000000000000000,2615.00000000000000000000,0,0,2352.0000000000000000000000000000000000000000,2352.0000000000000000000000000000000000000000,0,0,2615,2615,0,0,0.21000000000000000000,100.0000000000000000,金融业,金融,
161,0325.HK,布鲁可,2025/01/09,126841,98721,28120,0,16335.00000000000000000000,1315.00000000000000000000,15020.0000000000000000,0,39336.8348000000000000000000000000000000000000,20100.8888000000000000000000000000000000000000,19235.946000000000000000000000000000000000,0,39,26,13,0,5999.9600000000000000,10.0000000000000000,非必需性消费,非日常生活消费品,
162,2530.HK,纽曼思,2025/01/09,9340,9277,63,0,11427.00000000000000000000,2115.00000000000000000000,9312.0000000000000000,0,5958.0510000000000000000000000000000000000000,5895.0510000000000000000000000000000000000000,63,0,1045,29,1016,0,65.1700000000000000,50.0100000000000000,医疗保健业,非日常生活消费品,
163,2560.HK,海螺材料科技,2025/01/08,11856,11839,17,0,18364.00000000000000000000,6115.00000000000000000000,12249.0000000000000000,0,9681.8000000000000000000000000000000000000000,9664.8000000000000000000000000000000000000000,17,0,5809,207,5602,0,25.8300000000000000,70.0000000000000000,原材料业,原材料,
164,2613.HK,汇舸环保,2025/01/08,12389,12351,38,0,20115.00000000000000000000,6115.00000000000000000000,14000.0000000000000000,0,7754.7891000000000000000000000000000000000000,7716.7891000000000000000000000000000000000000,38,0,1409,45,1364,0,55.3300000000000000,40.0100000000000000,工业,工业,
165,6681.HK,脑动极光-B,2025/01/07,10891,10878,13,0,18215.00000000000000000000,5215.00000000000000000000,13000.0000000000000000,0,7467.9263000000000000000000000000000000000000,7454.9263000000000000000000000000000000000000,13,0,3318,55,3263,0,11.3900000000000000,50.0100000000000000,医疗保健业,医疗保健,
166,2506.HK,讯飞医疗科技,2024/12/27,3136,3128,8,0,22180.00000000000000000000,4344.00000000000000000000,17836.0000000000000000,0,3136,3128,8,0,6351,553,5798,0,3.6600000000000000,80.0500000000000000,医疗保健业,医疗保健,
167,2577.HK,英诺赛科,2024/12/27,6105,6095,10,0,23115.00000000000000000000,6115.00000000000000000000,17000.0000000000000000,0,5531.8867000000000000000000000000000000000000,5521.8867000000000000000000000000000000000000,10,0,13354,918,12436,0,2.8700000000000000,80.0100000000000000,资讯科技业,信息技术,
168,2587.HK,健康之路,2024/12/27,4889,4869,20,0,17555.00000000000000000000,6655.00000000000000000000,10900.0000000000000000,0,3224.6702000000000000000000000000000000000000,3204.6702000000000000000000000000000000000000,20,0,1253,40,1213,0,34.4200000000000000,50.0000000000000000,医疗保健业,信息技术,
169,2431.HK,佑驾创新,2024/12/24,11407,11382,25,0,20015.00000000000000000000,4015.00000000000000000000,16000.0000000000000000,0,7898.8897000000000000000000000000000000000000,7873.8897000000000000000000000000000000000000,25,0,2786,51,2735,0,14.0400000000000000,50.0100000000000000,资讯科技业,非日常生活消费品,
170,2432.HK,越疆,2024/12/20,4243,4232,11,0,20665.00000000000000000000,5665.00000000000000000000,15000.0000000000000000,0,2673.9687000000000000000000000000000000000000,2662.9687000000000000000000000000000000000000,11,0,2342,439,1903,0,9.2500000000000000,50.0000000000000000,资讯科技业,信息技术,
171,0999.HK,小菜园,2024/12/19,2488,2483,5,0,8190.00000000000000000000,1565.00000000000000000000,6625.0000000000000000,0,2488.0000000000000000000000000000000000000000,2483.0000000000000000000000000000000000000000,5,0,5965,559,5406,0,1.4400000000000000,100.0000000000000000,非必需性消费,非日常生活消费品,
172,2593.HK,草姬集团,2024/12/18,55863,48647,7216,0,18323.00000000000000000000,10990.00000000000000000000,7333.0000000000000000,0,17045.2892000000000000000000000000000000000000,9829.2892000000000000000000000000000000000000,7216,0,40,36,4,0,6083.6300000000000000,3.0000000000000000,医疗保健业,医疗保健,
173,1318.HK,毛戈平,2024/12/09,69601,61726,7875,0,89909.00000000000000000000,7615.00000000000000000000,82294.0000000000000000,0,69601.0000000000000000000000000000000000000000,61726.0000000000000000000000000000000000000000,7875,0,365,118,247,0,919.1800000000000000,100.0000000000000000,医疗保健业,日常消费品,
174,2570.HK,重塑能源,2024/12/05,2411,2408,3,0,12065.00000000000000000000,3565.00000000000000000000,8500.0000000000000000,0,1875.0121000000000000000000000000000000000000,1872.0121000000000000000000000000000000000000,3,0,10388,1888,8500,0,1.5500000000000000,56.8100000000000000,工业,信息技术,
175,2586.HK,多点数智,2024/12/05,2988,2984,4,0,12209.00000000000000000000,6209.00000000000000000000,6000.0000000000000000,0,2988.0000000000000000000000000000000000000000,2984.0000000000000000000000000000000000000000,4,0,7502,1502,6000,0,1.9400000000000000,100.0000000000000000,资讯科技业,通讯业务,
176,2585.HK,梦金园,2024/11/28,8591,8553,38,0,57254.00000000000000000000,5515.00000000000000000000,51739.0000000000000000,0,3718.0331000000000000000000000000000000000000,3680.0331000000000000000000000000000000000000,38,0,8266,390,7876,0,20.5800000000000000,7.6600000000000000,非必需性消费,非日常生活消费品,
177,2566.HK,九源基因,2024/11/27,30759,28214,2545,0,64865.00000000000000000000,9265.00000000000000000000,55600.0000000000000000,0,21275.3921000000000000000000000000000000000000,18730.3921000000000000000000000000000000000000,2545,0,396,89,307,0,675.8300000000000000,20.0100000000000000,医疗保健业,医疗保健,
178,6936.HK,顺丰控股,2024/11/26,82574,81205,1369,0,170390.00000000000000000000,3015.00000000000000000000,167375.0000000000000000,0,47246.1928000000000000000000000000000000000000,45877.1928000000000000000000000000000000000000,1369,0,3392,63,3329,0,79.0700000000000000,20.0000000000000000,工业,工业,
179,2582.HK,国富氢能,2024/11/14,5904,5868,36,0,13815.00000000000000000000,3915.00000000000000000000,9900.0000000000000000,0,2428.8435000000000000000000000000000000000000,2392.8435000000000000000000000000000000000000,36,0,981,84,897,0,21.0700000000000000,15.0300000000000000,工业,工业,
180,2519.HK,傲基股份,2024/11/07,5570,5546,24,0,17997.00000000000000000000,4015.00000000000000000000,13982.0000000000000000,0,4896.0496000000000000000000000000000000000000,4872.0496000000000000000000000000000000000000,24,0,4348,294,4054,0,17.7400000000000000,70.0200000000000000,非必需性消费,非日常生活消费品,
181,2551.HK,晶科电子股份,2024/11/07,61975,54157,7818,0,15495.00000000000000000000,10915.00000000000000000000,4580.0000000000000000,0,15229.3162000000000000000000000000000000000000,7424.3162000000000000000000000000000000000000,7805.000000000000000000000000000000000000,0,42,39,3,0,5677.8300000000000000,0.24000000000000000000,工业,信息技术,
182,2510.HK,德翔海运,2024/10/31,6861,6846,15,0,34315.00000000000000000000,7315.00000000000000000000,27000.0000000000000000,0,3023.6178000000000000000000000000000000000000,3008.6178000000000000000000000000000000000000,15,0,5586,375,5211,0,12.0900000000000000,5.8700000000000000,工业,工业,
183,2563.HK,华昊中天医药-B,2024/10/30,7175,7149,26,0,17015.00000000000000000000,4765.00000000000000000000,12250.0000000000000000,0,1970.6857000000000000000000000000000000000000,1944.6857000000000000000000000000000000000000,26,0,1457,177,1280,0,21.4500000000000000,4.4500000000000000,医疗保健业,医疗保健,
184,2465.HK,龙蟠科技,2024/10/29,6292,6282,10,0,13455.00000000000000000000,5855.00000000000000000000,7600.0000000000000000,0,5377.9098000000000000000000000000000000000000,5367.9098000000000000000000000000000000000000,10,0,3722,330,3392,0,3.9900000000000000,70.0200000000000000,工业,信息技术,
185,9660.HK,地平线机器人-W,2024/10/23,28115,27095,1020,0,313041.00000000000000000000,10365.00000000000000000000,302676.0000000000000000,0,28115.0000000000000000000000000000000000000000,27095.0000000000000000000000000000000000000000,1020,0,11295,319,10976,0,33.8300000000000000,100.0000000000000000,资讯科技业,非日常生活消费品,
186,2460.HK,华润饮料,2024/10/22,61885,56146,5739,0,605667.00000000000000000000,5515.00000000000000000000,600152.0000000000000000,0,51046.9534000000000000000000000000000000000000,45307.9534000000000000000000000000000000000000,5739,0,4111,213,3898,0,234.4900000000000000,30.0000000000000000,必需性消费,日常消费品,
187,2567.HK,七牛智能,2024/10/15,15747,15719,28,0,34102.00000000000000000000,6115.00000000000000000000,27987.0000000000000000,0,14402.0000000000000000000000000000000000000000,14374.0000000000000000000000000000000000000000,28,0,7449,143,7306,0,19.8700000000000000,80.0000000000000000,资讯科技业,信息技术,
188,9639.HK,荣利营造,2024/10/08,14898,14821,77,0,16955.00000000000000000000,5455.00000000000000000000,11500.0000000000000000,0,7912.0202000000000000000000000000000000000000,7835.0202000000000000000000000000000000000000,77,0,1117,70,1047,0,120.6000000000000000,25.0000000000000000,地产建筑业,工业,
189,2576.HK,太美医疗科技,2024/10/07,25455,25269,186,0,41619.00000000000000000000,9265.00000000000000000000,32354.0000000000000000,0,7800.2975000000000000000000000000000000000000,7614.2975000000000000000000000000000000000000,186,0,2501,233,2268,0,156.3300000000000000,2.6900000000000000,资讯科技业,信息技术,
190,2549.HK,卡罗特,2024/09/30,56802,50883,5919,0,53241.00000000000000000000,8455.00000000000000000000,44786.0000000000000000,0,34849.1495000000000000000000000000000000000000,28930.1495000000000000000000000000000000000000,5919,0,160,65,95,0,1347.2700000000000000,15.0000000000000000,非必需性消费,非日常生活消费品,
191,0300.HK,美的集团,2024/09/16,13717,13539,178,0,423029.00000000000000000000,4995.00000000000000000000,418034.0000000000000000,0,13717.0000000000000000000000000000000000000000,13539.0000000000000000000000000000000000000000,178,0,58391,1513,56878,0,5.3100000000000000,100.0000000000000000,非必需性消费,非日常生活消费品,
192,8629.HK,集信国控,2024/09/05,2480,2476,4,0,5173.00000000000000000000,4155.00000000000000000000,1018.0000000000000000,0,844.1302000000000000000000000000000000000000,840.1302000000000000000000000000000000000000,4,0,332,78,254,0,14.3300000000000000,10.0600000000000000,地产建筑业,工业,
193,2410.HK,同源康医药-B,2024/08/19,974,970,4,0,13015.00000000000000000000,3015.00000000000000000000,10000.0000000000000000,0,648.9756000000000000000000000000000000000000,644.9756000000000000000000000000000000000000,4,0,5958,1170,4788,0,2.2900000000000000,47.8800000000000000,医疗保健业,医疗保健,
194,2533.HK,黑芝麻智能,2024/08/07,3296,3295,1,0,8115.00000000000000000000,6115.00000000000000000000,2000.0000000000000000,0,3296.0000000000000000000000000000000000000000,3295.0000000000000000000000000000000000000000,1,0,3419,1419,2000,0,2.5200000000000000,100.0000000000000000,资讯科技业,信息技术,
195,1471.HK,众淼控股,2024/08/05,4677,4677,0,0,7410.00000000000000000000,7410.00000000000000000000,0,0,4677,4677,0,0,1634,1634,0,0,16.0700000000000000,50.0000000000000000,金融业,金融,
196,2531.HK,广联科技控股,2024/07/12,2613,2611,2,0,6215.00000000000000000000,4215.00000000000000000000,2000.0000000000000000,0,2613.0000000000000000000000000000000000000000,2611.0000000000000000000000000000000000000000,2,0,2895,895,2000,0,2.4900000000000000,100.0000000000000000,资讯科技业,信息技术,
197,2507.HK,西锐,2024/07/11,4795,4789,6,0,24169.00000000000000000000,6169.00000000000000000000,18000.0000000000000000,0,4795,4789,6,0,20646,2646,18000,0,1.5600000000000000,100.0000000000000000,工业,工业,
198,1334.HK,瑞昌国际控股,2024/07/09,5537,5531,6,0,14646.00000000000000000000,10646.00000000000000000000,4000.0000000000000000,0,2317.1105000000000000000000000000000000000000,2311.1105000000000000000000000000000000000000,6,0,1292,153,1139,0,19.2400000000000000,20.0100000000000000,能源业,能源,
199,2495.HK,声通科技,2024/07/09,2734,2723,11,0,21929.00000000000000000000,5515.00000000000000000000,16414.0000000000000000,0,1692.9298000000000000000000000000000000000000,1681.9298000000000000000000000000000000000000,11,0,5996,1663,4333,0,3.5100000000000000,34.8600000000000000,资讯科技业,信息技术,
200,9680.HK,如祺出行,2024/07/09,1467,1465,2,0,4715.00000000000000000000,2715.00000000000000000000,2000.0000000000000000,0,1467.0000000000000000000000000000000000000000,1465.0000000000000000000000000000000000000000,2,0,4715,2715,2000,0,0.60000000000000000000,100.0000000000000000,非必需性消费,信息技术,
201,6086.HK,方舟健客,2024/07/08,4371,4368,3,0,10821.00000000000000000000,7041.00000000000000000000,3780.0000000000000000,0,4371,4368,3,0,4327,1868,2459,0,16.6300000000000000,40.0400000000000000,医疗保健业,日常消费品,
202,6657.HK,百望股份,2024/07/08,3809,3804,5,0,9215.00000000000000000000,5215.00000000000000000000,4000.0000000000000000,0,2337.9747000000000000000000000000000000000000,2332.9747000000000000000000000000000000000000,5,0,2445,268,2177,0,6.5800000000000000,40.0100000000000000,资讯科技业,信息技术,
203,1354.HK,经发物业,2024/07/02,7071,6991,80,0,26586.00000000000000000000,18530.00000000000000000000,8056.0000000000000000,0,7071,6991,80,0,405,296,109,0,118.8700000000000000,3.7900000000000000,地产建筑业,房地产,
204,2545.HK,中赣通信,2024/07/02,14245,14115,130,0,33565.00000000000000000000,15265.00000000000000000000,18300.0000000000000000,0,12664.8269000000000000000000000000000000000000,12534.8269000000000000000000000000000000000000,130,0,1053,57,996,0,195.9900000000000000,70.0100000000000000,电讯业,通讯业务,
205,8637.HK,元续科技,2024/06/28,30583,29235,1348,0,37030.00000000000000000000,25130.00000000000000000000,11900.0000000000000000,0,30583,29235,1348,0,88,70,18,0,2480.6100000000000000,3.0100000000000000,资讯科技业,信息技术,
206,2479.HK,天聚地合,2024/06/27,36119,34064,2055,0,24073.00000000000000000000,5455.00000000000000000000,18618.0000000000000000,0,9427.3006000000000000000000000000000000000000,7372.3006000000000000000000000000000000000000,2055,0,71,36,35,0,602.8700000000000000,1.2800000000000000,资讯科技业,信息技术,
207,2559.HK,嘀嗒出行,2024/06/27,19815,19628,187,0,24964.00000000000000000000,6855.00000000000000000000,18109.0000000000000000,0,7924.2780000000000000000000000000000000000000,7737.2780000000000000000000000000000000000000,187,0,1163,199,964,0,112.9000000000000000,10.0000000000000000,非必需性消费,信息技术,
208,6181.HK,老铺黄金,2024/06/27,42474,39087,3387,0,133182.00000000000000000000,12230.00000000000000000000,120952.0000000000000000,0,42474,39087,3387,0,932,216,716,0,582.1500000000000000,3.3900000000000000,非必需性消费,非日常生活消费品,
209,2881.HK,武汉有机,2024/06/17,13111,12610,501,0,12685.00000000000000000000,6655.00000000000000000000,6030.0000000000000000,0,3417.9632000000000000000000000000000000000000,2916.9632000000000000000000000000000000000000,501,0,66,39,27,0,337.5700000000000000,5.0100000000000000,原材料业,原材料,
210,2512.HK,云工场,2024/06/13,8846,8810,36,0,18817.00000000000000000000,10067.00000000000000000000,8750.0000000000000000,0,8846.0000000000000000000000000000000000000000,8810.0000000000000000000000000000000000000000,36,0,2958,183,2775,0,25.7900000000000000,100.0000000000000000,资讯科技业,信息技术,
211,2228.HK,晶泰控股,2024/06/12,19602,19303,299,0,27299.00000000000000000000,4215.00000000000000000000,23084.0000000000000000,0,10448.2391000000000000000000000000000000000000,10149.2391000000000000000000000000000000000000,299,0,1084,88,996,0,103.3500000000000000,20.0000000000000000,医疗保健业,工业,
212,2522.HK,一脉阳光,2024/06/06,17855,17155,700,0,12637.00000000000000000000,2655.00000000000000000000,9982.0000000000000000,0,5416.1524000000000000000000000000000000000000,4716.1524000000000000000000000000000000000000,700,0,181,47,134,0,336.3300000000000000,3.0100000000000000,医疗保健业,医疗保健,
213,2550.HK,宜搜科技,2024/06/06,9239,9189,50,0,11335.00000000000000000000,8455.00000000000000000000,2880.0000000000000000,0,1828.2263000000000000000000000000000000000000,1778.2263000000000000000000000000000000000000,50,0,123,46,77,0,114.5900000000000000,10.0200000000000000,非必需性消费,信息技术,
214,8529.HK,优博控股,2024/05/31,38849,37670,1179,0,16060.00000000000000000000,11310.00000000000000000000,4750.0000000000000000,0,5110.8221000000000000000000000000000000000000,3931.8221000000000000000000000000000000000000,1179,0,51,42,9,0,2503.0300000000000000,0.20000000000000000000,资讯科技业,信息技术,
215,2443.HK,汽车街,2024/05/30,19474,18876,598,0,19765.00000000000000000000,10515.00000000000000000000,9250.0000000000000000,0,6621.8249000000000000000000000000000000000000,6023.8249000000000000000000000000000000000000,598,0,81,42,39,0,433.3400000000000000,5.0100000000000000,非必需性消费,非日常生活消费品,
216,2505.HK,EDA集团控股,2024/05/27,9929,9722,207,0,19996.00000000000000000000,6115.00000000000000000000,13881.0000000000000000,0,4127.7570000000000000000000000000000000000000,3920.7570000000000000000000000000000000000000,207,0,267,70,197,0,103.4400000000000000,10.0100000000000000,工业,工业,
217,0917.HK,趣致集团,2024/05/24,5765,5711,54,0,10715.00000000000000000000,4815.00000000000000000000,5900.0000000000000000,0,4205.6085000000000000000000000000000000000000,4151.6085000000000000000000000000000000000000,54,0,655,121,534,0,12.0500000000000000,60.0200000000000000,非必需性消费,信息技术,
218,2898.HK,盛禾生物-B,2024/05/23,7451,7430,21,0,12515.00000000000000000000,8015.00000000000000000000,4500.0000000000000000,0,2921.9895000000000000000000000000000000000000,2900.9895000000000000000000000000000000000000,21,0,1397,515,882,0,10.0800000000000000,7.8200000000000000,医疗保健业,医疗保健,
219,2529.HK,泓盈城市服务,2024/05/16,5727,5714,13,0,12660.00000000000000000000,7660.00000000000000000000,5000.0000000000000000,0,4745.0631000000000000000000000000000000000000,4732.0631000000000000000000000000000000000000,13,0,1488,74,1414,0,47.5900000000000000,80.0300000000000000,地产建筑业,房地产,
220,2556.HK,迈富时,2024/05/14,2576,2565,11,0,5855.00000000000000000000,4655.00000000000000000000,1200.0000000000000000,0,1797.0872000000000000000000000000000000000000,1786.0872000000000000000000000000000000000000,11,0,511,241,270,0,5.9500000000000000,55.0400000000000000,资讯科技业,信息技术,
221,2438.HK,出门问问,2024/04/23,15352,15140,212,0,19343.00000000000000000000,6115.00000000000000000000,13228.0000000000000000,0,10303.4650000000000000000000000000000000000000,10091.4650000000000000000000000000000000000000,212,0,816,113,703,0,117.3900000000000000,25.0100000000000000,资讯科技业,信息技术,
222,2515.HK,天津建发,2024/04/22,16354,15702,652,0,10964.00000000000000000000,5415.00000000000000000000,5549.0000000000000000,0,6010.8351000000000000000000000000000000000000,5358.8351000000000000000000000000000000000000,652,0,103,48,55,0,433.0600000000000000,10.0100000000000000,地产建筑业,工业,
223,2555.HK,茶百道,2024/04/22,4593,4589,4,0,9315.00000000000000000000,2815.00000000000000000000,6500.0000000000000000,0,4593.0000000000000000000000000000000000000000,4589.0000000000000000000000000000000000000000,4,0,9315,2815,6500,0,0.50000000000000000000,100.0000000000000000,必需性消费,非日常生活消费品,
224,2497.HK,富景中国控股,2024/03/27,12820,12483,337,0,16015.00000000000000000000,9265.00000000000000000000,6750.0000000000000000,0,3833.1274000000000000000000000000000000000000,3496.1274000000000000000000000000000000000000,337,0,65,33,32,0,294.1300000000000000,10.0200000000000000,必需性消费,日常消费品,
225,2598.HK,连连数字,2024/03/27,10112,10081,31,0,19651.00000000000000000000,5459.00000000000000000000,14192.0000000000000000,0,10112.0000000000000000000000000000000000000000,10081.0000000000000000000000000000000000000000,31,0,7094,304,6790,0,16.9400000000000000,100.0000000000000000,金融业,金融,
226,2536.HK,百乐皇宫,2024/03/25,7141,7097,44,0,27358.00000000000000000000,5215.00000000000000000000,22143.0000000000000000,0,7141.0000000000000000000000000000000000000000,7097.0000000000000000000000000000000000000000,44,0,4195,405,3790,0,15.9600000000000000,100.0000000000000000,非必需性消费,非日常生活消费品,
227,9879.HK,米高集团,2024/03/20,7793,7768,25,0,55995.00000000000000000000,5995.00000000000000000000,50000.0000000000000000,0,5351.9020000000000000000000000000000000000000,5326.9020000000000000000000000000000000000000,25,0,6155,255,5900,0,9.7900000000000000,30.0200000000000000,原材料业,原材料,
228,2509.HK,荃信生物-B,2024/03/19,14525,14312,213,0,16327.00000000000000000000,7315.00000000000000000000,9012.0000000000000000,0,4237.5284000000000000000000000000000000000000,4024.5284000000000000000000000000000000000000,213,0,166,53,113,0,163.1500000000000000,5.0000000000000000,医疗保健业,医疗保健,
229,2535.HK,泓基集团,2024/03/07,6323,6248,75,0,16915.00000000000000000000,10165.00000000000000000000,6750.0000000000000000,0,1807.2592000000000000000000000000000000000000,1732.2592000000000000000000000000000000000000,75,0,476,265,211,0,70.4800000000000000,2.5700000000000000,地产建筑业,工业,
230,2540.HK,乐思集团,2024/03/07,5113,5104,9,0,11846.00000000000000000000,6646.00000000000000000000,5200.0000000000000000,0,5113.0000000000000000000000000000000000000000,5104.0000000000000000000000000000000000000000,9,0,3041,179,2862,0,22.3500000000000000,100.0000000000000000,非必需性消费,通讯业务,
231,2477.HK,经纬天地,2024/01/11,3480,3479,1,0,8427.00000000000000000000,6865.00000000000000000000,1562.0000000000000000,0,1447.0441000000000000000000000000000000000000,1446.0441000000000000000000000000000000000000,1,0,656,447,209,0,28.6400000000000000,20.0400000000000000,电讯业,通讯业务,
232,2453.HK,美中嘉和,2024/01/08,1638,1635,3,0,16420.00000000000000000000,4565.00000000000000000000,11855.0000000000000000,0,1638.0000000000000000000000000000000000000000,1635.0000000000000000000000000000000000000000,3,0,7850,1923,5927,0,1.9900000000000000,100.0000000000000000,医疗保健业,医疗保健,
233,2503.HK,中深建业,2024/01/08,5112,5101,11,0,12599.00000000000000000000,8115.00000000000000000000,4484.0000000000000000,0,5112.0000000000000000000000000000000000000000,5101.0000000000000000000000000000000000000000,11,0,1859,52,1807,0,58.4400000000000000,100.0000000000000000,地产建筑业,工业,
234,6959.HK,长久股份,2024/01/08,2510,2481,29,0,17309.00000000000000000000,5455.00000000000000000000,11854.0000000000000000,0,1695.9510000000000000000000000000000000000000,1666.9510000000000000000000000000000000000000,29,0,1441,282,1159,0,11.6700000000000000,20.1200000000000000,非必需性消费,信息技术,
235,2498.HK,速腾聚创,2024/01/04,1786,1773,13,0,3115.00000000000000000000,715.00000000000000000000,2400.0000000000000000,0,1786.0000000000000000000000000000000000000000,1773.0000000000000000000000000000000000000000,13,0,3115,715,2400,0,0.58000000000000000000,100.0000000000000000,资讯科技业,信息技术,
,,,,,,,,,,,,,,,,,,,,,,,,
数据来源：同花顺iFinD,,,,,,,,,,,,,,,,,,,,,,,,
