code,name,unlock_date,days_to_unlock,unlock_type,holder_name,unlock_shares,unlock_value_hkd,pct_total_shares,pct_float_shares,amount_ma20,unlock_value_to_20d_amount,price_gain_vs_issue,lockup_risk_score,lockup_risk_level,lockup_risk_reason,data_confidence
2469.HK,粉笔,,,2025/10/20,2027/10/20,1,55110.1,41332.575,24.613249444004406,,,,36.0,低风险,缺少解禁市值或成交额，风险评级置信度较低,iFind精确
1201.HK,天臣控股,,,2024/10/07,2027/10/07,1,12000.0,24600.0,32.46004733518863,,,,36.0,低风险,缺少解禁市值或成交额，风险评级置信度较低,iFind精确
2400.HK,心动公司,,,2024/09/06,2027/09/06,2,960.0,52224.0,1.9494991821891543,,,,36.0,低风险,缺少解禁市值或成交额，风险评级置信度较低,iFind精确
2521.HK,升辉清洁,,,2025/06/16,2027/06/16,1,19375.5,21506.805,9.937504327511174,,,,36.0,低风险,缺少解禁市值或成交额，风险评级置信度较低,iFind精确
1280.HK,奇点国峰,,,2025/12/16,2027/06/16,12,9406.953,20695.2966,4.865747580995237,,,,36.0,低风险,缺少解禁市值或成交额，风险评级置信度较低,iFind精确
6871.HK,翼菲科技,,,2026/05/18,2027/05/18,34,21691.0596,1165894.4535,88.55157471872428,,,,36.0,低风险,缺少解禁市值或成交额，风险评级置信度较低,iFind精确
7666.HK,剂泰科技-P,,,2026/05/13,2027/05/13,32,62687.123,1464371.19328,54.39164397026552,,,,36.0,低风险,缺少解禁市值或成交额，风险评级置信度较低,iFind精确
7630.HK,英派药业-B,,,2026/05/13,2027/05/13,43,23418.813,893661.90408,84.80003612331505,,,,36.0,低风险,缺少解禁市值或成交额，风险评级置信度较低,iFind精确
2499.HK,佛朗斯股份,,,2026/05/11,2027/05/11,1,1450.0,8439.0,3.999748253086504,,,,36.0,低风险,缺少解禁市值或成交额，风险评级置信度较低,iFind精确
8321.HK,泰锦控股,,,2026/03/11,2027/03/11,2,29000.0,55100.0,54.0641312453393,,,,36.0,低风险,缺少解禁市值或成交额，风险评级置信度较低,iFind精确
2649.HK,优乐赛共享,,,2026/03/09,2027/03/10,12,6239.5831,24334.37409,69.0708366542685,0.0,,,36.0,低风险,缺少解禁市值或成交额，风险评级置信度较低,iFind精确
2373.HK,美丽田园医疗健康,,,2026/01/07,2026/12/31,1,394.9536,7685.797056,1.5698070995135949,,,,36.0,低风险,缺少解禁市值或成交额，风险评级置信度较低,iFind精确
9880.HK,优必选,,,2025/12/29,2026/12/29,1,7057.435,798195.8985,14.019498909868885,,,,36.0,低风险,缺少解禁市值或成交额，风险评级置信度较低,iFind精确
2440.HK,迷策略,,,2025/12/19,2026/12/19,5,4904.9824,7651.772544,11.761727136864284,,,,36.0,低风险,缺少解禁市值或成交额，风险评级置信度较低,iFind精确
2521.HK,升辉清洁,,,2024/12/13,2026/12/13,1,13098.0,14538.78,6.717836013612105,,,,36.0,低风险,缺少解禁市值或成交额，风险评级置信度较低,iFind精确
0995.HK,安徽皖通高速公路,,,2025/06/09,2026/12/09,1,4998.1889,77022.090949,2.925326365048664,,,,36.0,低风险,缺少解禁市值或成交额，风险评级置信度较低,iFind精确
1801.HK,信达生物,,,2025/12/05,2026/12/05,1,691.3834,55518.08702,0.3977497356944487,,,,36.0,低风险,缺少解禁市值或成交额，风险评级置信度较低,iFind精确
2520.HK,山西安装,,,2023/11/22,2026/11/22,1,7201.8,14043.51,5.24344623825798,,,,36.0,低风险,缺少解禁市值或成交额，风险评级置信度较低,iFind精确
7630.HK,英派药业-B,,,2026/05/13,2026/11/13,11,1393.0,53156.88,5.044083588684784,,,,36.0,低风险,缺少解禁市值或成交额，风险评级置信度较低,iFind精确
7666.HK,剂泰科技-P,,,2026/05/13,2026/11/13,18,11041.5,257929.44,9.580362092828643,,,,36.0,低风险,缺少解禁市值或成交额，风险评级置信度较低,iFind精确
2373.HK,美丽田园医疗健康,,,2026/01/07,2026/09/30,1,394.9536,7685.797056,1.5698070995135949,,,,36.0,低风险,缺少解禁市值或成交额，风险评级置信度较低,iFind精确
8195.HK,传承教育集团,,,2025/03/19,2026/09/19,1,1094.6,1258.79,2.3864928117336506,,,,36.0,低风险,缺少解禁市值或成交额，风险评级置信度较低,iFind精确
2257.HK,圣诺医药-B,,,2026/03/07,2026/09/07,1,250.0,1407.5,2.278495221239061,,,,36.0,低风险,缺少解禁市值或成交额，风险评级置信度较低,iFind精确
9669.HK,北森控股,,,2026/02/11,2026/08/11,1,3476.1638,11575.625454,4.721818460038681,,,,36.0,低风险,缺少解禁市值或成交额，风险评级置信度较低,iFind精确
2627.HK,中慧生物-B,,,2025/08/11,2026/08/11,28,18155.5737,532321.420884,46.14541917931612,0.0,,,36.0,低风险,缺少解禁市值或成交额，风险评级置信度较低,iFind精确
3938.HK,LFG投资控股,,,2025/08/05,2026/08/05,1,8119.2593,28011.444585,16.567536724728956,,,,36.0,低风险,缺少解禁市值或成交额，风险评级置信度较低,iFind精确
3393.HK,威胜控股,,,2026/04/27,2026/07/26,1,5000.0,129900.0,4.780664659154027,,,,36.0,低风险,缺少解禁市值或成交额，风险评级置信度较低,iFind精确
6683.HK,巨星传奇,,,2024/07/13,2026/07/13,2,10961.613,61165.80054,11.51746332096648,,,,36.0,低风险,缺少解禁市值或成交额，风险评级置信度较低,iFind精确
2373.HK,美丽田园医疗健康,,,2026/01/07,2026/06/30,1,789.9075,15371.59995,3.1396153914258154,,,,36.0,低风险,缺少解禁市值或成交额，风险评级置信度较低,iFind精确
6883.HK,颖通控股,,,2025/06/26,2026/06/26,1,40002.0,81204.06,29.45655375552283,0.0,,,36.0,低风险,缺少解禁市值或成交额，风险评级置信度较低,iFind精确
2402.HK,亿华通,,,2025/12/23,2026/06/23,1,888.0,16046.16,3.691815230251968,,,,36.0,低风险,缺少解禁市值或成交额，风险评级置信度较低,iFind精确
2297.HK,润迈德-B,,,2025/06/20,2026/06/20,1,23355.98,5371.8754,16.666666666666664,,,,36.0,低风险,缺少解禁市值或成交额，风险评级置信度较低,iFind精确
0866.HK,中国秦发,,,2026/03/13,2026/06/11,1,9000.0,24480.0,3.4254213654115113,,,,36.0,低风险,缺少解禁市值或成交额，风险评级置信度较低,iFind精确
9881.HK,容大科技,,,2025/06/10,2026/06/10,8,3699.2342,65476.44534,39.04905576726167,0.0,,,36.0,低风险,缺少解禁市值或成交额，风险评级置信度较低,iFind精确
8391.HK,基石科技控股,,,2022/05/31,2026/05/31,2,899.6858,422.852326,0.8571579045649068,,,,36.0,低风险,缺少解禁市值或成交额，风险评级置信度较低,iFind精确
3680.HK,瑞和数智,,,2025/05/21,2026/05/21,1,13000.0,32110.0,14.457262639027208,,,,36.0,低风险,缺少解禁市值或成交额，风险评级置信度较低,iFind精确
1729.HK,汇聚科技,,,2026/02/20,2026/05/21,1,10800.0,219240.0,5.158860902189505,,,,36.0,低风险,缺少解禁市值或成交额，风险评级置信度较低,iFind精确
0990.HK,至源控股,,,2026/02/13,2026/05/13,1,51500.0,38625.0,3.479413613013116,,,,36.0,低风险,缺少解禁市值或成交额，风险评级置信度较低,iFind精确
1030.HK,新城发展,,,2026/02/11,2026/05/12,1,19800.0,46728.0,2.7258679212024237,,,,36.0,低风险,缺少解禁市值或成交额，风险评级置信度较低,iFind精确
9696.HK,天齐锂业,,,2026/02/11,2026/05/12,1,6505.0,397130.25,3.800127765027364,,,,36.0,低风险,缺少解禁市值或成交额，风险评级置信度较低,iFind精确
1050.HK,嘉利国际,,,2026/02/11,2026/05/12,1,6583.2,18037.968,3.153938168400905,,,,36.0,低风险,缺少解禁市值或成交额，风险评级置信度较低,iFind精确
1672.HK,歌礼制药-B,,,2026/02/10,2026/05/11,1,6925.6,117250.408,6.481882384842103,,,,36.0,低风险,缺少解禁市值或成交额，风险评级置信度较低,iFind精确
2629.HK,MIRXES-B,,,2026/02/05,2026/05/06,1,2188.8,27163.008,7.33929373535115,0.0,,,36.0,低风险,缺少解禁市值或成交额，风险评级置信度较低,iFind精确
0863.HK,OSL集团,,,2026/02/04,2026/05/05,1,10469.8,136735.588,11.603861618139296,,,,36.0,低风险,缺少解禁市值或成交额，风险评级置信度较低,iFind精确
9858.HK,优然牧业,,,2026/01/26,2026/04/26,1,29925.0,112218.75,7.138635076842497,,,,36.0,低风险,缺少解禁市值或成交额，风险评级置信度较低,iFind精确
2268.HK,药明合联,,,2025/10/22,2026/04/22,1,2413.4,143235.29,1.9148751738861611,,,,36.0,低风险,缺少解禁市值或成交额，风险评级置信度较低,iFind精确
0815.HK,中国白银集团,,,2026/01/22,2026/04/22,1,5500.0,2557.5,1.811392802390322,,,,36.0,低风险,缺少解禁市值或成交额，风险评级置信度较低,iFind精确
3759.HK,康龙化成,,,2026/01/22,2026/04/22,1,5844.0762,122725.6002,3.180824185736444,,,,36.0,低风险,缺少解禁市值或成交额，风险评级置信度较低,iFind精确
1993.HK,雅仕维,,,2023/04/17,2026/04/17,3,923.5063,591.044032,1.9044872091397425,,,,36.0,低风险,缺少解禁市值或成交额，风险评级置信度较低,iFind精确
1776.HK,广发证券,,,2026/01/14,2026/04/14,1,21900.0,353028.0,2.79877730099763,,,,36.0,低风险,缺少解禁市值或成交额，风险评级置信度较低,iFind精确
2276.HK,康耐特光学,,,2026/02/03,2026/04/04,1,2700.0,114750.0,5.326231691078561,,,,36.0,低风险,缺少解禁市值或成交额，风险评级置信度较低,iFind精确
1815.HK,珠峰黄金,,,2025/12/31,2026/03/31,2,2170.0,2235.1,1.5663628529066036,,,,36.0,低风险,缺少解禁市值或成交额，风险评级置信度较低,iFind精确
1662.HK,义合控股,,,2025/09/30,2026/03/29,1,1500.0,1335.0,2.912621359223301,,,,36.0,低风险,缺少解禁市值或成交额，风险评级置信度较低,iFind精确
0020.HK,商汤-W,,,2025/12/29,2026/03/29,1,175000.0,325500.0,4.3291073494439125,,,,36.0,低风险,缺少解禁市值或成交额，风险评级置信度较低,iFind精确
0815.HK,中国白银集团,,,2025/12/19,2026/03/19,1,2700.0,1282.5,0.8892291939007035,,,,36.0,低风险,缺少解禁市值或成交额，风险评级置信度较低,iFind精确
9880.HK,优必选,,,2025/12/02,2026/03/02,1,3146.8,365028.8,6.251075521003793,,,,36.0,低风险,缺少解禁市值或成交额，风险评级置信度较低,iFind精确
1378.HK,中国宏桥,,,2025/11/25,2026/02/23,1,40000.0,1492000.0,4.008535839953317,,,,36.0,低风险,缺少解禁市值或成交额，风险评级置信度较低,iFind精确
2629.HK,MIRXES-B,,,2025/05/23,2026/02/23,33,14039.5344,322628.500512,47.07614531668813,0.0,,,36.0,低风险,缺少解禁市值或成交额，风险评级置信度较低,iFind精确
1747.HK,HOME CONTROL,,,2025/11/25,2026/02/23,1,2842.4,12989.768,5.312162429869513,,,,36.0,低风险,缺少解禁市值或成交额，风险评级置信度较低,iFind精确
8017.HK,捷利交易宝,,,2025/11/19,2026/02/17,1,7000.0,10640.0,9.33333333333333,,,,36.0,低风险,缺少解禁市值或成交额，风险评级置信度较低,iFind精确
2627.HK,中慧生物-B,,,2025/08/11,2026/02/11,2,9673.9154,479245.768916,24.58786974262573,0.0,,,36.0,低风险,缺少解禁市值或成交额，风险评级置信度较低,iFind精确
1530.HK,三生制药,,,2025/08/01,2026/02/01,1,3114.25,72562.025,1.2270462408296865,,,,36.0,低风险,缺少解禁市值或成交额，风险评级置信度较低,iFind精确
9880.HK,优必选,,,2025/01/16,2026/01/16,1,1988.88,264918.816,3.9508831454855806,,,,36.0,低风险,缺少解禁市值或成交额，风险评级置信度较低,iFind精确
1541.HK,宜明昂科-B,,,2025/10/16,2026/01/14,1,2420.0,16141.4,5.60824297698793,,,,36.0,低风险,缺少解禁市值或成交额，风险评级置信度较低,iFind精确
1709.HK,德林控股,,,2025/11/10,2026/01/09,1,6380.3,12122.57,3.0824717453283306,,,,36.0,低风险,缺少解禁市值或成交额，风险评级置信度较低,iFind精确
9880.HK,优必选,,,2025/01/05,2026/01/05,3,1894.428,242297.3412,3.7632555285064746,,,,36.0,低风险,缺少解禁市值或成交额，风险评级置信度较低,iFind精确
1709.HK,德林控股,,,2025/11/03,2026/01/02,1,25521.3,58188.564,12.32993529364574,,,,36.0,低风险,缺少解禁市值或成交额，风险评级置信度较低,iFind精确
0863.HK,OSL集团,,,2025/10/02,2025/12/31,1,4751.8,80780.6,5.9801507623216,,,,36.0,低风险,缺少解禁市值或成交额，风险评级置信度较低,iFind精确
3896.HK,金山云,,,2025/10/02,2025/12/31,1,33800.0,186238.0,7.458430063259309,,,,36.0,低风险,缺少解禁市值或成交额，风险评级置信度较低,iFind精确
9880.HK,优必选,,,2024/12/29,2025/12/29,1,7040.0,841280.0,13.98486451883396,,,,36.0,低风险,缺少解禁市值或成交额，风险评级置信度较低,iFind精确
6683.HK,巨星传奇,,,2025/11/27,2025/12/27,1,5449.7972,32698.7832,5.726149915866016,,,,36.0,低风险,缺少解禁市值或成交额，风险评级置信度较低,iFind精确
6883.HK,颖通控股,,,2025/06/26,2025/12/26,1,59998.0,127195.76,44.18114874815905,0.0,,,36.0,低风险,缺少解禁市值或成交额，风险评级置信度较低,iFind精确
1718.HK,宏基集团控股,,,2025/08/26,2025/12/24,1,2304.0,668.16,9.090909090909092,,,,36.0,低风险,缺少解禁市值或成交额，风险评级置信度较低,iFind精确
1072.HK,东方电气,,,2025/09/24,2025/12/23,1,6800.0,176392.0,1.9662497134487424,,,,36.0,低风险,缺少解禁市值或成交额，风险评级置信度较低,iFind精确
0376.HK,云锋金融,,,2025/09/23,2025/12/22,1,19130.0,66381.1,4.712644850637713,,,,36.0,低风险,缺少解禁市值或成交额，风险评级置信度较低,iFind精确
0815.HK,中国白银集团,,,2025/09/17,2025/12/17,4,13666.8,9976.764,4.62601166151982,,,,36.0,低风险,缺少解禁市值或成交额，风险评级置信度较低,iFind精确
2105.HK,来凯医药-B,,,2025/09/17,2025/12/16,1,3600.0,56160.0,8.063317649807201,,,,36.0,低风险,缺少解禁市值或成交额，风险评级置信度较低,iFind精确
9881.HK,容大科技,,,2025/06/10,2025/12/10,8,4737.0658,60208.106318,50.00438917800555,0.0,,,36.0,低风险,缺少解禁市值或成交额，风险评级置信度较低,iFind精确
2268.HK,药明合联,,,2025/09/10,2025/12/10,1,2227.7,157052.85,1.774954263614832,,,,36.0,低风险,缺少解禁市值或成交额，风险评级置信度较低,iFind精确
2096.HK,先声药业,,,2025/09/10,2025/12/09,1,12100.0,166980.0,4.661559927509245,,,,36.0,低风险,缺少解禁市值或成交额，风险评级置信度较低,iFind精确
6069.HK,盛业,,,2025/09/10,2025/12/09,1,5628.6,59381.73,5.283454171735664,,,,36.0,低风险,缺少解禁市值或成交额，风险评级置信度较低,iFind精确
1787.HK,山东黄金,,,2025/09/09,2025/12/08,1,13650.0,460005.0,2.9609997128969123,,,,36.0,低风险,缺少解禁市值或成交额，风险评级置信度较低,iFind精确
2142.HK,和铂医药-B,,,2025/09/05,2025/12/04,1,4502.2,61860.228,5.037181283128611,,,,36.0,低风险,缺少解禁市值或成交额，风险评级置信度较低,iFind精确
9926.HK,康方生物,,,2025/09/04,2025/12/04,1,2355.0,290607.0,2.556605814772925,,,,36.0,低风险,缺少解禁市值或成交额，风险评级置信度较低,iFind精确
1772.HK,赣锋锂业,,,2025/09/02,2025/12/01,1,4002.56,194604.4672,1.9109890139501988,,,,36.0,低风险,缺少解禁市值或成交额，风险评级置信度较低,iFind精确
9885.HK,药师帮,,,2024/11/26,2025/11/26,10,2344.4067,15918.521493,3.441700451896444,,,,36.0,低风险,缺少解禁市值或成交额，风险评级置信度较低,iFind精确
3692.HK,翰森制药,,,2025/08/27,2025/11/25,1,10800.0,430056.0,1.7836056704041359,,,,36.0,低风险,缺少解禁市值或成交额，风险评级置信度较低,iFind精确
1672.HK,歌礼制药-B,,,2025/08/25,2025/11/23,1,2882.0,38215.32,2.885004645788449,,,,36.0,低风险,缺少解禁市值或成交额，风险评级置信度较低,iFind精确
3390.HK,满贯集团,,,2025/05/22,2025/11/22,1,9400.0,2585.0,10.514541387024607,,,,36.0,低风险,缺少解禁市值或成交额，风险评级置信度较低,iFind精确
2726.HK,瀚天天成,,,2026/03/30,2027/09/30,1,1005.85,105714.835,2.363453714431208,36030887.166666664,2.7916326216095625e-05,,29.0,低风险,解禁规模/20日成交额=0.0倍；较发行价涨幅=nan%；类型=2026/03/30; 距离=nan天,iFind精确
2677.HK,卓正医疗,,,2026/02/06,2027/08/06,1,264.025,7023.065,4.088311555586869,428613.3333333333,0.0006159981024077645,,29.0,低风险,解禁规模/20日成交额=0.0倍；较发行价涨幅=nan%；类型=2026/02/06; 距离=nan天,iFind精确
0999.HK,小菜园,,,2024/12/20,2027/06/20,1,5294.3346,35366.155128,4.5,10461849.333333334,0.000506061063518789,,29.0,低风险,解禁规模/20日成交额=0.0倍；较发行价涨幅=nan%；类型=2024/12/20; 距离=nan天,iFind精确
1236.HK,乐动机器人,,,2026/05/11,2027/05/11,25,30000.0,1239000.0,89.9999820000036,208623870.83333334,0.00014379946014886558,,29.0,低风险,解禁规模/20日成交额=0.0倍；较发行价涨幅=nan%；类型=2026/05/11; 距离=nan天,iFind精确
1609.HK,天星医疗,,,2026/05/05,2027/05/05,16,4640.9494,924941.21542,84.6404458004896,21806798.0,0.0002128212220794635,,29.0,低风险,解禁规模/20日成交额=0.0倍；较发行价涨幅=nan%；类型=2026/05/05; 距离=nan天,iFind精确
6810.HK,商米科技-W,,,2026/04/29,2027/04/29,13,26141.5724,1841673.77558,64.92755176754255,19566341.166666668,0.0013360480724181041,,29.0,低风险,解禁规模/20日成交额=0.0倍；较发行价涨幅=nan%；类型=2026/04/29; 距离=nan天,iFind精确
1879.HK,曦智科技-P,,,2026/04/28,2027/04/28,37,3762.485,2712751.685,40.010526878051905,350207263.5,1.0743594985430679e-05,,29.0,低风险,解禁规模/20日成交额=0.0倍；较发行价涨幅=nan%；类型=2026/04/28; 距离=nan天,iFind精确
3277.HK,长光辰芯,,,2026/04/17,2027/04/17,19,15547.075,1321501.375,34.930316074360974,168714696.16666666,9.215009334244157e-05,,29.0,低风险,解禁规模/20日成交额=0.0倍；较发行价涨幅=nan%；类型=2026/04/17; 距离=nan天,iFind精确
6656.HK,思格新能,,,2026/04/16,2027/04/16,17,12615.8441,6724244.9053,50.70005846894943,137910515.83333334,9.147847808245755e-05,,29.0,低风险,解禁规模/20日成交额=0.0倍；较发行价涨幅=nan%；类型=2026/04/16; 距离=nan天,iFind精确
3677.HK,正力新能,,,2026/04/14,2027/04/14,1,24888.9508,190400.47362,9.743479949633034,47114829.0,0.0005282615118904495,,29.0,低风险,解禁规模/20日成交额=0.0倍；较发行价涨幅=nan%；类型=2026/04/14; 距离=nan天,iFind精确
0664.HK,铜师傅,,,2026/03/31,2027/03/31,57,5428.1249,102645.841859,84.27875472776167,1127270.0,0.00481528373858969,,29.0,低风险,解禁规模/20日成交额=0.0倍；较发行价涨幅=nan%；类型=2026/03/31; 距离=nan天,iFind精确
3625.HK,傅里叶,,,2026/03/31,2027/03/31,41,9888.98,1173821.926,88.29446428571427,17797010.333333332,0.000555654001137382,,29.0,低风险,解禁规模/20日成交额=0.0倍；较发行价涨幅=nan%；类型=2026/03/31; 距离=nan天,iFind精确
1021.HK,华沿机器人,,,2026/03/30,2027/03/30,25,43266.718,769282.24604,77.66884525724016,20543752.0,0.002106076728340568,,29.0,低风险,解禁规模/20日成交额=0.0倍；较发行价涨幅=nan%；类型=2026/03/30; 距离=nan天,iFind精确
6636.HK,极视角,,,2026/03/30,2027/03/30,8,9987.2436,977251.78626,88.44938930627002,45622603.166666664,0.00021890998993448493,,29.0,低风险,解禁规模/20日成交额=0.0倍；较发行价涨幅=nan%；类型=2026/03/30; 距离=nan天,iFind精确
2889.HK,博泰车联,,,2025/09/30,2027/03/30,3,454.652,74881.1844,2.9295891409291004,176216213.66666666,2.5800804054275437e-06,,29.0,低风险,解禁规模/20日成交额=0.0倍；较发行价涨幅=nan%；类型=2025/09/30; 距离=nan天,iFind精确
2526.HK,德适-B,,,2026/03/30,2027/03/30,23,8088.0,2521838.4,90.99991899117005,69483289.0,0.00011640208914117465,,29.0,低风险,解禁规模/20日成交额=0.0倍；较发行价涨幅=nan%；类型=2026/03/30; 距离=nan天,iFind精确
6810.HK,商米科技-W,,,2026/04/29,2027/03/29,1,157.51,11096.5795,0.391205950522916,19566341.166666668,8.050048737182143e-06,,29.0,低风险,解禁规模/20日成交额=0.0倍；较发行价涨幅=nan%；类型=2026/04/29; 距离=nan天,iFind精确
2729.HK,凯乐士科技,,,2026/03/24,2027/03/24,36,39108.5729,1271028.61925,91.4000001621936,16590889.333333334,0.002357231858657848,,29.0,低风险,解禁规模/20日成交额=0.0倍；较发行价涨幅=nan%；类型=2026/03/24; 距离=nan天,iFind精确
2632.HK,泽景股份,,,2026/03/24,2027/03/24,24,9281.0529,1109085.82155,75.21401104642052,19900936.333333332,0.0004663626245793561,,29.0,低风险,解禁规模/20日成交额=0.0倍；较发行价涨幅=nan%；类型=2026/03/24; 距离=nan天,iFind精确
3355.HK,飞速创新,,,2026/03/23,2027/03/23,1,12000.0,519840.0,29.580278039823437,31936053.166666668,0.00037575087746049435,,29.0,低风险,解禁规模/20日成交额=0.0倍；较发行价涨幅=nan%；类型=2026/03/23; 距离=nan天,iFind精确
2706.HK,海致科技集团,,,2026/02/13,2027/02/13,40,37240.048,2167370.7936,92.99998691408962,153972768.83333334,0.00024186126080716396,,29.0,低风险,解禁规模/20日成交额=0.0倍；较发行价涨幅=nan%；类型=2026/02/13; 距离=nan天,iFind精确
2720.HK,乐欣户外,,,2026/02/10,2027/02/10,3,4907.35,119543.046,38.27736827736828,1304006.6666666667,0.0037632859750205776,,29.0,低风险,解禁规模/20日成交额=0.0倍；较发行价涨幅=nan%；类型=2026/02/10; 距离=nan天,iFind精确
0600.HK,爱芯元智,,,2026/02/10,2027/02/10,62,48027.7136,1013384.75696,81.54989034379578,29979831.333333332,0.0016020007940004645,,29.0,低风险,解禁规模/20日成交额=0.0倍；较发行价涨幅=nan%；类型=2026/02/10; 距离=nan天,iFind精确
2677.HK,卓正医疗,,,2026/02/06,2027/02/06,1,589.8282,15689.43012,9.133231496528749,428613.3333333333,0.001376131244944939,,29.0,低风险,解禁规模/20日成交额=0.0倍；较发行价涨幅=nan%；类型=2026/02/06; 距离=nan天,iFind精确
6681.HK,脑动极光-B,,,2026/02/06,2027/02/06,1,27546.8,84017.74,20.2806789184541,29353043.666666668,0.0009384648594817497,,29.0,低风险,解禁规模/20日成交额=0.0倍；较发行价涨幅=nan%；类型=2026/02/06; 距离=nan天,iFind精确
1768.HK,鸣鸣很忙,,,2026/01/28,2027/01/28,19,13887.9908,5938504.86608,63.753814994459184,38336663.333333336,0.00036226394246273734,,29.0,低风险,解禁规模/20日成交额=0.0倍；较发行价涨幅=nan%；类型=2026/01/28; 距离=nan天,iFind精确
2685.HK,量化派,,,2025/11/27,2027/01/27,3,22603.1,320285.927,43.88120695596465,18856406.666666668,0.0011986960400019657,,29.0,低风险,解禁规模/20日成交额=0.0倍；较发行价涨幅=nan%；类型=2025/11/27; 距离=nan天,iFind精确
2577.HK,英诺赛科,,,2026/01/22,2027/01/22,1,7735.277,552685.54165,8.452924795366746,1802910467.5,4.290438787415826e-06,,29.0,低风险,解禁规模/20日成交额=0.0倍；较发行价涨幅=nan%；类型=2026/01/22; 距离=nan天,iFind精确
1641.HK,红星冷链,,,2026/01/13,2027/01/13,10,130.3464,839.430816,1.326505398776752,157014.16666666666,0.0008301569391296963,,29.0,低风险,解禁规模/20日成交额=0.0倍；较发行价涨幅=nan%；类型=2026/01/13; 距离=nan天,iFind精确
2706.HK,海致科技集团,,,2026/02/13,2027/01/13,1,142.62,8300.484,0.3561665155127474,153972768.83333334,9.26267684088853e-07,,29.0,低风险,解禁规模/20日成交额=0.0倍；较发行价涨幅=nan%；类型=2026/02/13; 距离=nan天,iFind精确
8610.HK,BBSB INTL,,,2026/01/13,2027/01/13,1,15000.0,8400.0,30.0,93206.66666666667,0.16093269437093197,,29.0,低风险,解禁规模/20日成交额=0.2倍；较发行价涨幅=nan%；类型=2026/01/13; 距离=nan天,iFind精确
6938.HK,瑞博生物-B,,,2026/01/09,2027/01/09,67,13420.311,794482.4112,78.68616036911514,13754302.0,0.0009757173428357179,,29.0,低风险,解禁规模/20日成交额=0.0倍；较发行价涨幅=nan%；类型=2026/01/09; 距离=nan天,iFind精确
0100.HK,MINIMAX-W,,,2026/01/09,2027/01/09,5,8835.8308,7068664.64,28.1723089672034,1257547854.5,7.02623822098056e-06,,29.0,低风险,解禁规模/20日成交额=0.0倍；较发行价涨幅=nan%；类型=2026/01/09; 距离=nan天,iFind精确
3636.HK,金浔资源,,,2026/01/09,2027/01/09,1,0.0051,0.11781,3.34257362688e-05,7057727.5,7.226122005985638e-10,,29.0,低风险,解禁规模/20日成交额=0.0倍；较发行价涨幅=nan%；类型=2026/01/09; 距离=nan天,iFind精确
2513.HK,智谱,,,2026/01/08,2027/01/08,56,17828.2205,20270686.7085,39.98765686824932,1523283504.8333333,1.1703809857739275e-05,,29.0,低风险,解禁规模/20日成交额=0.0倍；较发行价涨幅=nan%；类型=2026/01/08; 距离=nan天,iFind精确
2675.HK,精锋医疗-B,,,2026/01/08,2027/01/08,47,27289.2826,1375379.84304,69.63674538539172,8267986.0,0.00330059613066592,,29.0,低风险,解禁规模/20日成交额=0.0倍；较发行价涨幅=nan%；类型=2026/01/08; 距离=nan天,iFind精确
9903.HK,天数智芯,,,2026/01/08,2027/01/08,68,21967.0165,10530987.7101,86.37626634109388,508265710.8333333,4.321955235576232e-05,,29.0,低风险,解禁规模/20日成交额=0.0倍；较发行价涨幅=nan%；类型=2026/01/08; 距离=nan天,iFind精确
6082.HK,壁仞科技,,,2026/01/01,2027/01/01,55,87327.2024,4141055.937808,35.80658836910792,384375460.8333333,0.0002271924493063968,,29.0,低风险,解禁规模/20日成交额=0.0倍；较发行价涨幅=nan%；类型=2026/01/01; 距离=nan天,iFind精确
3317.HK,迅策,,,2025/12/30,2026/12/30,32,24448.1106,6772126.6362,75.76242599809603,1203409058.0,2.0315710969162406e-05,,29.0,低风险,解禁规模/20日成交额=0.0倍；较发行价涨幅=nan%；类型=2025/12/30; 距离=nan天,iFind精确
2506.HK,讯飞医疗科技,,,2024/12/30,2026/12/30,2,4731.764,360323.8286,39.14488061717448,11871706.5,0.00039857488053634074,,29.0,低风险,解禁规模/20日成交额=0.0倍；较发行价涨幅=nan%；类型=2024/12/30; 距离=nan天,iFind精确
6600.HK,卧安机器人,,,2025/12/30,2026/12/30,17,20000.0,2128000.0,88.74842970747186,34658180.333333336,0.0005770643411640548,,29.0,低风险,解禁规模/20日成交额=0.0倍；较发行价涨幅=nan%；类型=2025/12/30; 距离=nan天,iFind精确
2506.HK,讯飞医疗科技,,,2025/12/30,2026/12/30,1,544.0755,41431.349325,4.501021288092456,11871706.5,4.582959492807542e-05,,29.0,低风险,解禁规模/20日成交额=0.0倍；较发行价涨幅=nan%；类型=2025/12/30; 距离=nan天,iFind精确
6651.HK,五一视界,,,2025/12/30,2026/12/30,45,33809.5516,2405549.59634,81.66483971470879,590702277.3333334,5.7236196468769095e-05,,29.0,低风险,解禁规模/20日成交额=0.0倍；较发行价涨幅=nan%；类型=2025/12/30; 距离=nan天,iFind精确
3696.HK,英矽智能,,,2025/12/30,2026/12/30,2,4699.89,246039.2415,8.210820367503956,200398071.33333334,2.345277062164141e-05,,29.0,低风险,解禁规模/20日成交额=0.0倍；较发行价涨幅=nan%；类型=2025/12/30; 距离=nan天,iFind精确
2671.HK,美联股份,,,2025/12/30,2026/12/30,11,9595.0005,41162.552145,79.59353050213478,30875.0,0.31076924696356273,,29.0,低风险,解禁规模/20日成交额=0.3倍；较发行价涨幅=nan%；类型=2025/12/30; 距离=nan天,iFind精确
6636.HK,极视角,,,2026/03/30,2026/12/30,2,118.0,11546.3,1.0450358833882716,45622603.166666664,2.5864372440329004e-06,,29.0,低风险,解禁规模/20日成交额=0.0倍；较发行价涨幅=nan%；类型=2026/03/30; 距离=nan天,iFind精确
2657.HK,林清轩,,,2025/12/30,2026/12/30,11,9212.7177,450133.386822,64.98848346635053,3331901.3333333335,0.0027650031553555403,,29.0,低风险,解禁规模/20日成交额=0.0倍；较发行价涨幅=nan%；类型=2025/12/30; 距离=nan天,iFind精确
2431.HK,佑驾创新,,,2025/12/27,2026/12/27,1,7748.871,62068.45671,18.416403016262034,29475667.0,0.0002628904377295347,,29.0,低风险,解禁规模/20日成交额=0.0倍；较发行价涨幅=nan%；类型=2025/12/27; 距离=nan天,iFind精确
3378.HK,翰思艾泰-B,,,2025/12/23,2026/12/23,12,11789.783,353221.89868,86.55031760293346,2238913.3333333335,0.0052658505465449,,29.0,低风险,解禁规模/20日成交额=0.0倍；较发行价涨幅=nan%；类型=2025/12/23; 距离=nan天,iFind精确
2661.HK,轻松健康,,,2025/12/23,2026/12/23,3,5163.547,146748.00574,25.020311525458105,190281768.83333334,2.7136320161721427e-05,,29.0,低风险,解禁规模/20日成交额=0.0倍；较发行价涨幅=nan%；类型=2025/12/23; 距离=nan天,iFind精确
2635.HK,诺比侃,,,2025/12/23,2026/12/23,28,2505.0007,43236.312082,6.615330396708445,677695082.1666666,3.6963536639387052e-06,,29.0,低风险,解禁规模/20日成交额=0.0倍；较发行价涨幅=nan%；类型=2025/12/23; 距离=nan天,iFind精确
2396.HK,华芢生物-B,,,2025/12/22,2026/12/22,8,5657.0624,31679.54944,48.08075424195999,118818.33333333333,0.04761102299027928,,29.0,低风险,解禁规模/20日成交额=0.0倍；较发行价涨幅=nan%；类型=2025/12/22; 距离=nan天,iFind精确
2581.HK,明基医院,,,2025/12/22,2026/12/22,1,9358.3501,29385.219314,30.000000224398526,661445.0,0.014148342039020628,,29.0,低风险,解禁规模/20日成交额=0.0倍；较发行价涨幅=nan%；类型=2025/12/22; 距离=nan天,iFind精确
3881.HK,希迪智驾,,,2025/12/19,2026/12/19,29,37028.478,890164.61112,84.56054228760398,61514854.666666664,0.0006019436801183698,,29.0,低风险,解禁规模/20日成交额=0.0倍；较发行价涨幅=nan%；类型=2025/12/19; 距离=nan天,iFind精确
3887.HK,HASHKEY HLDGS,,,2025/12/17,2026/12/17,1,26086.9374,101217.317112,9.431052891222029,3412353.3333333335,0.0076448523501864785,,29.0,低风险,解禁规模/20日成交额=0.0倍；较发行价涨幅=nan%；类型=2025/12/17; 距离=nan天,iFind精确
2655.HK,果下科技,,,2025/12/16,2026/12/16,13,34991.894,986071.57292,67.58955312134947,310979407.5,0.00011252157910166448,,29.0,低风险,解禁规模/20日成交额=0.0倍；较发行价涨幅=nan%；类型=2025/12/16; 距离=nan天,iFind精确
7618.HK,京东工业,,,2025/12/11,2026/12/11,1,80627.1069,1217469.31419,29.69635771033193,33964709.5,0.002373849448057255,,29.0,低风险,解禁规模/20日成交额=0.0倍；较发行价涨幅=nan%；类型=2025/12/11; 距离=nan天,iFind精确
2665.HK,图达通,,,2025/12/10,2026/12/10,6,2500.0,18825.0,1.9238077332392172,95226171.66666667,2.6253286845879885e-05,,29.0,低风险,解禁规模/20日成交额=0.0倍；较发行价涨幅=nan%；类型=2025/12/10; 距离=nan天,iFind精确
2659.HK,宝济药业-B,,,2025/12/10,2026/12/10,46,11641.555,312924.9984,35.71232186468025,251269722.66666666,4.633091037173483e-05,,29.0,低风险,解禁规模/20日成交额=0.0倍；较发行价涨幅=nan%；类型=2025/12/10; 距离=nan天,iFind精确
2687.HK,卓越睿新,,,2025/12/08,2026/12/08,27,5528.61,710979.246,82.92910853544572,30419565.0,0.000181745202470844,,29.0,低风险,解禁规模/20日成交额=0.0倍；较发行价涨幅=nan%；类型=2025/12/08; 距离=nan天,iFind精确
2658.HK,天域半导体,,,2025/12/05,2026/12/05,16,1891.9926,101316.20373,4.810943533691666,45064758.166666664,4.198386226777673e-05,,29.0,低风险,解禁规模/20日成交额=0.0倍；较发行价涨幅=nan%；类型=2025/12/05; 距离=nan天,iFind精确
2408.HK,遇见小面,,,2025/12/05,2026/12/05,9,61332.48,259436.3904,86.29999072731219,2216560.0,0.02767011946439528,,29.0,低风险,解禁规模/20日成交额=0.0倍；较发行价涨幅=nan%；类型=2025/12/05; 距离=nan天,iFind精确
2539.HK,乐摩科技,,,2025/12/03,2026/12/03,13,1767.042,28095.9678,31.80673055461556,358238.5,0.0049325854144655025,,29.0,低风险,解禁规模/20日成交额=0.0倍；较发行价涨幅=nan%；类型=2025/12/03; 距离=nan天,iFind精确
9609.HK,海伟股份,,,2025/11/28,2026/11/28,14,2901.9539,17440.742939,18.03279220281494,224237.33333333334,0.012941439575925506,,29.0,低风险,解禁规模/20日成交额=0.0倍；较发行价涨幅=nan%；类型=2025/11/28; 距离=nan天,iFind精确
2788.HK,创新实业,,,2025/11/24,2026/11/24,1,60000.0,1219200.0,28.915662650602407,144461640.66666666,0.0004153351694132082,,29.0,低风险,解禁规模/20日成交额=0.0倍；较发行价涨幅=nan%；类型=2025/11/24; 距离=nan天,iFind精确
2706.HK,海致科技集团,,,2026/02/13,2026/11/13,1,115.24,6706.968,0.2877901363601809,153972768.83333334,7.484440324947372e-07,,29.0,低风险,解禁规模/20日成交额=0.0倍；较发行价涨幅=nan%；类型=2026/02/13; 距离=nan天,iFind精确
6831.HK,绿茶集团,,,2026/05/12,2026/11/12,1,36560.0,285533.6,54.28723650050456,14974337.333333334,0.0024415103777992446,,29.0,低风险,解禁规模/20日成交额=0.0倍；较发行价涨幅=nan%；类型=2026/05/12; 距离=nan天,iFind精确
1236.HK,乐动机器人,,,2026/05/11,2026/11/11,1,1050.82,43398.866,3.152459369508126,208623870.83333334,5.036911623787698e-06,,29.0,低风险,解禁规模/20日成交额=0.0倍；较发行价涨幅=nan%；类型=2026/05/11; 距离=nan天,iFind精确
2698.HK,乐舒适,,,2025/11/10,2026/11/10,10,23643.98,610014.684,38.087884759404496,69437502.0,0.0003405073529286811,,29.0,低风险,解禁规模/20日成交额=0.0倍；较发行价涨幅=nan%；类型=2025/11/10; 距离=nan天,iFind精确
2630.HK,旺山旺水-B,,,2025/11/06,2026/11/06,23,4907.9335,392389.283325,29.283997164640585,3572313.3333333335,0.0013738810238743521,,29.0,低风险,解禁规模/20日成交额=0.0倍；较发行价涨幅=nan%；类型=2025/11/06; 距离=nan天,iFind精确
0800.HK,文远知行-W,,,2025/11/06,2026/11/06,7,21930.4041,414046.029408,21.347147432765567,105325410.66666667,0.00020821569990745378,,29.0,低风险,解禁规模/20日成交额=0.0倍；较发行价涨幅=nan%；类型=2025/11/06; 距离=nan天,iFind精确
1187.HK,可孚医疗,,,2026/05/06,2026/11/06,12,965.43,30797.217,4.092591258049064,19737296.666666668,4.891399345638181e-05,,29.0,低风险,解禁规模/20日成交额=0.0倍；较发行价涨幅=nan%；类型=2026/05/06; 距离=nan天,iFind精确
2026.HK,小马智行-W,,,2025/11/06,2026/11/06,1,6000.0,386400.0,13.83950386873297,49111046.166666664,0.000122172107261531,,29.0,低风险,解禁规模/20日成交额=0.0倍；较发行价涨幅=nan%；类型=2025/11/06; 距离=nan天,iFind精确
1609.HK,天星医疗,,,2026/05/05,2026/11/05,4,292.29,58253.397,5.330710113543815,21806798.0,1.3403618449622912e-05,,29.0,低风险,解禁规模/20日成交额=0.0倍；较发行价涨幅=nan%；类型=2026/05/05; 距离=nan天,iFind精确
2718.HK,明略科技-W,,,2025/11/03,2026/11/03,1,43.1996,9961.82776,0.296983742622541,48497464.5,8.907599695237675e-07,,29.0,低风险,解禁规模/20日成交额=0.0倍；较发行价涨幅=nan%；类型=2025/11/03; 距离=nan天,iFind精确
6810.HK,商米科技-W,,,2026/04/29,2026/10/29,1,994.57,70067.4565,2.4702031757448837,19566341.166666668,5.083065819655416e-05,,29.0,低风险,解禁规模/20日成交额=0.0倍；较发行价涨幅=nan%；类型=2026/04/29; 距离=nan天,iFind精确
1384.HK,滴普科技,,,2025/10/28,2026/10/28,8,17746.29,1136649.8745,54.3311433050038,1047775370.0,1.6937113152411666e-05,,29.0,低风险,解禁规模/20日成交额=0.0倍；较发行价涨幅=nan%；类型=2025/10/28; 距离=nan天,iFind精确
6980.HK,八马茶业,,,2025/10/28,2026/10/28,23,3667.6875,85090.35,43.14926470588235,1103150.6666666667,0.003324738506556372,,29.0,低风险,解禁规模/20日成交额=0.0倍；较发行价涨幅=nan%；类型=2025/10/28; 距离=nan天,iFind精确
2493.HK,迈威生物-B,,,2026/04/28,2026/10/28,6,1502.06,37341.2116,3.3623426399200236,30341853.166666668,4.950455701401099e-05,,29.0,低风险,解禁规模/20日成交额=0.0倍；较发行价涨幅=nan%；类型=2026/04/28; 距离=nan天,iFind精确
1879.HK,曦智科技-P,,,2026/04/28,2026/10/28,19,835.0335,602059.1535,8.879804250601332,350207263.5,2.3843980037838363e-06,,29.0,低风险,解禁规模/20日成交额=0.0倍；较发行价涨幅=nan%；类型=2026/04/28; 距离=nan天,iFind精确
0917.HK,趣致集团,,,2025/10/23,2026/10/23,1,10316.1396,140402.659956,38.825472926136406,75620892.83333333,0.000136419172182171,,29.0,低风险,解禁规模/20日成交额=0.0倍；较发行价涨幅=nan%；类型=2025/10/23; 距离=nan天,iFind精确
3296.HK,华勤技术,,,2026/04/23,2026/10/23,18,2925.01,322336.102,2.7227617742279433,136210329.0,2.1474215806350486e-05,,29.0,低风险,解禁规模/20日成交额=0.0倍；较发行价涨幅=nan%；类型=2026/04/23; 距离=nan天,iFind精确
6687.HK,聚水潭,,,2025/10/21,2026/10/21,1,12781.158,187499.58786,29.296876772867773,50855983.166666664,0.0002513206353343564,,29.0,低风险,解禁规模/20日成交额=0.0倍；较发行价涨幅=nan%；类型=2025/10/21; 距离=nan天,iFind精确
2476.HK,胜宏科技,,,2026/04/21,2026/10/21,39,3722.01,1372677.288,3.7872074850631616,1824237455.8333333,2.0403100419291313e-06,,29.0,低风险,解禁规模/20日成交额=0.0倍；较发行价涨幅=nan%；类型=2026/04/21; 距离=nan天,iFind精确
2637.HK,海西新药,,,2025/10/20,2026/10/20,13,6314.8761,1388009.76678,80.23243723229123,44904214.0,0.0001406299217262772,,29.0,低风险,解禁规模/20日成交额=0.0倍；较发行价涨幅=nan%；类型=2025/10/20; 距离=nan天,iFind精确
0068.HK,群核科技,,,2026/04/17,2026/10/17,35,159913.484,3094325.9154,92.63905986663161,164486536.83333334,0.000972198011330453,,29.0,低风险,解禁规模/20日成交额=0.0倍；较发行价涨幅=nan%；类型=2026/04/17; 距离=nan天,iFind精确
3277.HK,长光辰芯,,,2026/04/17,2026/10/17,30,3264.52,277484.2,7.334544628560221,168714696.16666666,1.9349351740971684e-05,,29.0,低风险,解禁规模/20日成交额=0.0倍；较发行价涨幅=nan%；类型=2026/04/17; 距离=nan天,iFind精确
6656.HK,思格新能,,,2026/04/16,2026/10/16,21,676.04,360329.32,2.7168429837642467,137910515.83333334,4.902019225401224e-06,,29.0,低风险,解禁规模/20日成交额=0.0倍；较发行价涨幅=nan%；类型=2026/04/16; 距离=nan天,iFind精确
2670.HK,云迹,,,2025/10/16,2026/10/16,14,3555.0759,1107761.65044,50.96650501191473,10025684.5,0.0003545968257828181,,29.0,低风险,解禁规模/20日成交额=0.0倍；较发行价涨幅=nan%；类型=2025/10/16; 距离=nan天,iFind精确
2575.HK,轩竹生物-B,,,2025/10/15,2026/10/15,16,9336.8496,180294.565776,18.026623108093577,58144814.5,0.00016057923101637893,,29.0,低风险,解禁规模/20日成交额=0.0倍；较发行价涨幅=nan%；类型=2025/10/15; 距离=nan天,iFind精确
8549.HK,金叶国际集团,,,2025/10/10,2026/10/10,1,12000.0,3480.0,30.0,552579.1666666666,0.02171634532005218,,29.0,低风险,解禁规模/20日成交额=0.0倍；较发行价涨幅=nan%；类型=2025/10/10; 距离=nan天,iFind精确
2650.HK,挚达科技,,,2025/10/10,2026/10/10,21,5380.9907,103853.12051,17.999993543942097,242788392.83333334,2.2163294699569443e-05,,29.0,低风险,解禁规模/20日成交额=0.0倍；较发行价涨幅=nan%；类型=2025/10/10; 距离=nan天,iFind精确
2652.HK,长风药业,,,2025/10/08,2026/10/08,54,26102.5586,540322.96302,63.35904849299776,10724761.833333334,0.0024338590456033592,,29.0,低风险,解禁规模/20日成交额=0.0倍；较发行价涨幅=nan%；类型=2025/10/08; 距离=nan天,iFind精确
1021.HK,华沿机器人,,,2026/03/30,2026/09/30,9,4526.56,80482.2368,8.125707343635655,20543752.0,0.0002203375508037675,,29.0,低风险,解禁规模/20日成交额=0.0倍；较发行价涨幅=nan%；类型=2026/03/30; 距离=nan天,iFind精确
2583.HK,西普尼,,,2025/09/30,2026/09/30,17,3617.1667,293171.361035,61.490296642583935,43087942.5,8.394846655766866e-05,,29.0,低风险,解禁规模/20日成交额=0.0倍；较发行价涨幅=nan%；类型=2025/09/30; 距离=nan天,iFind精确
2259.HK,紫金黄金国际,,,2025/09/30,2026/09/30,1,78719.721,11807958.15,29.413206688703482,849556015.0,9.265983597326423e-05,,29.0,低风险,解禁规模/20日成交额=0.0倍；较发行价涨幅=nan%；类型=2025/09/30; 距离=nan天,iFind精确
0664.HK,铜师傅,,,2026/03/31,2026/09/30,1,50.0,945.5,0.776315544321407,1127270.0,4.435494602003069e-05,,29.0,低风险,解禁规模/20日成交额=0.0倍；较发行价涨幅=nan%；类型=2026/03/31; 距离=nan天,iFind精确
2889.HK,博泰车联,,,2025/09/30,2026/09/30,24,6056.0947,997438.79709,39.02296540993612,176216213.66666666,3.4367409070857705e-05,,29.0,低风险,解禁规模/20日成交额=0.0倍；较发行价涨幅=nan%；类型=2025/09/30; 距离=nan天,iFind精确
2643.HK,曹操出行,,,2025/06/25,2026/09/30,1,16325.358,374177.20536,28.000438893181347,38443594.666666664,0.00042465742710983393,,29.0,低风险,解禁规模/20日成交额=0.0倍；较发行价涨幅=nan%；类型=2025/06/25; 距离=nan天,iFind精确
9973.HK,奇瑞汽车,,,2025/09/25,2026/09/25,15,199992.3558,5551787.797008,34.4303618302465,185448899.2,0.0010784229869400055,,29.0,低风险,解禁规模/20日成交额=0.0倍；较发行价涨幅=nan%；类型=2025/09/25; 距离=nan天,iFind精确
2632.HK,泽景股份,,,2026/03/24,2026/09/24,2,248.75,29725.625,2.0158796043277705,19900936.333333332,1.249941187859352e-05,,29.0,低风险,解禁规模/20日成交额=0.0倍；较发行价涨幅=nan%；类型=2026/03/24; 距离=nan天,iFind精确
3355.HK,飞速创新,,,2026/03/23,2026/09/23,12,11708.2801,507202.693932,28.861181727177645,31936053.166666668,0.00036661637676068705,,29.0,低风险,解禁规模/20日成交额=0.0倍；较发行价涨幅=nan%；类型=2026/03/23; 距离=nan天,iFind精确
6090.HK,不同集团,,,2025/09/23,2026/09/23,1,2722.5413,104491.135094,29.999999559235345,146295010.0,1.8609939600810718e-05,,29.0,低风险,解禁规模/20日成交额=0.0倍；较发行价涨幅=nan%；类型=2025/09/23; 距离=nan天,iFind精确
2701.HK,国民技术,,,2026/03/23,2026/09/23,5,1296.24,19313.976,1.9115011988172712,285974739.8333333,4.5327080313298e-06,,29.0,低风险,解禁规模/20日成交额=0.0倍；较发行价涨幅=nan%；类型=2026/03/23; 距离=nan天,iFind精确
1989.HK,广合科技,,,2026/03/20,2026/09/20,12,2067.45,355601.4,4.375622565089695,346902253.3333333,5.95974796973549e-06,,29.0,低风险,解禁规模/20日成交额=0.0倍；较发行价涨幅=nan%；类型=2026/03/20; 距离=nan天,iFind精确
2595.HK,劲方医药-B,,,2025/09/19,2026/09/19,47,23540.302,810728.00088,63.55945728695914,41299289.833333336,0.0005699929004832484,,29.0,低风险,解禁规模/20日成交额=0.0倍；较发行价涨幅=nan%；类型=2025/09/19; 距离=nan天,iFind精确
2656.HK,健康160,,,2025/09/17,2026/09/17,42,26519.2648,494849.481168,78.82016143660681,761590296.3333334,3.482090689400411e-05,,29.0,低风险,解禁规模/20日成交额=0.0倍；较发行价涨幅=nan%；类型=2025/09/17; 距离=nan天,iFind精确
2525.HK,禾赛-W,,,2025/09/16,2026/09/16,1,766.0486,135130.97304,4.874874771871448,209088788.5,3.663747853223608e-06,,29.0,低风险,解禁规模/20日成交额=0.0倍；较发行价涨幅=nan%；类型=2025/09/16; 距离=nan天,iFind精确
3268.HK,美格智能,,,2026/03/10,2026/09/10,8,1588.74,40512.87,5.260594349084477,34952066.333333336,4.54548233242748e-05,,29.0,低风险,解禁规模/20日成交额=0.0倍；较发行价涨幅=nan%；类型=2026/03/10; 距离=nan天,iFind精确
2692.HK,兆威机电,,,2026/03/09,2026/09/09,21,914.07,67458.366,3.416510649240557,158247092.5,5.776219869568852e-06,,29.0,低风险,解禁规模/20日成交额=0.0倍；较发行价涨幅=nan%；类型=2026/03/09; 距离=nan天,iFind精确
2715.HK,埃斯顿,,,2026/03/09,2026/09/09,7,3404.86,52094.358,3.518149868338341,112110686.5,3.0370521368629742e-05,,29.0,低风险,解禁规模/20日成交额=0.0倍；较发行价涨幅=nan%；类型=2026/03/09; 距离=nan天,iFind精确
2580.HK,奥克斯电气,,,2025/09/02,2026/09/02,1,47647.056,473611.73664,30.0,24664924.333333332,0.0019317738565128107,,29.0,低风险,解禁规模/20日成交额=0.0倍；较发行价涨幅=nan%；类型=2025/09/02; 距离=nan天,iFind精确
3858.HK,佳鑫国际资源,,,2025/08/28,2026/08/28,2,26353.728,1893515.3568,57.831310072416066,445052938.6666667,5.921481628444717e-05,,29.0,低风险,解禁规模/20日成交额=0.0倍；较发行价涨幅=nan%；类型=2025/08/28; 距离=nan天,iFind精确
6960.HK,双登股份,,,2025/08/26,2026/08/26,11,9994.92,140228.7276,23.4837803197532,11229191.666666666,0.0008900836584408347,,29.0,低风险,解禁规模/20日成交额=0.0倍；较发行价涨幅=nan%；类型=2025/08/26; 距离=nan天,iFind精确
2591.HK,银诺医药-B,,,2025/08/15,2026/08/15,38,38372.897,462009.67988,84.00015691979806,128545765.5,0.00029851544973684874,,29.0,低风险,解禁规模/20日成交额=0.0倍；较发行价涨幅=nan%；类型=2025/08/15; 距离=nan天,iFind精确
2706.HK,海致科技集团,,,2026/02/13,2026/08/13,2,172.88,10061.616,0.4317351507631732,153972768.83333334,1.1227959418404215e-06,,29.0,低风险,解禁规模/20日成交额=0.0倍；较发行价涨幅=nan%；类型=2026/02/13; 距离=nan天,iFind精确
9981.HK,沃尔核材,,,2026/02/13,2026/08/13,16,4823.18,70804.2824,3.445405774011124,60355040.05,7.991345869382785e-05,,29.0,低风险,解禁规模/20日成交额=0.0倍；较发行价涨幅=nan%；类型=2026/02/13; 距离=nan天,iFind精确
0470.HK,先导智能,,,2026/02/11,2026/08/11,10,4680.66,246670.782,2.7957233762185845,98121018.33333333,4.770292929593355e-05,,29.0,低风险,解禁规模/20日成交额=0.0倍；较发行价涨幅=nan%；类型=2026/02/11; 距离=nan天,iFind精确
2720.HK,乐欣户外,,,2026/02/10,2026/08/10,1,5630.85,137167.506,43.92067392067392,1304006.6666666667,0.0043181144268178585,,29.0,低风险,解禁规模/20日成交额=0.0倍；较发行价涨幅=nan%；类型=2026/02/10; 距离=nan天,iFind精确
0600.HK,爱芯元智,,,2026/02/10,2026/08/10,16,5115.63,107939.793,8.686215400839568,29979831.333333332,0.00017063571649624803,,29.0,低风险,解禁规模/20日成交额=0.0倍；较发行价涨幅=nan%；类型=2026/02/10; 距离=nan天,iFind精确
6809.HK,澜起科技,,,2026/02/09,2026/08/09,18,3282.8,1447058.24,2.685976062505729,2658790511.8333335,1.2346967485363822e-06,,29.0,低风险,解禁规模/20日成交额=0.0倍；较发行价涨幅=nan%；类型=2026/02/09; 距离=nan天,iFind精确
2533.HK,黑芝麻智能,,,2025/08/08,2026/08/08,1,4410.0,71971.2,6.173932418900956,87508991.5,5.039482142815004e-05,,29.0,低风险,解禁规模/20日成交额=0.0倍；较发行价涨幅=nan%；类型=2025/08/08; 距离=nan天,iFind精确
2677.HK,卓正医疗,,,2026/02/06,2026/08/06,21,3712.1018,98741.90788,57.48027150631499,428613.3333333333,0.008660724040316058,,29.0,低风险,解禁规模/20日成交额=0.0倍；较发行价涨幅=nan%；类型=2026/02/06; 距离=nan天,iFind精确
2714.HK,牧原股份,,,2026/02/06,2026/08/06,15,13697.28,511182.4896,2.3726472308186217,114936830.16666667,0.0001191722442678988,,29.0,低风险,解禁规模/20日成交额=0.0倍；较发行价涨幅=nan%；类型=2026/02/06; 距离=nan天,iFind精确
3200.HK,大族数控,,,2026/02/06,2026/08/06,11,2521.84,395424.512,5.157055376757318,618470058.1666666,4.077545819235778e-06,,29.0,低风险,解禁规模/20日成交额=0.0倍；较发行价涨幅=nan%；类型=2026/02/06; 距离=nan天,iFind精确
2768.HK,国恩科技,,,2026/02/04,2026/08/04,7,859.16,51377.768,2.8519834024896262,76889217.66666667,1.117399846262796e-05,,29.0,低风险,解禁规模/20日成交额=0.0倍；较发行价涨幅=nan%；类型=2026/02/04; 距离=nan天,iFind精确
2768.HK,国恩科技,,,2026/02/03,2026/08/03,1,27.76,1660.048,0.0921493775933609,76889217.66666667,3.610389186211558e-07,,29.0,低风险,解禁规模/20日成交额=0.0倍；较发行价涨幅=nan%；类型=2026/02/03; 距离=nan天,iFind精确
9980.HK,东鹏饮料,,,2026/02/03,2026/08/03,16,2012.01,333188.856,2.740413907498769,43060527.15,4.672515951769996e-05,,29.0,低风险,解禁规模/20日成交额=0.0倍；较发行价涨幅=nan%；类型=2026/02/03; 距离=nan天,iFind精确
2718.HK,明略科技-W,,,2025/11/03,2026/08/03,54,10624.6295,2450039.5627,73.04100577060566,48497464.5,0.00021907597870400006,,29.0,低风险,解禁规模/20日成交额=0.0倍；较发行价涨幅=nan%；类型=2025/11/03; 距离=nan天,iFind精确
1768.HK,鸣鸣很忙,,,2026/01/28,2026/07/28,9,6562.3243,2806049.87068,30.124819016717943,38336663.333333336,0.0001711761986936961,,29.0,低风险,解禁规模/20日成交额=0.0倍；较发行价涨幅=nan%；类型=2026/01/28; 距离=nan天,iFind精确
2685.HK,量化派,,,2025/11/27,2026/07/27,15,21492.9,304554.393,41.72588684666495,18856406.666666668,0.0011398194990137746,,29.0,低风险,解禁规模/20日成交额=0.0倍；较发行价涨幅=nan%；类型=2025/11/27; 距离=nan天,iFind精确
9887.HK,维立志博-B,,,2025/07/25,2026/07/25,42,10386.3584,647589.44624,52.22114938876314,72042700.5,0.00014416947626775872,,29.0,低风险,解禁规模/20日成交额=0.0倍；较发行价涨幅=nan%；类型=2025/07/25; 距离=nan天,iFind精确
9611.HK,龙旗科技,,,2026/01/22,2026/07/22,6,1420.09,37092.7508,2.717404179168581,32838734.333333332,4.324435849400326e-05,,29.0,低风险,解禁规模/20日成交额=0.0倍；较发行价涨幅=nan%；类型=2026/01/22; 距离=nan天,iFind精确
1641.HK,红星冷链,,,2026/01/13,2026/07/13,1,178.1,1146.964,1.8124828266997752,157014.16666666666,0.00113429255321972,,29.0,低风险,解禁规模/20日成交额=0.0倍；较发行价涨幅=nan%；类型=2026/01/13; 距离=nan天,iFind精确
8610.HK,BBSB INTL,,,2026/01/13,2026/07/13,3,24832.8,13906.368,49.6656,93206.66666666667,0.2664272941849653,,29.0,低风险,解禁规模/20日成交额=0.3倍；较发行价涨幅=nan%；类型=2026/01/13; 距离=nan天,iFind精确
3986.HK,兆易创新,,,2026/01/13,2026/07/13,18,1439.43,846384.84,2.0530950903778824,1499061951.5,9.602204889262044e-07,,29.0,低风险,解禁规模/20日成交额=0.0倍；较发行价涨幅=nan%；类型=2026/01/13; 距离=nan天,iFind精确
0501.HK,豪威集团,,,2026/01/12,2026/07/12,10,2074.02,185106.285,1.6444807069294631,106529444.33333333,1.9468983556417874e-05,,29.0,低风险,解禁规模/20日成交额=0.0倍；较发行价涨幅=nan%；类型=2026/01/12; 距离=nan天,iFind精确
2651.HK,大众口腔,,,2025/07/09,2026/07/09,5,616.434,7767.0684,12.483717282323946,236214.5,0.0026096365803115387,,29.0,低风险,解禁规模/20日成交额=0.0倍；较发行价涨幅=nan%；类型=2025/07/09; 距离=nan天,iFind精确
6938.HK,瑞博生物-B,,,2026/01/09,2026/07/09,12,1342.04,79448.768,7.868668219519449,13754302.0,9.757238135384841e-05,,29.0,低风险,解禁规模/20日成交额=0.0倍；较发行价涨幅=nan%；类型=2026/01/09; 距离=nan天,iFind精确
2590.HK,极智嘉-W,,,2025/07/09,2026/07/09,39,84607.4883,1509397.591272,63.268010850726895,83992285.66666667,0.0010073245135365744,,29.0,低风险,解禁规模/20日成交额=0.0倍；较发行价涨幅=nan%；类型=2025/07/09; 距离=nan天,iFind精确
0100.HK,MINIMAX-W,,,2026/01/09,2026/07/09,62,10741.6583,8593326.64,34.24888086898685,1257547854.5,8.541749136275115e-06,,29.0,低风险,解禁规模/20日成交额=0.0倍；较发行价涨幅=nan%；类型=2026/01/09; 距离=nan天,iFind精确
3636.HK,金浔资源,,,2026/01/09,2026/07/09,8,1044.0,24116.4,6.842444836213008,7057727.5,0.00014792296812252953,,29.0,低风险,解禁规模/20日成交额=0.0倍；较发行价涨幅=nan%；类型=2026/01/09; 距离=nan天,iFind精确
9903.HK,天数智芯,,,2026/01/08,2026/07/08,19,1094.03,524477.982,4.301823448129468,508265710.8333333,2.1524765032964147e-06,,29.0,低风险,解禁规模/20日成交额=0.0倍；较发行价涨幅=nan%；类型=2026/01/08; 距离=nan天,iFind精确
2675.HK,精锋医疗-B,,,2026/01/08,2026/07/08,15,3648.2522,183871.91088,9.309603820552438,8267986.0,0.0004412504085033526,,29.0,低风险,解禁规模/20日成交额=0.0倍；较发行价涨幅=nan%；类型=2026/01/08; 距离=nan天,iFind精确
2513.HK,智谱,,,2026/01/08,2026/07/08,11,2568.16,2919997.92,5.760232820923612,1523283504.8333333,1.6859369853683209e-06,,29.0,低风险,解禁规模/20日成交额=0.0倍；较发行价涨幅=nan%；类型=2026/01/08; 距离=nan天,iFind精确
1828.HK,富卫集团,,,2025/07/07,2026/07/07,1,38130.1163,1162968.54715,29.797951297614215,5405781.166666667,0.007053581179926293,,29.0,低风险,解禁规模/20日成交额=0.0倍；较发行价涨幅=nan%；类型=2025/07/07; 距离=nan天,iFind精确
2592.HK,拨康视云-B,,,2026/01/03,2026/07/03,1,1554.4,2145.072,1.8246121374826323,1085259.1666666667,0.0014322846079008777,,29.0,低风险,解禁规模/20日成交额=0.0倍；较发行价涨幅=nan%；类型=2026/01/03; 距离=nan天,iFind精确
2592.HK,拨康视云-B,,,2025/07/03,2026/07/03,1,16690.5814,23033.002332,19.5920209753486,1085259.1666666667,0.01537935076951665,,29.0,低风险,解禁规模/20日成交额=0.0倍；较发行价涨幅=nan%；类型=2025/07/03; 距离=nan天,iFind精确
2661.HK,轻松健康,,,2025/12/23,2026/07/01,14,12576.5967,357426.878214,60.940738481522175,190281768.83333334,6.609459633001291e-05,,29.0,低风险,解禁规模/20日成交额=0.0倍；较发行价涨幅=nan%；类型=2025/12/23; 距离=nan天,iFind精确
6082.HK,壁仞科技,,,2026/01/01,2026/07/01,25,14792.64,701466.9888,6.065394937836697,384375460.8333333,3.8484870933043627e-05,,29.0,低风险,解禁规模/20日成交额=0.0倍；较发行价涨幅=nan%；类型=2026/01/01; 距离=nan天,iFind精确
6603.HK,IFBH,,,2025/06/30,2026/06/30,1,8000.004,71440.03572,30.0,13606382.833333334,0.0005879596434991778,,29.0,低风险,解禁规模/20日成交额=0.0倍；较发行价涨幅=nan%；类型=2025/06/30; 距离=nan天,iFind精确
2587.HK,健康之路,,,2024/12/30,2026/06/30,1,29591.5335,110080.50462,33.71467662020306,35101613.666666664,0.0008430248757509639,,29.0,低风险,解禁规模/20日成交额=0.0倍；较发行价涨幅=nan%；类型=2024/12/30; 距离=nan天,iFind精确
3880.HK,泰德医药,,,2025/06/30,2026/06/30,8,4652.5388,103379.412136,32.81056981664316,2363469.0,0.001968521186442471,,29.0,低风险,解禁规模/20日成交额=0.0倍；较发行价涨幅=nan%；类型=2025/06/30; 距离=nan天,iFind精确
3696.HK,英矽智能,,,2025/12/30,2026/06/30,85,45293.36,2371107.396,79.12858445637856,200398071.33333334,0.0002260169456654152,,29.0,低风险,解禁规模/20日成交额=0.0倍；较发行价涨幅=nan%；类型=2025/12/30; 距离=nan天,iFind精确
2671.HK,美联股份,,,2025/12/30,2026/06/30,4,725.28,3111.4512,6.016424470492556,30875.0,0.02349085020242915,,29.0,低风险,解禁规模/20日成交额=0.0倍；较发行价涨幅=nan%；类型=2025/12/30; 距离=nan天,iFind精确
3317.HK,迅策,,,2025/12/30,2026/06/30,9,641.27,177631.79,1.98723622101902,1203409058.0,5.328778238263851e-07,,29.0,低风险,解禁规模/20日成交额=0.0倍；较发行价涨幅=nan%；类型=2025/12/30; 距离=nan天,iFind精确
2657.HK,林清轩,,,2025/12/30,2026/06/30,7,620.47,30316.1642,4.376928247390725,3331901.3333333335,0.00018622100054183278,,29.0,低风险,解禁规模/20日成交额=0.0倍；较发行价涨幅=nan%；类型=2025/12/30; 距离=nan天,iFind精确
9678.HK,云知声,,,2025/06/30,2026/06/30,36,4028.9623,1143419.50074,55.20972333859624,93019346.0,4.3313165198989894e-05,,29.0,低风险,解禁规模/20日成交额=0.0倍；较发行价涨幅=nan%；类型=2025/06/30; 距离=nan天,iFind精确
6600.HK,卧安机器人,,,2025/12/30,2026/06/30,9,948.45,100915.08,4.208672407802584,34658180.333333336,2.7365833718852385e-05,,29.0,低风险,解禁规模/20日成交额=0.0倍；较发行价涨幅=nan%；类型=2025/12/30; 距离=nan天,iFind精确
2431.HK,佑驾创新,,,2025/12/27,2026/06/27,1,1018.9085,8161.457085,2.4215952972626624,29475667.0,3.456778433546559e-05,,29.0,低风险,解禁规模/20日成交额=0.0倍；较发行价涨幅=nan%；类型=2025/12/27; 距离=nan天,iFind精确
6168.HK,周六福,,,2025/06/26,2026/06/26,8,11436.5648,202312.831312,25.955852881502526,49276145.166666664,0.0002320913042470777,,29.0,低风险,解禁规模/20日成交额=0.0倍；较发行价涨幅=nan%；类型=2025/06/26; 距离=nan天,iFind精确
2508.HK,圣贝拉集团,,,2025/06/26,2026/06/26,1,18291.99,71155.8411,29.399056407421128,2088004.3333333333,0.008760513428053231,,29.0,低风险,解禁规模/20日成交额=0.0倍；较发行价涨幅=nan%；类型=2025/06/26; 距离=nan天,iFind精确
2617.HK,药捷安康-B,,,2025/06/23,2026/06/23,1,11906.929,592965.0642,29.46656952712937,98951313.83333333,0.00012033118650708568,,29.0,低风险,解禁规模/20日成交额=0.0倍；较发行价涨幅=nan%；类型=2025/06/23; 距离=nan天,iFind精确
2609.HK,佰泽医疗,,,2025/06/23,2026/06/23,1,39554.0047,207262.984628,30.000000007584568,20726059.166666668,0.0019084189802764803,,29.0,低风险,解禁规模/20日成交额=0.0倍；较发行价涨幅=nan%；类型=2025/06/23; 距离=nan天,iFind精确
3378.HK,翰思艾泰-B,,,2025/12/23,2026/06/23,7,291.78,8741.7288,2.1419946126390896,2238913.3333333335,0.00013032215032887976,,29.0,低风险,解禁规模/20日成交额=0.0倍；较发行价涨幅=nan%；类型=2025/12/23; 距离=nan天,iFind精确
2635.HK,诺比侃,,,2025/12/23,2026/06/23,1,159.7971,2758.097946,0.4220001267607865,677695082.1666666,2.357949824412343e-07,,29.0,低风险,解禁规模/20日成交额=0.0倍；较发行价涨幅=nan%；类型=2025/12/23; 距离=nan天,iFind精确
2396.HK,华芢生物-B,,,2025/12/22,2026/06/22,1,880.2721,4929.52376,7.481647454720318,118818.33333333333,0.0074085545159978125,,29.0,低风险,解禁规模/20日成交额=0.0倍；较发行价涨幅=nan%；类型=2025/12/22; 距离=nan天,iFind精确
2581.HK,明基医院,,,2025/12/22,2026/06/22,4,17240.5336,54135.275504,55.26786306795152,661445.0,0.026064954153406556,,29.0,低风险,解禁规模/20日成交额=0.0倍；较发行价涨幅=nan%；类型=2025/12/22; 距离=nan天,iFind精确
0999.HK,小菜园,,,2024/12/20,2026/06/20,1,31766.0076,212196.930768,27.0,10461849.333333334,0.003036366381112734,,29.0,低风险,解禁规模/20日成交额=0.0倍；较发行价涨幅=nan%；类型=2024/12/20; 距离=nan天,iFind精确
2546.HK,智汇矿业,,,2025/12/19,2026/06/19,3,4973.7,78385.512,10.196068676603852,6225671.666666667,0.0007989017516985449,,29.0,低风险,解禁规模/20日成交额=0.0倍；较发行价涨幅=nan%；类型=2025/12/19; 距离=nan天,iFind精确
3881.HK,希迪智驾,,,2025/12/19,2026/06/19,5,2076.39,49916.4156,4.741773734274415,61514854.666666664,3.375428603792415e-05,,29.0,低风险,解禁规模/20日成交额=0.0倍；较发行价涨幅=nan%；类型=2025/12/19; 距离=nan天,iFind精确
3887.HK,HASHKEY HLDGS,,,2025/12/17,2026/06/17,38,235115.3028,912247.374864,84.999815127493,3412353.3333333335,0.06890121855298298,,29.0,低风险,解禁规模/20日成交额=0.1倍；较发行价涨幅=nan%；类型=2025/12/17; 距离=nan天,iFind精确
2655.HK,果下科技,,,2025/12/16,2026/06/16,3,369.4,10409.692,0.7135247072658168,310979407.5,1.1878600032383173e-06,,29.0,低风险,解禁规模/20日成交额=0.0倍；较发行价涨幅=nan%；类型=2025/12/16; 距离=nan天,iFind精确
2228.HK,晶泰控股,,,2024/06/13,2026/06/13,3,43284.904,353637.66568,10.05836967009832,444635165.5,9.734925925466416e-05,,29.0,低风险,解禁规模/20日成交额=0.0倍；较发行价涨幅=nan%；类型=2024/06/13; 距离=nan天,iFind精确
7618.HK,京东工业,,,2025/12/11,2026/06/11,28,176396.2162,2663582.86462,64.96977674668678,33964709.5,0.0051935146449581734,,29.0,低风险,解禁规模/20日成交额=0.0倍；较发行价涨幅=nan%；类型=2025/12/11; 距离=nan天,iFind精确
2573.HK,新琪安,,,2025/06/10,2026/06/10,13,3822.5412,18921.57894,39.72245851071597,127478.33333333333,0.029985810922117485,,29.0,低风险,解禁规模/20日成交额=0.0倍；较发行价涨幅=nan%；类型=2025/06/10; 距离=nan天,iFind精确
2605.HK,元光科技,,,2025/06/10,2026/06/10,6,5050.4069,6565.52897,32.66954701313072,97181.33333333333,0.05196889903410806,,29.0,低风险,解禁规模/20日成交额=0.1倍；较发行价涨幅=nan%；类型=2025/06/10; 距离=nan天,iFind精确
2659.HK,宝济药业-B,,,2025/12/10,2026/06/10,3,760.41,20439.8208,2.332678638645912,251269722.66666666,3.0262699060195034e-06,,29.0,低风险,解禁规模/20日成交额=0.0倍；较发行价涨幅=nan%；类型=2025/12/10; 距离=nan天,iFind精确
2665.HK,图达通,,,2025/12/10,2026/06/10,73,116002.3657,873497.813721,89.2664992830815,95226171.66666667,0.0012181773526091031,,29.0,低风险,解禁规模/20日成交额=0.0倍；较发行价涨幅=nan%；类型=2025/12/10; 距离=nan天,iFind精确
2676.HK,纳芯微,,,2025/12/08,2026/06/08,7,938.82,190017.168,5.77296877012798,196231838.5,4.7842389246126336e-06,,29.0,低风险,解禁规模/20日成交额=0.0倍；较发行价涨幅=nan%；类型=2025/12/08; 距离=nan天,iFind精确
2658.HK,天域半导体,,,2025/12/05,2026/06/05,2,278.485,14912.87175,0.7081294133920628,45064758.166666664,6.1796625862288276e-06,,29.0,低风险,解禁规模/20日成交额=0.0倍；较发行价涨幅=nan%；类型=2025/12/05; 距离=nan天,iFind精确
2408.HK,遇见小面,,,2025/12/05,2026/06/05,6,2429.25,10275.7275,3.4181603690951867,2216560.0,0.001095954993322987,,29.0,低风险,解禁规模/20日成交额=0.0倍；较发行价涨幅=nan%；类型=2025/12/05; 距离=nan天,iFind精确
2693.HK,金岩高岭新材,,,2025/12/03,2026/06/03,4,1044.1,4030.226,10.742397734451878,46769.166666666664,0.02232453717727135,,29.0,低风险,解禁规模/20日成交额=0.0倍；较发行价涨幅=nan%；类型=2025/12/03; 距离=nan天,iFind精确
2621.HK,手回集团,,,2025/05/30,2026/05/30,3,7896.48,24637.0176,34.88174235550533,163009.33333333334,0.048441888808002806,,29.0,低风险,解禁规模/20日成交额=0.0倍；较发行价涨幅=nan%；类型=2025/05/30; 距离=nan天,iFind精确
9609.HK,海伟股份,,,2025/11/28,2026/05/28,1,1512.9,9092.529,9.401187015286055,224237.33333333334,0.006746869388386115,,29.0,低风险,解禁规模/20日成交额=0.0倍；较发行价涨幅=nan%；类型=2025/11/28; 距离=nan天,iFind精确
2565.HK,派格生物医药-B,,,2025/05/27,2026/05/27,57,25988.0839,483638.241379,66.45013193484333,214955540.5,0.00012089980951200465,,29.0,低风险,解禁规模/20日成交额=0.0倍；较发行价涨幅=nan%；类型=2025/05/27; 距离=nan天,iFind精确
2788.HK,创新实业,,,2025/11/24,2026/05/24,19,114829.8,2333341.536,55.339662650602406,144461640.66666666,0.0007948809072780802,,29.0,低风险,解禁规模/20日成交额=0.0倍；较发行价涨幅=nan%；类型=2025/11/24; 距离=nan天,iFind精确
2579.HK,中伟新材,,,2025/11/17,2026/05/17,9,4859.6,180679.928,4.662587682165241,77387753.66666667,6.279546529974009e-05,,29.0,低风险,解禁规模/20日成交额=0.0倍；较发行价涨幅=nan%；类型=2025/11/17; 距离=nan天,iFind精确
6831.HK,绿茶集团,,,2025/05/16,2026/05/16,1,20203.644,159810.82404,30.0,14974337.333333334,0.0013492179019518994,,29.0,低风险,解禁规模/20日成交额=0.0倍；较发行价涨幅=nan%；类型=2025/05/16; 距离=nan天,iFind精确
2591.HK,银诺医药-B,,,2025/08/15,2026/05/15,5,420.1,5192.436,0.9196195408964604,128545765.5,3.2680967620049687e-06,,29.0,低风险,解禁规模/20日成交额=0.0倍；较发行价涨幅=nan%；类型=2025/08/15; 距离=nan天,iFind精确
2698.HK,乐舒适,,,2025/11/10,2026/05/10,21,22297.26,635025.9648,35.91846505243532,69437502.0,0.00032111264601655744,,29.0,低风险,解禁规模/20日成交额=0.0倍；较发行价涨幅=nan%；类型=2025/11/10; 距离=nan天,iFind精确
2589.HK,沪上阿姨,,,2025/05/08,2026/05/08,15,3105.204,458328.1104,29.516300957900256,26265700.5,0.0001182227749836712,,29.0,低风险,解禁规模/20日成交额=0.0倍；较发行价涨幅=nan%；类型=2025/05/08; 距离=nan天,iFind精确
1333.HK,博雷顿,,,2025/05/07,2026/05/07,43,18013.1718,311988.135576,46.2288986133213,20963874.666666668,0.0008592482108587305,,29.0,低风险,解禁规模/20日成交额=0.0倍；较发行价涨幅=nan%；类型=2025/05/07; 距离=nan天,iFind精确
0699.HK,均胜电子,,,2025/11/06,2026/05/06,7,3781.7,66444.469,2.438594135217667,105137607.33333333,3.596905137864053e-05,,29.0,低风险,解禁规模/20日成交额=0.0倍；较发行价涨幅=nan%；类型=2025/11/06; 距离=nan天,iFind精确
6681.HK,脑动极光-B,,,2026/02/05,2026/05/06,1,9200.0,34500.0,6.773282052716749,29353043.666666668,0.0003134257593343727,,29.0,低风险,解禁规模/20日成交额=0.0倍；较发行价涨幅=nan%；类型=2026/02/05; 距离=nan天,iFind精确
2026.HK,小马智行-W,,,2025/11/06,2026/05/06,5,670.7,52750.555,1.5470258741265337,49111046.166666664,1.3656805390051474e-05,,29.0,低风险,解禁规模/20日成交额=0.0倍；较发行价涨幅=nan%；类型=2025/11/06; 距离=nan天,iFind精确
9927.HK,赛力斯,,,2025/11/05,2026/05/05,23,4882.87,342289.187,2.8030492564159646,92488606.15,5.279428681280867e-05,,29.0,低风险,解禁规模/20日成交额=0.0倍；较发行价涨幅=nan%；类型=2025/11/05; 距离=nan天,iFind精确
2565.HK,派格生物医药-B,,,2025/12/31,2026/05/01,1,958.45,23616.208,2.45070506921638,214955540.5,4.458829010736757e-06,,29.0,低风险,解禁规模/20日成交额=0.0倍；较发行价涨幅=nan%；类型=2025/12/31; 距离=nan天,iFind精确
6166.HK,剑桥科技,,,2025/10/28,2026/04/28,16,3276.275,364321.78,9.290433956240278,1620868693.0,2.021308088773111e-06,,29.0,低风险,解禁规模/20日成交额=0.0倍；较发行价涨幅=nan%；类型=2025/10/28; 距离=nan天,iFind精确
6031.HK,三一重工,,,2025/10/28,2026/04/28,23,27734.22,596840.4144,3.0162269295270376,144875366.0,0.00019143502974825963,,29.0,低风险,解禁规模/20日成交额=0.0倍；较发行价涨幅=nan%；类型=2025/10/28; 距离=nan天,iFind精确
0638.HK,广和通,,,2025/10/22,2026/04/22,10,5813.2,81094.14,6.464384296130344,33679846.166666664,0.0001726017384768637,,29.0,低风险,解禁规模/20日成交额=0.0倍；较发行价涨幅=nan%；类型=2025/10/22; 距离=nan天,iFind精确
6687.HK,聚水潭,,,2025/10/21,2026/04/21,30,26312.372,488620.74804,60.313026416374505,50855983.166666664,0.0005173898991150825,,29.0,低风险,解禁规模/20日成交额=0.0倍；较发行价涨幅=nan%；类型=2025/10/21; 距离=nan天,iFind精确
2617.HK,药捷安康-B,,,2026/01/20,2026/04/20,1,210.0,14301.0,0.5263189117715893,98951313.83333333,2.1222558030276313e-06,,29.0,低风险,解禁规模/20日成交额=0.0倍；较发行价涨幅=nan%；类型=2026/01/20; 距离=nan天,iFind精确
2637.HK,海西新药,,,2025/10/20,2026/04/20,2,604.0209,114763.971,7.674270750338563,44904214.0,1.3451318845042025e-05,,29.0,低风险,解禁规模/20日成交额=0.0倍；较发行价涨幅=nan%；类型=2025/10/20; 距离=nan天,iFind精确
2575.HK,轩竹生物-B,,,2025/10/15,2026/04/15,1,660.3,23784.006,1.2748389176445756,58144814.5,1.1356128756761274e-05,,29.0,低风险,解禁规模/20日成交额=0.0倍；较发行价涨幅=nan%；类型=2025/10/15; 距离=nan天,iFind精确
3677.HK,正力新能,,,2025/04/14,2026/04/14,30,131784.9039,1034511.495615,51.59090791460628,47114829.0,0.002797100333315441,,29.0,低风险,解禁规模/20日成交额=0.0倍；较发行价涨幅=nan%；类型=2025/04/14; 距离=nan天,iFind精确
8549.HK,金叶国际集团,,,2025/10/10,2026/04/10,2,18000.0,4050.0,45.0,552579.1666666666,0.03257451798007827,,29.0,低风险,解禁规模/20日成交额=0.0倍；较发行价涨幅=nan%；类型=2025/10/10; 距离=nan天,iFind精确
2625.HK,江苏宏信,,,2025/03/31,2026/03/31,32,15828.4007,77242.595416,67.17208419562309,129955.0,0.12179908968489092,,29.0,低风险,解禁规模/20日成交额=0.1倍；较发行价涨幅=nan%；类型=2025/03/31; 距离=nan天,iFind精确
2583.HK,西普尼,,,2025/09/30,2026/03/30,1,1205.3333,128367.99645,20.49015384615385,43087942.5,2.79737956854171e-05,,29.0,低风险,解禁规模/20日成交额=0.0倍；较发行价涨幅=nan%；类型=2025/09/30; 距离=nan天,iFind精确
2259.HK,紫金黄金国际,,,2025/09/30,2026/03/30,30,166196.419,29582962.582,62.09841143834041,849556015.0,0.00019562738190959661,,29.0,低风险,解禁规模/20日成交额=0.0倍；较发行价涨幅=nan%；类型=2025/09/30; 距离=nan天,iFind精确
2569.HK,舒宝国际,,,2025/03/27,2026/03/27,1,30000.0,30300.0,30.0,158775.0,0.1889466225791214,,29.0,低风险,解禁规模/20日成交额=0.2倍；较发行价涨幅=nan%；类型=2025/03/27; 距离=nan天,iFind精确
9973.HK,奇瑞汽车,,,2025/09/25,2026/03/25,13,14869.85,411894.845,2.559969423898805,185448899.2,8.018300493638088e-05,,29.0,低风险,解禁规模/20日成交额=0.0倍；较发行价涨幅=nan%；类型=2025/09/25; 距离=nan天,iFind精确
2610.HK,南山铝业国际,,,2025/03/25,2026/03/25,3,32301.6135,1863803.09895,52.0628318638272,50524712.0,0.0006393230603669745,,29.0,低风险,解禁规模/20日成交额=0.0倍；较发行价涨幅=nan%；类型=2025/03/25; 距离=nan天,iFind精确
6090.HK,不同集团,,,2025/09/23,2026/03/23,13,5418.7565,400987.981,59.70990875752873,146295010.0,3.703992706244731e-05,,29.0,低风险,解禁规模/20日成交额=0.0倍；较发行价涨幅=nan%；类型=2025/09/23; 距离=nan天,iFind精确
2609.HK,佰泽医疗,,,2025/06/23,2026/03/23,9,33231.5569,104347.088666,25.20469709232873,20726059.166666668,0.0016033707436986233,,29.0,低风险,解禁规模/20日成交额=0.0倍；较发行价涨幅=nan%；类型=2025/06/23; 距离=nan天,iFind精确
9678.HK,云知声,,,2026/01/22,2026/03/23,1,78.0,20576.4,1.0688505128009032,93019346.0,8.385352440555753e-07,,29.0,低风险,解禁规模/20日成交额=0.0倍；较发行价涨幅=nan%；类型=2026/01/22; 距离=nan天,iFind精确
2565.HK,派格生物医药-B,,,2025/12/22,2026/03/22,1,513.6,30559.2,1.3132475596531197,214955540.5,2.3893312952312576e-06,,29.0,低风险,解禁规模/20日成交额=0.0倍；较发行价涨幅=nan%；类型=2025/12/22; 距离=nan天,iFind精确
2561.HK,维昇药业-B,,,2025/03/21,2026/03/21,4,5126.7088,133396.962976,44.99999929779512,735232.3333333334,0.006972909878374047,,29.0,低风险,解禁规模/20日成交额=0.0倍；较发行价涨幅=nan%；类型=2025/03/21; 距离=nan天,iFind精确
2595.HK,劲方医药-B,,,2025/09/19,2026/03/19,19,3823.4,99408.4,10.323284254847689,41299289.833333336,9.257786309231088e-05,,29.0,低风险,解禁规模/20日成交额=0.0倍；较发行价涨幅=nan%；类型=2025/09/19; 距离=nan天,iFind精确
2656.HK,健康160,,,2025/09/17,2026/03/17,1,197.7062,29853.6362,0.5876194049322994,761590296.3333334,2.59596532350601e-07,,29.0,低风险,解禁规模/20日成交额=0.0倍；较发行价涨幅=nan%；类型=2025/09/17; 距离=nan天,iFind精确
2525.HK,禾赛-W,,,2025/09/16,2026/03/16,7,2492.4646,480547.17488,15.861203582021636,209088788.5,1.1920603767810343e-05,,29.0,低风险,解禁规模/20日成交额=0.0倍；较发行价涨幅=nan%；类型=2025/09/16; 距离=nan天,iFind精确
6676.HK,找钢网-W,,,2025/03/10,2026/03/10,1,3610.8114,4910.703504,3.371148494261365,8660133.166666666,0.00041694640607816677,,29.0,低风险,解禁规模/20日成交额=0.0倍；较发行价涨幅=nan%；类型=2025/03/10; 距离=nan天,iFind精确
2543.HK,大行科工,,,2025/09/09,2026/03/09,4,201.38,5920.572,6.141723643113826,2000985.0,0.00010064043458596641,,29.0,低风险,解禁规模/20日成交额=0.0倍；较发行价涨幅=nan%；类型=2025/09/09; 距离=nan天,iFind精确
2097.HK,蜜雪集团,,,2025/03/03,2026/03/03,1,4449.7247,1483538.21498,11.721560417977193,97926333.83333333,4.543951076094865e-05,,29.0,低风险,解禁规模/20日成交额=0.0倍；较发行价涨幅=nan%；类型=2025/03/03; 距离=nan天,iFind精确
2580.HK,奥克斯电气,,,2025/09/02,2026/03/02,6,88037.209,1008906.41514,55.430838581086725,24664924.333333332,0.0035693281605175004,,29.0,低风险,解禁规模/20日成交额=0.0倍；较发行价涨幅=nan%；类型=2025/09/02; 距离=nan天,iFind精确
2431.HK,佑驾创新,,,2025/12/02,2026/03/02,1,1401.28,17614.0896,3.330360928531093,29475667.0,4.754023038732253e-05,,29.0,低风险,解禁规模/20日成交额=0.0倍；较发行价涨幅=nan%；类型=2025/12/02; 距离=nan天,iFind精确
3858.HK,佳鑫国际资源,,,2025/08/28,2026/02/28,9,7136.712,698327.2692,15.6609874917709,445052938.6666667,1.6035647402713176e-05,,29.0,低风险,解禁规模/20日成交额=0.0倍；较发行价涨幅=nan%；类型=2025/08/28; 距离=nan天,iFind精确
2570.HK,重塑能源,,,2026/01/26,2026/02/25,1,453.6,24879.96,4.865196672947697,21803793.5,2.080371931609057e-05,,29.0,低风险,解禁规模/20日成交额=0.0倍；较发行价涨幅=nan%；类型=2026/01/26; 距离=nan天,iFind精确
2631.HK,天岳先进,,,2025/08/20,2026/02/20,5,1729.52,98582.64,3.568827527161239,1714929466.3333333,1.0085079497163592e-06,,29.0,低风险,解禁规模/20日成交额=0.0倍；较发行价涨幅=nan%；类型=2025/08/20; 距离=nan天,iFind精确
1364.HK,古茗,,,2025/02/12,2026/02/12,1,70689.4998,2047167.914208,29.72412753307683,160261348.16666666,0.00044108888767418325,,29.0,低风险,解禁规模/20日成交额=0.0倍；较发行价涨幅=nan%；类型=2025/02/12; 距离=nan天,iFind精确
2432.HK,越疆,,,2025/11/13,2026/02/11,1,1666.0,59876.04,3.786747474857679,97933659.5,1.7011515841496763e-05,,29.0,低风险,解禁规模/20日成交额=0.0倍；较发行价涨幅=nan%；类型=2025/11/13; 距离=nan天,iFind精确
1333.HK,博雷顿,,,2025/05/07,2026/02/07,2,350.62,7187.71,0.8998291145928399,20963874.666666668,1.672496165785129e-05,,29.0,低风险,解禁规模/20日成交额=0.0倍；较发行价涨幅=nan%；类型=2025/05/07; 距离=nan天,iFind精确
2562.HK,狮腾控股,,,2024/07/30,2026/01/30,1,1419.5956,5025.368424,3.098192387701996,133799197.33333333,1.0609896234753696e-05,,29.0,低风险,解禁规模/20日成交额=0.0倍；较发行价涨幅=nan%；类型=2024/07/30; 距离=nan天,iFind精确
6181.HK,老铺黄金,,,2025/10/30,2026/01/28,1,371.18,306409.09,2.1043321985276817,607379187.8333334,6.11117416327826e-07,,29.0,低风险,解禁规模/20日成交额=0.0倍；较发行价涨幅=nan%；类型=2025/10/30; 距离=nan天,iFind精确
9887.HK,维立志博-B,,,2025/07/25,2026/01/25,17,1547.45,86734.5725,7.780360980191238,72042700.5,2.1479622352579636e-05,,29.0,低风险,解禁规模/20日成交额=0.0倍；较发行价涨幅=nan%；类型=2025/07/25; 距离=nan天,iFind精确
3677.HK,正力新能,,,2025/10/24,2026/01/22,1,4592.1,41512.584,1.7977067268223237,47114829.0,9.746612897608097e-05,,29.0,低风险,解禁规模/20日成交额=0.0倍；较发行价涨幅=nan%；类型=2025/10/24; 距离=nan天,iFind精确
0805.HK,新吉奥房车,,,2025/01/13,2026/01/13,1,28800.0,32256.0,30.0,1790933.3333333333,0.016081000595592615,,29.0,低风险,解禁规模/20日成交额=0.0倍；较发行价涨幅=nan%；类型=2025/01/13; 距离=nan天,iFind精确
0325.HK,布鲁可,,,2025/01/10,2026/01/10,1,7352.7073,499616.461035,29.499215338982967,27932997.5,0.0002632265763815717,,29.0,低风险,解禁规模/20日成交额=0.0倍；较发行价涨幅=nan%；类型=2025/01/10; 距离=nan天,iFind精确
2530.HK,纽曼思,,,2025/01/10,2026/01/10,1,30000.0,18000.0,30.0,65053.333333333336,0.4611600737856118,,29.0,低风险,解禁规模/20日成交额=0.5倍；较发行价涨幅=nan%；类型=2025/01/10; 距离=nan天,iFind精确
1304.HK,FORTIOR,,,2025/07/09,2026/01/09,10,729.57,94844.1,6.353325243889419,151775596.5,4.806899243515739e-06,,29.0,低风险,解禁规模/20日成交额=0.0倍；较发行价涨幅=nan%；类型=2025/07/09; 距离=nan天,iFind精确
6613.HK,蓝思科技,,,2025/07/09,2026/01/09,10,8247.18,237518.784,1.5606867397937592,752928660.0,1.095346802179107e-05,,29.0,低风险,解禁规模/20日成交额=0.0倍；较发行价涨幅=nan%；类型=2025/07/09; 距离=nan天,iFind精确
2590.HK,极智嘉-W,,,2025/07/09,2026/01/09,4,4266.22,107082.122,3.190205248671684,83992285.66666667,5.0792998025211496e-05,,29.0,低风险,解禁规模/20日成交额=0.0倍；较发行价涨幅=nan%；类型=2025/07/09; 距离=nan天,iFind精确
2560.HK,海螺材料科技,,,2025/01/09,2026/01/09,6,4039.68,6786.6624,6.966238657409802,245496.66666666666,0.016455131773683282,,29.0,低风险,解禁规模/20日成交额=0.0倍；较发行价涨幅=nan%；类型=2025/01/09; 距离=nan天,iFind精确
2597.HK,讯众通信,,,2025/07/09,2026/01/09,1,955.65,13063.7355,7.849004681075265,630623.6666666666,0.0015154045915392752,,29.0,低风险,解禁规模/20日成交额=0.0倍；较发行价涨幅=nan%；类型=2025/07/09; 距离=nan天,iFind精确
9660.HK,地平线机器人-W,,,2025/10/10,2026/01/08,1,63902.88,619218.9072,4.3614101574931246,1373287442.3333333,4.653277822989739e-05,,29.0,低风险,解禁规模/20日成交额=0.0倍；较发行价涨幅=nan%；类型=2025/10/10; 距离=nan天,iFind精确
6681.HK,脑动极光-B,,,2025/01/08,2026/01/08,19,108516.6,812789.334,85.69729553857842,29353043.666666668,0.0036969454081939557,,29.0,低风险,解禁规模/20日成交额=0.0倍；较发行价涨幅=nan%；类型=2025/01/08; 距离=nan天,iFind精确
1828.HK,富卫集团,,,2025/07/07,2026/01/07,14,84766.1487,3263496.72495,66.43087628860958,5405781.166666667,0.015680647456224873,,29.0,低风险,解禁规模/20日成交额=0.0倍；较发行价涨幅=nan%；类型=2025/07/07; 距离=nan天,iFind精确
2648.HK,安井食品,,,2025/07/04,2026/01/04,6,1177.38,79237.674,3.532610557856749,48974501.833333336,2.4040673328475682e-05,,29.0,低风险,解禁规模/20日成交额=0.0倍；较发行价涨幅=nan%；类型=2025/07/04; 距离=nan天,iFind精确
2592.HK,拨康视云-B,,,2025/07/03,2026/01/03,31,60608.1788,273342.886388,71.76252246757794,1085259.1666666667,0.05584673289252721,,29.0,低风险,解禁规模/20日成交额=0.1倍；较发行价涨幅=nan%；类型=2025/07/03; 距离=nan天,iFind精确
2565.HK,派格生物医药-B,,,2025/11/26,2026/01/01,1,958.45,66133.05,2.45070506921638,214955540.5,4.458829010736757e-06,,29.0,低风险,解禁规模/20日成交额=0.0倍；较发行价涨幅=nan%；类型=2025/11/26; 距离=nan天,iFind精确
2506.HK,讯飞医疗科技,,,2024/12/30,2025/12/30,12,2294.3922,172538.29344,18.981020346318264,11871706.5,0.00019326557643587297,,29.0,低风险,解禁规模/20日成交额=0.0倍；较发行价涨幅=nan%；类型=2024/12/30; 距离=nan天,iFind精确
6603.HK,IFBH,,,2025/06/30,2025/12/30,33,13849.496,222976.8856,51.935584032207984,13606382.833333334,0.00101786758241662,,29.0,低风险,解禁规模/20日成交额=0.0倍；较发行价涨幅=nan%；类型=2025/06/30; 距离=nan天,iFind精确
2577.HK,英诺赛科,,,2024/12/30,2025/12/30,45,44422.8787,3471647.970405,48.54425418052893,1802910467.5,2.4639536738393252e-05,,29.0,低风险,解禁规模/20日成交额=0.0倍；较发行价涨幅=nan%；类型=2024/12/30; 距离=nan天,iFind精确
3880.HK,泰德医药,,,2025/06/30,2025/12/30,2,256.5,7725.78,1.8088857545839208,2363469.0,0.00010852691530965711,,29.0,低风险,解禁规模/20日成交额=0.0倍；较发行价涨幅=nan%；类型=2025/06/30; 距离=nan天,iFind精确
2431.HK,佑驾创新,,,2024/12/27,2025/12/27,32,27042.3108,337758.461892,64.27027810681264,29475667.0,0.0009174452540802554,,29.0,低风险,解禁规模/20日成交额=0.0倍；较发行价涨幅=nan%；类型=2024/12/27; 距离=nan天,iFind精确
6168.HK,周六福,,,2025/06/26,2025/12/26,9,12131.1435,333606.44625,27.53223380244352,49276145.166666664,0.00024618694215971734,,29.0,低风险,解禁规模/20日成交额=0.0倍；较发行价涨幅=nan%；类型=2025/06/26; 距离=nan天,iFind精确
2508.HK,圣贝拉集团,,,2025/06/26,2025/12/26,23,36641.71,149498.1768,58.89089700761737,2088004.3333333333,0.01754867526615925,,29.0,低风险,解禁规模/20日成交额=0.0倍；较发行价涨幅=nan%；类型=2025/06/26; 距离=nan天,iFind精确
2643.HK,曹操出行,,,2025/06/25,2025/12/25,14,35938.882,1049415.3544,65.98614716733506,38443594.666666664,0.0009348470743075847,,29.0,低风险,解禁规模/20日成交额=0.0倍；较发行价涨幅=nan%；类型=2025/06/25; 距离=nan天,iFind精确
1333.HK,博雷顿,,,2025/11/24,2025/12/24,1,1000.0,25080.0,2.566394143496777,20963874.666666668,4.7701105635306854e-05,,29.0,低风险,解禁规模/20日成交额=0.0倍；较发行价涨幅=nan%；类型=2025/11/24; 距离=nan天,iFind精确
2050.HK,三花智控,,,2025/06/23,2025/12/23,17,19568.4,647714.04,4.650269771504452,791799604.8333334,2.47138289543842e-05,,29.0,低风险,解禁规模/20日成交额=0.0倍；较发行价涨幅=nan%；类型=2025/06/23; 距离=nan天,iFind精确
2432.HK,越疆,,,2024/12/23,2025/12/23,33,28671.4619,828605.24891,65.16901917785303,97933659.5,0.0002927641226354867,,29.0,低风险,解禁规模/20日成交额=0.0倍；较发行价涨幅=nan%；类型=2024/12/23; 距离=nan天,iFind精确
2617.HK,药捷安康-B,,,2025/06/23,2025/12/23,6,2156.2339,297991.52498,5.432720481857849,98951313.83333333,2.1790856699809058e-05,,29.0,低风险,解禁规模/20日成交额=0.0倍；较发行价涨幅=nan%；类型=2025/06/23; 距离=nan天,iFind精确
2609.HK,佰泽医疗,,,2025/06/23,2025/12/23,2,47100.5025,202532.16075,35.72369185053054,20726059.166666668,0.00227252571852882,,29.0,低风险,解禁规模/20日成交额=0.0倍；较发行价涨幅=nan%；类型=2025/06/23; 距离=nan天,iFind精确
2593.HK,草姬集团,,,2024/12/19,2025/12/19,1,4000.008,4800.0096,30.0,282818.6666666667,0.01414336630302573,,29.0,低风险,解禁规模/20日成交额=0.0倍；较发行价涨幅=nan%；类型=2024/12/19; 距离=nan天,iFind精确
3288.HK,海天味业,,,2025/06/19,2025/12/19,8,12858.02,429457.868,2.197266685700091,70183265.0,0.00018320635268250914,,29.0,低风险,解禁规模/20日成交额=0.0倍；较发行价涨幅=nan%；类型=2025/06/19; 距离=nan天,iFind精确
1318.HK,毛戈平,,,2024/12/10,2025/12/10,11,16086.064,1377771.3816,32.81618501024813,315292808.1666667,5.101944472991835e-05,,29.0,低风险,解禁规模/20日成交额=0.0倍；较发行价涨幅=nan%；类型=2024/12/10; 距离=nan天,iFind精确
2605.HK,元光科技,,,2025/06/10,2025/12/10,11,7891.6468,23911.689804,51.15260527269937,97181.33333333333,0.08120537688993772,,29.0,低风险,解禁规模/20日成交额=0.1倍；较发行价涨幅=nan%；类型=2025/06/10; 距离=nan天,iFind精确
2573.HK,新琪安,,,2025/06/10,2025/12/10,3,618.9172,5297.931232,6.431562542365403,127478.33333333333,0.004855077594885405,,29.0,低风险,解禁规模/20日成交额=0.0倍；较发行价涨幅=nan%；类型=2025/06/10; 距离=nan天,iFind精确
2570.HK,重塑能源,,,2024/12/06,2025/12/06,48,3582.9218,418843.55842,40.39478118702165,21803793.5,0.00016432561609061285,,29.0,低风险,解禁规模/20日成交额=0.0倍；较发行价涨幅=nan%；类型=2024/12/06; 距离=nan天,iFind精确
2586.HK,多点数智,,,2024/12/06,2025/12/06,1,26600.7037,171840.545902,28.37708099018364,38857753.166666664,0.0006845661813205112,,29.0,低风险,解禁规模/20日成交额=0.0倍；较发行价涨幅=nan%；类型=2024/12/06; 距离=nan天,iFind精确
2228.HK,晶泰控股,,,2025/09/04,2025/12/03,1,28592.0,267049.28,6.644439892018825,444635165.5,6.430440554077139e-05,,29.0,低风险,解禁规模/20日成交额=0.0倍；较发行价涨幅=nan%；类型=2025/09/04; 距离=nan天,iFind精确
2621.HK,手回集团,,,2025/05/30,2025/11/30,9,11449.5,44538.555,50.57677713352764,163009.33333333334,0.07023830946285284,,29.0,低风险,解禁规模/20日成交额=0.1倍；较发行价涨幅=nan%；类型=2025/05/30; 距离=nan天,iFind精确
2585.HK,梦金园,,,2024/11/29,2025/11/29,6,2430.6666,36605.838996,8.902775411986015,2938816.3333333335,0.0008270903398862739,,29.0,低风险,解禁规模/20日成交额=0.0倍；较发行价涨幅=nan%；类型=2024/11/29; 距离=nan天,iFind精确
2566.HK,九源基因,,,2024/11/28,2025/11/28,10,6369.7985,49811.82427,25.956926032238137,339084.6666666667,0.018785274375917912,,29.0,低风险,解禁规模/20日成交额=0.0倍；较发行价涨幅=nan%；类型=2024/11/28; 距离=nan天,iFind精确
2603.HK,吉宏股份,,,2025/05/27,2025/11/27,3,2024.0,24692.8,4.493730544300359,41716623.333333336,4.8517829063665826e-05,,29.0,低风险,解禁规模/20日成交额=0.0倍；较发行价涨幅=nan%；类型=2025/05/27; 距离=nan天,iFind精确
2565.HK,派格生物医药-B,,,2025/05/27,2025/11/27,1,958.45,67091.5,2.4833171713678146,214955540.5,4.458829010736757e-06,,29.0,低风险,解禁规模/20日成交额=0.0倍；较发行价涨幅=nan%；类型=2025/05/27; 距离=nan天,iFind精确
1276.HK,恒瑞医药,,,2025/05/23,2025/11/23,7,9377.34,618435.573,1.4128458051616,476523266.5,1.9678661377597183e-05,,29.0,低风险,解禁规模/20日成交额=0.0倍；较发行价涨幅=nan%；类型=2025/05/23; 距离=nan天,iFind精确
3750.HK,宁德时代,,,2025/05/20,2025/11/20,23,7745.54,3741095.82,1.6974358257681972,2644963702.0,2.9284106977132347e-06,,29.0,低风险,解禁规模/20日成交额=0.0倍；较发行价涨幅=nan%；类型=2025/05/20; 距离=nan天,iFind精确
