code,name,listing_date,industry,issue_price,d1_open_ret,d1_close_ret,d1_intraday_ret,d1_amplitude,d5_close_ret,d20_close_ret,d60_close_ret,max_5_ret,min_5_ret,max_20_ret,min_20_ret,max_60_ret,min_60_ret,d1_amount,d1_volume,quote_days,label_strong_open,label_deep_v,label_broken,label_pop_then_fade,label_tradeable_20d,path_label,rule_recommendation,model_score_tradeable_20d,model_recommendation
2498.HK,速腾聚创,2024-01-05,Unknown,,0.0,0.0,0.0,0.0385542168674699,0.0,0.0,-0.0081395348837209,0.0325581395348837,-0.0348837209302325,0.0325581395348837,-0.0441860465116278,0.05,-0.2325581395348837,40096050.0,944300.0,79,False,False,False,False,False,watch,Watch only or small trial position,0.3695348837209302,Avoid unless fundamentals beat materially
2453.HK,美中嘉和,2024-01-09,Unknown,,0.0,0.1306122448979592,0.1306122448979592,0.2391752577319588,0.4061224489795916,0.2530612244897958,1.2857142857142856,0.4387755102040815,-0.0102040816326531,0.4897959183673468,-0.0102040816326531,1.5306122448979589,-0.0102040816326531,40455156.0,3770200.0,81,False,False,False,False,True,moderate_tradeable,Add to first-month secondary trading pool,0.7483673469387755,High priority: prepare IPO/anchor/secondary plan
6959.HK,长久股份,2024-01-09,Unknown,,0.0,0.1327868852459017,0.1327868852459017,0.1917355371900826,0.4360655737704919,0.2131147540983609,4.557377049180328,0.4737704918032788,-0.0081967213114754,0.4770491803278689,-0.0081967213114754,4.573770491803279,-0.0081967213114754,27348080.0,4309500.0,81,False,False,False,False,True,moderate_tradeable,Add to first-month secondary trading pool,0.7424590163934427,High priority: prepare IPO/anchor/secondary plan
2503.HK,中深建业,2024-01-09,Unknown,,0.0,-0.1111111111111111,-0.1111111111111111,0.1999999999999999,0.2716049382716048,0.7037037037037035,-0.037037037037037,0.2839506172839505,-0.1358024691358026,0.8518518518518516,-0.1358024691358026,0.8518518518518516,-0.1358024691358026,25813440.0,32216000.0,81,False,True,False,False,True,deep_v_rebound,Add to first-month secondary trading pool,0.4660493827160493,Low priority: watchlist or trial position only
2477.HK,经纬天地（新）,2024-01-12,Unknown,,0.0,0.4915254237288136,0.4915254237288136,0.5823529411764705,0.9378531073446328,0.8418079096045197,0.9322033898305084,1.406779661016949,-0.0395480225988701,1.406779661016949,-0.0395480225988701,1.406779661016949,-0.0395480225988701,54877536.0,27933800.0,80,True,False,False,False,True,strong_open,Add to first-month secondary trading pool,0.87,High priority: prepare IPO/anchor/secondary plan
2535.HK,泓基集团,2024-03-08,Unknown,,0.0,-0.0923076923076924,-0.0923076923076924,0.5208333333333333,0.0461538461538462,-0.0307692307692307,-0.0923076923076924,0.1384615384615384,-0.2615384615384616,0.2153846153846155,-0.2615384615384616,0.2153846153846155,-0.2615384615384616,58954900.0,96680000.0,77,False,True,False,False,False,deep_v_rebound,Avoid chasing first day; wait for turnover stabilization,0.1223076923076922,Avoid unless fundamentals beat materially
2540.HK,乐思集团,2024-03-08,Unknown,,0.0,0.6666666666666665,0.6666666666666665,0.7777777777777779,2.2666666666666666,2.811111111111112,0.3111111111111111,2.7666666666666666,0.0,7.088888888888889,0.0,7.088888888888889,0.0,83668425.0,65740000.0,79,True,False,False,False,True,strong_open,Add to first-month secondary trading pool,0.87,High priority: prepare IPO/anchor/secondary plan
2509.HK,荃信生物－Ｂ,2024-03-20,Unknown,,0.0,-0.105839416058394,-0.105839416058394,0.1510204081632653,-0.2317518248175182,-0.167883211678832,0.0474452554744526,0.0291970802919707,-0.337956204379562,0.0291970802919707,-0.337956204379562,0.114963503649635,-0.337956204379562,61672710.0,2308200.0,80,False,False,True,False,False,persistent_break,Avoid chasing first day; wait for turnover stabilization,0.05,Avoid unless fundamentals beat materially
2536.HK,百乐皇宫,2024-03-26,Unknown,,0.0,0.0909090909090908,0.0909090909090908,0.216117216117216,0.9236363636363636,0.9200000000000002,1.1745454545454548,1.290909090909091,-0.0072727272727273,1.290909090909091,-0.0072727272727273,1.6145454545454547,-0.0072727272727273,147443660.0,50437218.0,80,False,False,False,False,True,moderate_tradeable,Add to first-month secondary trading pool,0.7227272727272727,High priority: prepare IPO/anchor/secondary plan
2497.HK,富景中国控股,2024-03-28,Unknown,,0.0,-0.3051643192488262,-0.3051643192488262,0.7021276595744681,-0.3943661971830985,-0.488262910798122,-0.5023474178403755,0.1267605633802817,-0.4647887323943662,0.1267605633802817,-0.5821596244131455,0.1267605633802817,-0.5821596244131455,76448740.0,37768000.0,80,False,False,True,False,False,persistent_break,Avoid chasing first day; wait for turnover stabilization,0.05,Avoid unless fundamentals beat materially
2598.HK,连连数字,2024-03-28,Unknown,,0.0,-0.0367346938775511,-0.0367346938775511,0.0678879310344828,-0.0071428571428571,-0.0306122448979592,-0.0316326530612245,0.0428571428571429,-0.1224489795918368,0.0428571428571429,-0.1224489795918368,0.0428571428571429,-0.1224489795918368,149692289.0,15429700.0,80,False,False,False,False,False,watch,Watch only or small trial position,0.2606122448979591,Avoid unless fundamentals beat materially
2515.HK,天津建发,2024-04-23,Unknown,,0.0,-0.1914893617021276,-0.1914893617021276,0.4342105263157896,-0.2074468085106382,-0.2872340425531914,-0.2925531914893616,0.1595744680851065,-0.2446808510638297,0.1595744680851065,-0.3351063829787234,0.1595744680851065,-0.4946808510638297,108156350.0,56518000.0,83,False,False,True,True,False,pop_then_fade,Avoid chasing first day; wait for turnover stabilization,0.0579787234042553,Avoid unless fundamentals beat materially
2555.HK,茶百道,2024-04-23,Unknown,,0.0,-0.1867852604828462,-0.1867852604828462,0.4574074074074072,-0.2820838627700126,-0.2693773824650571,-0.3316391359593392,0.0,-0.3138500635324015,0.0,-0.3881829733163913,0.0,-0.3881829733163913,210907779.0,16394628.0,83,False,False,True,False,False,persistent_break,Avoid chasing first day; wait for turnover stabilization,0.05,Avoid unless fundamentals beat materially
4336.HK,应用材料－Ｔ,2024-04-24,Unknown,,0.0,0.0,0.0,0.0,,,,1.7000000000000002,0.0,1.7000000000000002,0.0,1.7000000000000002,0.0,6000.0,10.0,2,False,False,False,False,True,moderate_tradeable,Add to first-month secondary trading pool,0.6499999999999999,Medium priority: wait for first-day turnover confirmation
2438.HK,出门问问,2024-04-24,Unknown,,0.0,0.2348993288590604,0.2348993288590604,0.261744966442953,0.2751677852348992,0.2080536912751678,-0.5201342281879195,0.3389261744966443,0.0,0.4697986577181208,0.0,0.4697986577181208,-0.5436241610738255,206153660.0,61942500.0,83,True,False,False,False,True,strong_open,Add to first-month secondary trading pool,0.8197986577181209,High priority: prepare IPO/anchor/secondary plan
4333.HK,思科－Ｔ,2024-05-07,Unknown,,0.0,0.0,0.0,0.0,,,,0.0,0.0,0.0,0.0,0.0,0.0,10000.0,40.0,2,False,False,False,False,False,watch,Watch only or small trial position,0.35,Avoid unless fundamentals beat materially
2556.HK,迈富时,2024-05-16,Unknown,,0.0,0.1477777777777777,0.1477777777777777,0.2444444444444444,0.3944444444444444,0.8033333333333335,1.221111111111111,0.4555555555555555,0.0,0.9555555555555556,0.0,1.4177777777777778,0.0,40206255.0,799500.0,84,False,False,False,False,True,moderate_tradeable,Add to first-month secondary trading pool,0.7682222222222221,High priority: prepare IPO/anchor/secondary plan
2529.HK,泓盈城市服务,2024-05-17,Unknown,,0.0,-0.0722543352601156,-0.0722543352601156,0.1774193548387095,-0.2167630057803468,-0.1473988439306357,-0.1907514450867052,0.0549132947976878,-0.2861271676300577,0.0549132947976878,-0.323699421965318,0.0549132947976878,-0.323699421965318,39250960.0,11580000.0,76,False,False,True,False,False,persistent_break,Avoid chasing first day; wait for turnover stabilization,0.0985549132947976,Avoid unless fundamentals beat materially
2898.HK,盛禾生物－Ｂ,2024-05-24,Unknown,,0.0,0.0041493775933609,0.0041493775933609,0.0936170212765956,-0.438450899031812,-0.5809128630705395,-0.5573997233748271,0.0663900414937759,-0.4522821576763486,0.0663900414937759,-0.5947441217150761,0.0663900414937759,-0.7095435684647302,41081356.0,2768400.0,80,False,False,True,False,False,persistent_break,Avoid chasing first day; wait for turnover stabilization,0.1131535269709542,Avoid unless fundamentals beat materially
2505.HK,ＥＤＡ集团控股,2024-05-28,Unknown,,0.0,0.3592233009708738,0.3592233009708738,0.558303886925795,0.0517799352750809,0.4174757281553398,0.2168284789644012,0.7799352750809063,-0.0841423948220063,0.7799352750809063,-0.1812297734627832,1.741100323624596,-0.1812297734627832,112436925.0,33638192.0,83,True,False,False,False,True,strong_open,Watch only or small trial position,0.7105177993527508,High priority: prepare IPO/anchor/secondary plan
2443.HK,汽车街,2024-05-31,Unknown,,0.0,-0.1075862068965517,-0.1075862068965517,0.3428571428571429,-0.1034482758620689,-0.3227586206896551,-0.573103448275862,0.1668965517241381,-0.3206896551724137,0.1668965517241381,-0.3227586206896551,0.1668965517241381,-0.6889655172413793,114626682.0,7705800.0,82,False,False,True,True,False,pop_then_fade,Avoid chasing first day; wait for turnover stabilization,0.1381379310344828,Avoid unless fundamentals beat materially
2522.HK,一脉阳光,2024-06-07,Unknown,,0.0,0.0,0.0,0.2045454545454545,0.3666666666666667,0.2613333333333334,0.3533333333333333,0.4266666666666665,-0.0999999999999999,0.5466666666666666,-0.0999999999999999,0.5466666666666666,-0.0999999999999999,185911088.0,12268300.0,81,False,False,False,False,True,moderate_tradeable,Add to first-month secondary trading pool,0.6499999999999999,Medium priority: wait for first-day turnover confirmation
2550.HK,宜搜科技,2024-06-07,Unknown,,0.0,0.3082352941176469,0.3082352941176469,0.3647058823529412,1.1082352941176472,0.9952941176470588,1.2847058823529416,1.2470588235294118,0.0,1.3529411764705883,0.0,1.9352941176470584,0.0,52078730.0,5560500.0,81,True,False,False,False,True,strong_open,Add to first-month secondary trading pool,0.8965882352941175,High priority: prepare IPO/anchor/secondary plan
2228.HK,晶泰控股,2024-06-13,Unknown,,0.0,0.0760667903525047,0.0760667903525047,0.2391713747645951,-0.0166975881261595,-0.0241187384044526,1.8051948051948048,0.2207792207792209,-0.0389610389610389,0.2207792207792209,-0.2059369202226344,1.849721706864564,-0.2059369202226344,498678101.0,85480400.0,82,False,False,False,True,False,pop_then_fade,Avoid chasing first day; wait for turnover stabilization,0.3991651205936922,Avoid unless fundamentals beat materially
2512.HK,云工场,2024-06-14,Unknown,,0.0,-0.1304347826086956,-0.1304347826086956,0.2704918032786885,-0.1121281464530893,-0.1350114416475973,-0.1784897025171625,0.0640732265446224,-0.2677345537757437,0.0640732265446224,-0.2677345537757437,0.0640732265446224,-0.2677345537757437,125869805.0,29280598.0,81,False,False,True,False,False,persistent_break,Avoid chasing first day; wait for turnover stabilization,0.0966819221967963,Avoid unless fundamentals beat materially
2881.HK,武汉有机,2024-06-18,Unknown,,0.0,-0.2894736842105264,-0.2894736842105264,0.5147058823529413,-0.4048582995951417,-0.478744939271255,-0.5799595141700404,0.0425101214574898,-0.4048582995951417,0.0425101214574898,-0.548582995951417,0.0425101214574898,-0.6103238866396761,85396035.0,9508500.0,77,False,False,True,False,False,persistent_break,Avoid chasing first day; wait for turnover stabilization,0.05,Avoid unless fundamentals beat materially
6181.HK,老铺黄金,2024-06-28,Unknown,,0.0,0.0852713178294573,0.0852713178294573,0.2403609515996716,0.2751937984496124,0.1550387596899225,0.9813953488372094,0.3875968992248062,-0.0550387596899224,0.3937984496124032,-0.0550387596899224,1.1550387596899223,-0.0550387596899224,1164919420.0,17850500.0,81,False,False,False,False,True,moderate_tradeable,Add to first-month secondary trading pool,0.6544961240310077,Medium priority: wait for first-day turnover confirmation
2479.HK,天聚地合,2024-06-28,Unknown,,0.0,-0.4676991150442477,-0.4676991150442477,0.9500831946755408,-0.3938053097345132,-0.3495575221238938,-0.4561946902654866,0.0371681415929203,-0.4712389380530973,0.0371681415929203,-0.4712389380530973,0.0371681415929203,-0.5610619469026549,162917897.0,1620450.0,81,False,False,True,False,False,persistent_break,Avoid chasing first day; wait for turnover stabilization,0.05,Avoid unless fundamentals beat materially
2559.HK,嘀嗒出行,2024-06-28,Unknown,,0.0,-0.1108986615678776,-0.1108986615678776,0.2688172043010752,-0.3575525812619503,-0.5411089866156789,-0.5831739961759081,0.1281070745697896,-0.3804971319311664,0.1281070745697896,-0.5850860420650096,0.1281070745697896,-0.7495219885277247,145287665.0,26229000.0,81,False,False,True,False,False,persistent_break,Avoid chasing first day; wait for turnover stabilization,0.0581453154875716,Avoid unless fundamentals beat materially
2545.HK,中赣通信,2024-07-03,Unknown,,0.0,-0.1184210526315788,-0.1184210526315788,0.2769230769230768,-0.4013157894736842,-0.4736842105263158,-0.5460526315789473,0.0921052631578946,-0.4671052631578947,0.0921052631578946,-0.5723684210526316,0.0921052631578946,-0.631578947368421,99647140.0,131536000.0,83,False,False,True,False,False,persistent_break,Avoid chasing first day; wait for turnover stabilization,0.05,Avoid unless fundamentals beat materially
1354.HK,经发物业,2024-07-03,Unknown,,0.0,-0.1320261437908497,-0.1320261437908497,0.2540983606557379,-0.2444444444444444,0.0980392156862746,1.2666666666666666,0.0,-0.3333333333333333,0.8013071895424835,-0.3333333333333333,3.0392156862745097,-0.3333333333333333,24751851.0,3344700.0,83,False,True,False,False,False,deep_v_rebound,Avoid chasing first day; wait for turnover stabilization,0.3110457516339869,Avoid unless fundamentals beat materially
6086.HK,方舟健客,2024-07-09,Unknown,,0.0,-0.0320512820512819,-0.0320512820512819,0.1511627906976744,0.0320512820512821,-0.0811965811965811,0.3782051282051284,0.4337606837606838,-0.0811965811965811,0.4337606837606838,-0.0811965811965811,0.5576923076923077,-0.1923076923076923,46415757.0,9892000.0,83,False,False,False,True,True,pop_then_fade,Add to first-month secondary trading pool,0.5846153846153848,Medium priority: wait for first-day turnover confirmation
6657.HK,百望股份,2024-07-09,Unknown,,0.0,0.2156249999999999,0.2156249999999999,0.4178571428571429,0.115625,0.01875,0.0703125,0.609375,-0.125,0.609375,-0.125,0.609375,-0.125,36816665.0,1036900.0,83,True,True,False,False,True,strong_open,Add to first-month secondary trading pool,0.735,High priority: prepare IPO/anchor/secondary plan
2495.HK,声通科技,2024-07-10,Unknown,,0.0,0.0,0.0,0.1561983471074379,0.0740740740740741,0.3637037777777778,0.4666666666666665,0.1555555555555554,-0.1037037037037037,0.4259259259259258,-0.1037037037037037,0.9555555555555556,-0.1037037037037037,30957124.0,237000.0,83,False,True,False,False,True,deep_v_rebound,Add to first-month secondary trading pool,0.5329629629629629,Low priority: watchlist or trial position only
1334.HK,瑞昌国际控股,2024-07-10,Unknown,,0.0,-0.0769230769230769,-0.0769230769230769,0.3362068965517242,-0.146153846153846,-0.3,-0.3076923076923077,0.1923076923076923,-0.2076923076923077,0.1923076923076923,-0.3230769230769231,0.1923076923076923,-0.4076923076923077,50953150.0,39965000.0,82,False,False,True,True,False,pop_then_fade,Avoid chasing first day; wait for turnover stabilization,0.1776923076923076,Avoid unless fundamentals beat materially
2507.HK,西锐,2024-07-12,Unknown,,0.0,0.0,0.0,0.055662188099808,-0.0890909090909091,0.0,-0.1581818181818182,0.0,-0.1927272727272727,0.0309090909090909,-0.1927272727272727,0.0309090909090909,-0.3636363636363636,173203305.0,6391409.0,82,False,False,False,False,False,watch,Watch only or small trial position,0.2336363636363636,Avoid unless fundamentals beat materially
2531.HK,广联科技控股,2024-07-15,Unknown,,0.0,-0.1240875912408759,-0.1240875912408759,0.1864406779661016,0.3010948905109487,0.2791970802919707,1.8576642335766425,0.3321167883211677,-0.1824817518248175,1.0802919708029195,-0.1824817518248175,1.9671532846715327,-0.1824817518248175,25365385.0,4884000.0,83,False,True,False,False,True,deep_v_rebound,Watch only or small trial position,0.4229927007299269,Low priority: watchlist or trial position only
1471.HK,众淼控股,2024-08-06,Unknown,,0.0,0.0683139534883721,0.0683139534883721,0.2582781456953642,-0.1046511627906976,-0.1395348837209302,-0.0058139534883721,0.1409883720930231,-0.1220930232558139,0.1409883720930231,-0.2325581395348837,0.1409883720930231,-0.2325581395348837,22516415.0,3237000.0,83,False,False,True,False,False,persistent_break,Avoid chasing first day; wait for turnover stabilization,0.326453488372093,Avoid unless fundamentals beat materially
2533.HK,黑芝麻智能,2024-08-08,Unknown,,0.0,0.0877659574468083,0.0877659574468083,0.2472647702407002,0.0851063829787233,0.1755319148936169,0.2606382978723403,0.2127659574468086,-0.027659574468085,0.4840425531914891,-0.027659574468085,0.7686170212765957,-0.027659574468085,70461654.0,3326300.0,83,False,False,False,False,True,moderate_tradeable,Add to first-month secondary trading pool,0.71063829787234,High priority: prepare IPO/anchor/secondary plan
2410.HK,同源康医药－Ｂ,2024-08-20,Unknown,,0.0,-0.0538674033149172,-0.0538674033149172,0.2410575427682737,0.4157458563535912,1.1685082872928176,0.6678176795580109,0.5953038674033149,-0.111878453038674,1.372237569060773,-0.111878453038674,1.5552486187845305,-0.111878453038674,43620810.0,3187500.0,83,False,True,False,False,True,deep_v_rebound,Add to first-month secondary trading pool,0.5285911602209943,Low priority: watchlist or trial position only
2549.HK,卡罗特,2024-10-02,Unknown,,0.0,-0.0368421052631579,-0.0368421052631579,0.6287425149700601,-0.368421052631579,-0.4652631578947368,-0.4736842105263158,0.1452631578947369,-0.3726315789473684,0.1452631578947369,-0.4894736842105264,0.1452631578947369,-0.5557894736842106,1043155657.0,111774000.0,81,False,False,True,False,False,persistent_break,Avoid chasing first day; wait for turnover stabilization,0.05,Avoid unless fundamentals beat materially
2576.HK,太美医疗科技,2024-10-08,Unknown,,0.0,-0.1814946619217082,-0.1814946619217082,0.2695652173913043,-0.4225978647686832,-0.4688612099644128,-0.6218861209964412,0.0391459074733095,-0.4306049822064056,0.0391459074733095,-0.4884341637010676,0.0391459074733095,-0.6619217081850535,171029660.0,16319616.0,80,False,False,True,False,False,persistent_break,Avoid chasing first day; wait for turnover stabilization,0.05,Avoid unless fundamentals beat materially
2567.HK,七牛智能,2024-10-16,Unknown,,0.0,-0.2562500000000001,-0.2562500000000001,0.4736842105263159,-0.2562500000000001,-0.34375,-0.58125,0.0499999999999998,-0.2875000000000001,0.0499999999999998,-0.3625,0.0499999999999998,-0.58125,166431751.0,121377000.0,81,False,False,True,False,False,persistent_break,Avoid chasing first day; wait for turnover stabilization,0.05,Avoid unless fundamentals beat materially
2460.HK,华润饮料,2024-10-23,Unknown,,0.0,0.0133657351154312,0.0133657351154312,0.0674300254452926,-0.0789793438639125,-0.2223572296476306,-0.3195625759416769,0.0194410692588091,-0.1008505467800728,0.0194410692588091,-0.25273390036452,0.0194410692588091,-0.3742405832320777,2592560842.0,160092634.0,81,False,False,True,False,False,persistent_break,Avoid chasing first day; wait for turnover stabilization,0.1954434993924664,Avoid unless fundamentals beat materially
2465.HK,龙蟠科技,2024-10-30,Unknown,,0.0,-0.0649606299212598,-0.0649606299212598,0.3,-0.1043307086614173,0.3700787401574803,-0.078740157480315,0.074803149606299,-0.1909448818897637,0.5118110236220472,-0.2736220472440945,0.5118110236220472,-0.2736220472440945,213011330.0,42487000.0,81,False,True,False,False,False,deep_v_rebound,Avoid chasing first day; wait for turnover stabilization,0.4064960629921259,Low priority: watchlist or trial position only
2562.HK,狮腾控股,2024-10-30,Unknown,,0.0,-0.15,-0.15,1.9441176470588235,-0.0669999999999999,0.1300000000000001,0.2199999999999999,1.5025,-0.175,1.5025,-0.421,1.5025,-0.421,14013339.0,588000.0,81,False,True,False,False,False,deep_v_rebound,Avoid chasing first day; wait for turnover stabilization,0.15,Avoid unless fundamentals beat materially
2563.HK,华昊中天医药－Ｂ,2024-10-31,Unknown,,0.0,-0.0325581395348837,-0.0325581395348837,0.3321355236139629,0.2093023255813952,0.3418604651162791,-0.1962790697674418,0.2674418604651163,-0.093953488372093,0.3976744186046512,-0.093953488372093,0.8372093023255813,-0.3776744186046511,69538758.0,3185800.0,81,False,False,False,False,True,moderate_tradeable,Add to first-month secondary trading pool,0.5625581395348838,Medium priority: wait for first-day turnover confirmation
2510.HK,德翔海运,2024-11-01,Unknown,,0.0,-0.0191387559808612,-0.0191387559808612,0.0869565217391303,0.0071770334928229,0.0,0.0478468899521531,0.1483253588516746,-0.0645933014354066,0.1483253588516746,-0.0909090909090909,0.1483253588516746,-0.0909090909090909,185626430.0,44695000.0,80,False,False,False,False,False,moderate_tradeable,Watch only or small trial position,0.4236842105263158,Low priority: watchlist or trial position only
2519.HK,傲基股份,2024-11-08,Unknown,,0.0,-0.0043227665706052,-0.0043227665706052,0.1968,-0.1210374639769453,-0.1268011527377522,-0.1296829971181556,0.0778097982708934,-0.1340057636887609,0.0778097982708934,-0.2435158501440922,0.0778097982708934,-0.2435158501440922,172531326.0,12609200.0,80,False,False,True,False,False,persistent_break,Avoid chasing first day; wait for turnover stabilization,0.2227665706051873,Avoid unless fundamentals beat materially
2551.HK,晶科电子股份,2024-11-08,Unknown,,0.0,0.269047619047619,0.269047619047619,0.3238095238095237,0.1404761904761904,-0.1119047619047619,0.0476190476190476,0.4166666666666667,0.0,0.4166666666666667,-0.2047619047619048,0.4166666666666667,-0.3285714285714286,355359979.0,75504380.0,80,True,False,True,True,False,strong_open,Avoid chasing first day; wait for turnover stabilization,0.6719047619047618,Medium priority: wait for first-day turnover confirmation
2582.HK,国富氢能,2024-11-15,Unknown,,0.0,-0.0522478736330498,-0.0522478736330498,0.0631850419084463,0.0996354799513974,0.3341433778857836,0.6537060753341435,0.1786148238153098,-0.0668286755771567,0.3390036452004861,-0.0668286755771567,0.7351154313487245,-0.0668286755771567,59782280.0,758200.0,80,False,False,False,False,True,moderate_tradeable,Add to first-month secondary trading pool,0.5116038882138518,Low priority: watchlist or trial position only
6936.HK,顺丰控股,2024-11-27,Unknown,,0.0,0.0,0.0,0.0349854227405248,-0.0451895043731778,0.0058309037900874,0.1180758017492713,0.0349854227405248,-0.0641399416909619,0.0349854227405248,-0.0641399416909619,0.1457725947521866,-0.0641399416909619,1790316864.0,51647347.0,81,False,False,False,False,False,watch,Watch only or small trial position,0.3709912536443148,Avoid unless fundamentals beat materially
2566.HK,九源基因,2024-11-28,Unknown,,0.0,0.02,0.02,0.2133333333333333,0.064,-0.0946666666666666,-0.0666666666666666,0.2133333333333333,0.0,0.2133333333333333,-0.1039999999999999,0.2133333333333333,-0.3093333333333333,246224365.0,28954400.0,81,False,False,False,True,True,pop_then_fade,Add to first-month secondary trading pool,0.4212000000000001,Low priority: watchlist or trial position only
2585.HK,梦金园,2024-11-29,Unknown,,0.0,0.032,0.032,0.1785714285714286,-0.0063999999999999,0.0287999999999999,0.3936000000000001,0.1295999999999999,-0.104,0.32,-0.1583999999999999,0.544,-0.1583999999999999,155060872.0,12461400.0,80,False,True,False,False,True,deep_v_rebound,Watch only or small trial position,0.45672,Low priority: watchlist or trial position only
2586.HK,多点数智,2024-12-06,Unknown,,0.0,-0.3640552995391705,-0.3640552995391705,0.576086956521739,-0.7,-0.7428571428571429,-0.5483870967741935,0.0023041474654377,-0.716589861751152,0.0023041474654377,-0.7797235023041474,0.0023041474654377,-0.7797235023041474,62643737.0,3667840.0,79,False,False,True,False,False,persistent_break,Avoid chasing first day; wait for turnover stabilization,0.05,Avoid unless fundamentals beat materially
2570.HK,重塑能源,2024-12-06,Unknown,,0.0,-0.0120885829415715,-0.0120885829415715,0.0330806340454858,0.0946944257891202,0.32102081934184,0.6521155137676293,0.0946944257891202,-0.055742108797851,0.3290799194089993,-0.055742108797851,0.8294157152451307,-0.055742108797851,67943140.0,469700.0,79,False,False,False,False,True,moderate_tradeable,Add to first-month secondary trading pool,0.5377770852921423,Low priority: watchlist or trial position only
1318.HK,毛戈平,2024-12-10,Unknown,,0.0,0.1038824763903463,0.1038824763903463,0.2004197271773349,0.1469045120671563,0.2203567681007345,1.1888772298006294,0.2717733473242394,0.0,0.2948583420776496,0.0,1.2413431269674713,0.0,4111226759.0,83646270.0,80,False,False,False,False,True,moderate_tradeable,Add to first-month secondary trading pool,0.6100209863588668,Medium priority: wait for first-day turnover confirmation
2593.HK,草姬集团,2024-12-19,Unknown,,0.0,-0.1172707889125801,-0.1172707889125801,0.3015463917525773,-0.4157782515991471,-0.5415778251599148,-0.6162046908315566,0.0767590618336886,-0.4179104477611941,0.0767590618336886,-0.5991471215351813,0.0767590618336886,-0.6268656716417911,268348671.0,58056200.0,79,False,False,True,False,False,persistent_break,Avoid chasing first day; wait for turnover stabilization,0.05,Avoid unless fundamentals beat materially
2432.HK,越疆,2024-12-23,Unknown,,0.0,-0.0385786802030455,-0.0385786802030455,0.1395101171458996,0.2030456852791877,0.0659898477157361,2.789340101522843,0.3223350253807107,-0.046700507614213,0.3223350253807107,-0.06497461928934,3.253807106598985,-0.06497461928934,61074144.0,3105000.0,78,False,False,False,False,True,moderate_tradeable,Add to first-month secondary trading pool,0.5125380710659899,Low priority: watchlist or trial position only
2431.HK,佑驾创新,2024-12-27,Unknown,,0.0,0.0430107526881717,0.0430107526881717,0.0997732426303854,-0.0698924731182796,0.0419354838709675,0.9946236559139784,0.0666666666666666,-0.1021505376344087,0.086021505376344,-0.1021505376344087,0.9946236559139784,-0.1021505376344087,110345760.0,5996500.0,79,False,True,False,False,False,deep_v_rebound,Watch only or small trial position,0.3645161290322576,Avoid unless fundamentals beat materially
2506.HK,讯飞医疗科技,2024-12-30,Unknown,,0.0,-0.0306406685236768,-0.0306406685236768,0.1063953488372093,-0.0729805013927575,-0.0183844011142061,0.5197770473537604,0.0601671309192202,-0.1002785515320334,0.0601671309192202,-0.1086350974930362,1.0245125348189412,-0.1086350974930362,45709395.0,520446.0,80,False,True,False,False,False,deep_v_rebound,Watch only or small trial position,0.2855431754874653,Avoid unless fundamentals beat materially
2587.HK,健康之路,2024-12-30,Unknown,,0.0,0.0713567839195981,0.0713567839195981,0.1382978723404253,0.4733668341708543,0.2964824120603015,1.84924623115578,0.4773869346733668,-0.0552763819095476,0.6763819095477388,-0.0552763819095476,2.1658291457286434,-0.0552763819095476,32586081.0,3281100.0,80,False,False,False,False,True,moderate_tradeable,Add to first-month secondary trading pool,0.7070854271356785,High priority: prepare IPO/anchor/secondary plan
2577.HK,英诺赛科,2024-12-30,Unknown,,0.0,0.0,0.0,0.1129296235679213,-0.014516129032258,0.1741935483870966,0.596774193548387,0.096774193548387,-0.014516129032258,0.4129032258064515,-0.014516129032258,1.1806451612903226,-0.014516129032258,93369652.0,2952480.0,80,False,False,False,False,True,moderate_tradeable,Add to first-month secondary trading pool,0.5977419354838709,Medium priority: wait for first-day turnover confirmation
6681.HK,脑动极光－Ｂ,2025-01-08,Unknown,,0.0,0.0341614906832297,0.0341614906832297,0.1150159744408947,0.1149068322981365,0.7484472049689439,0.7360248447204967,0.484472049689441,-0.0279503105590063,0.7826086956521738,-0.0279503105590063,1.4254658385093166,-0.0279503105590063,61637930.0,18896100.0,79,False,False,False,False,True,moderate_tradeable,Add to first-month secondary trading pool,0.6773291925465837,Medium priority: wait for first-day turnover confirmation
2613.HK,汇舸环保,2025-01-09,Unknown,,0.0,-0.0044182621502211,-0.0044182621502211,0.0542986425339366,-0.1104565537555228,-0.0986745213549337,-0.1737849779086893,0.0294550810014726,-0.2812960235640649,0.0294550810014726,-0.2812960235640649,0.0294550810014726,-0.2812960235640649,69585092.0,2054100.0,79,False,False,False,False,False,watch,Avoid chasing first day; wait for turnover stabilization,0.1672312223858612,Avoid unless fundamentals beat materially
2560.HK,海螺材料科技,2025-01-09,Unknown,,0.0,-0.1277777777777777,-0.1277777777777777,0.2292993630573248,-0.1944444444444445,-0.2277777777777778,-0.088888888888889,0.0722222222222221,-0.2666666666666666,0.0722222222222221,-0.2666666666666666,0.0722222222222221,-0.2666666666666666,86807259.0,49011000.0,79,False,False,True,False,False,persistent_break,Avoid chasing first day; wait for turnover stabilization,0.1044444444444444,Avoid unless fundamentals beat materially
2530.HK,纽曼思,2025-01-10,Unknown,,0.0,-0.1265822784810127,-0.1265822784810127,0.3620689655172415,-0.1645569620253164,-0.1265822784810127,-0.1645569620253164,0.0,-0.3544303797468354,0.0,-0.3544303797468354,0.2151898734177213,-0.3544303797468354,89626200.0,123024000.0,76,False,True,True,False,False,deep_v_rebound,Avoid chasing first day; wait for turnover stabilization,0.05,Avoid unless fundamentals beat materially
2596.HK,宜宾银行,2025-01-13,Unknown,,0.0,0.0077220077220077,0.0077220077220077,0.0386100386100387,0.0038610038610038,0.0038610038610038,0.0077220077220077,0.0386100386100387,0.0,0.0386100386100387,-0.0038610038610037,0.0424710424710426,-0.0038610038610037,66431305.0,25689500.0,76,False,False,False,False,False,watch,Watch only or small trial position,0.3793436293436293,Avoid unless fundamentals beat materially
2571.HK,赛目科技,2025-01-15,Unknown,,0.0,-0.0090225563909774,-0.0090225563909774,0.1259600614439324,-0.0225563909774436,0.0796992481203007,-0.0481203007518797,0.1022556390977442,-0.0225563909774436,0.2270676691729323,-0.0526315789473684,0.2270676691729323,-0.0526315789473684,101952222.0,7720400.0,79,False,False,False,False,True,moderate_tradeable,Add to first-month secondary trading pool,0.4790225563909774,Low priority: watchlist or trial position only
1364.HK,古茗,2025-02-12,Unknown,,0.0,-0.0699999999999999,-0.0699999999999999,0.1646136618141098,-0.0279999999999999,0.504,1.475,0.04,-0.1779999999999999,0.518,-0.1779999999999999,1.745,-0.1779999999999999,1356758266.0,134002435.0,82,False,True,False,False,True,deep_v_rebound,Watch only or small trial position,0.4694000000000001,Low priority: watchlist or trial position only
2097.HK,蜜雪集团,2025-03-03,Unknown,,0.0,0.1068702290076335,0.1068702290076335,0.1640625,0.3549618320610688,0.6488549618320612,1.0744274809160306,0.4847328244274809,-0.0229007633587786,0.800763358778626,-0.0229007633587786,1.2099236641221376,-0.0229007633587786,4333988608.0,16058876.0,81,False,False,False,False,True,moderate_tradeable,Add to first-month secondary trading pool,0.7354961832061068,High priority: prepare IPO/anchor/secondary plan
6693.HK,赤峰黄金,2025-03-10,Unknown,,0.0,0.0,0.0,0.0280649926144755,0.0204081632653061,0.185131195335277,1.1064139941690958,0.0437317784256559,-0.1020408163265306,0.3775510204081631,-0.1020408163265306,1.6348396501457725,-0.1020408163265306,690919578.0,50199919.0,81,False,True,False,False,True,deep_v_rebound,Add to first-month secondary trading pool,0.5051020408163265,Low priority: watchlist or trial position only
6676.HK,找钢网－Ｗ,2025-03-10,Unknown,,0.0,-0.1195079086115994,-0.1195079086115994,0.535897435897436,-0.4551845342706503,-0.5166959578207382,-0.6915641476274166,0.0527240773286468,-0.4727592267135325,0.0527240773286468,-0.5606326889279438,0.0527240773286468,-0.7056239015817223,15980055.0,1610500.0,81,False,False,True,False,False,persistent_break,Avoid chasing first day; wait for turnover stabilization,0.05,Avoid unless fundamentals beat materially
2561.HK,维昇药业－Ｂ,2025-03-21,Unknown,,0.0,0.0,0.0,0.0671296296296297,-0.2042151162790697,-0.3561046511627906,-0.2877906976744185,0.0050872093023257,-0.2696220930232558,0.0050872093023257,-0.4295058139534883,0.0050872093023257,-0.4295058139534883,228142165.0,3408600.0,80,False,False,True,False,False,persistent_break,Avoid chasing first day; wait for turnover stabilization,0.0730523255813954,Avoid unless fundamentals beat materially
2610.HK,南山铝业国际,2025-03-25,Unknown,,0.0,-0.0507518796992482,-0.0507518796992482,0.0653465346534651,-0.0526315789473684,-0.0714285714285715,0.1992481203007516,0.0112781954887217,-0.1221804511278195,0.0112781954887217,-0.2330827067669173,0.2030075187969924,-0.2330827067669173,340663520.0,12882800.0,81,False,True,False,False,False,deep_v_rebound,Avoid chasing first day; wait for turnover stabilization,0.1530075187969923,Avoid unless fundamentals beat materially
2569.HK,舒宝国际,2025-03-27,Unknown,,0.0,0.3673469387755104,0.3673469387755104,0.6907216494845361,0.0612244897959184,0.3673469387755104,2.183673469387755,0.6734693877551019,-0.0204081632653061,0.6734693877551019,-0.1224489795918367,2.387755102040816,-0.1224489795918367,169663295.0,272546000.0,81,True,False,False,False,True,strong_open,Add to first-month secondary trading pool,0.7581632653061227,High priority: prepare IPO/anchor/secondary plan
2625.HK,江苏宏信,2025-03-31,Unknown,,0.0,-0.2732558139534884,-0.2732558139534884,0.5271966527196652,-0.3401162790697674,-0.188953488372093,-0.1831395348837209,0.0610465116279068,-0.3924418604651163,0.0610465116279068,-0.4186046511627906,0.0610465116279068,-0.4186046511627906,80316389.0,27790000.0,81,False,False,True,False,False,persistent_break,Avoid chasing first day; wait for turnover stabilization,0.05,Avoid unless fundamentals beat materially
3677.HK,正力新能,2025-04-14,Unknown,,0.0,-0.008274231678487,-0.008274231678487,0.0156062424969989,-0.0224586288416077,0.135933806146572,0.189125295508274,0.0886524822695036,-0.0780141843971632,0.1607565011820331,-0.0780141843971632,0.3427895981087467,-0.0780141843971632,27167894.0,3230400.0,82,False,False,False,False,True,moderate_tradeable,Watch only or small trial position,0.4398345153664302,Low priority: watchlist or trial position only
1333.HK,博雷顿,2025-05-07,Unknown,,0.0,-0.1413793103448276,-0.1413793103448276,0.3829787234042554,-0.1637931034482759,0.0206896551724138,-0.0068965517241379,0.1206896551724137,-0.2068965517241379,0.2068965517241379,-0.2068965517241379,0.2827586206896553,-0.2068965517241379,222147752.0,8331032.0,86,False,True,False,False,False,deep_v_rebound,Avoid chasing first day; wait for turnover stabilization,0.2162068965517241,Avoid unless fundamentals beat materially
2589.HK,沪上阿姨,2025-05-08,Unknown,,0.0,-0.1689402413431269,-0.1689402413431269,0.3,-0.3074501573976914,-0.3462749213011542,-0.3069254459601259,0.0367261280167889,-0.3861490031479538,0.0367261280167889,-0.3861490031479538,0.0367261280167889,-0.3861490031479538,567839876.0,3268382.0,86,False,False,True,False,False,persistent_break,Avoid chasing first day; wait for turnover stabilization,0.05,Avoid unless fundamentals beat materially
2865.HK,钧达股份,2025-05-08,Unknown,,0.0,0.1981981981981984,0.1981981981981984,0.2443438914027149,0.09009009009009,0.1373873873873874,0.0022522522522523,0.2387387387387387,-0.0045045045045044,0.3423423423423424,-0.0045045045045044,0.3423423423423424,-0.1036036036036036,160785095.0,6655000.0,86,True,False,False,False,True,strong_open,Add to first-month secondary trading pool,0.7139639639639641,High priority: prepare IPO/anchor/secondary plan
6831.HK,绿茶集团,2025-05-16,Unknown,,0.0,-0.1251738525730181,-0.1251738525730181,0.1446740858505564,-0.1543810848400556,-0.1321279554937413,0.0375521557719054,0.0013908205841446,-0.1682892906815021,0.0013908205841446,-0.2420027816411682,0.3643949930458972,-0.2420027816411682,607987729.0,88802599.0,85,False,True,True,False,False,deep_v_rebound,Avoid chasing first day; wait for turnover stabilization,0.0812934631432545,Avoid unless fundamentals beat materially
3750.HK,宁德时代,2025-05-20,Unknown,,0.0,0.0344594932432433,0.0344594932432433,0.0701030927835051,0.0608108108108107,0.041891858108108,0.4047296959459459,0.160135135135135,-0.0168918918918918,0.160135135135135,-0.0168918918918918,0.5810810810810811,-0.0168918918918918,8284435401.0,27692287.0,86,False,False,False,False,True,moderate_tradeable,Watch only or small trial position,0.4736486756756756,Low priority: watchlist or trial position only
2629.HK,MIRXES-B,2025-05-23,Unknown,,0.0,0.0344827586206897,0.0344827586206897,0.1017241379310345,0.0241379310344826,0.186206896551724,0.5248275862068965,0.1017241379310345,0.0,0.2396551724137932,-0.0672413793103448,0.5510344827586207,-0.0672413793103448,274942915.0,9178741.0,85,False,False,False,False,True,moderate_tradeable,Add to first-month secondary trading pool,0.5213793103448277,Low priority: watchlist or trial position only
1276.HK,恒瑞医药,2025-05-23,Unknown,,0.0,-0.0324561403508771,-0.0324561403508771,0.0970081595648233,0.0087719298245614,-0.0017543859649122,0.4394736842105262,0.0614035087719297,-0.0789473684210526,0.0614035087719297,-0.0789473684210526,0.5403508771929824,-0.0789473684210526,4733500812.0,82663811.0,85,False,False,False,False,False,watch,Watch only or small trial position,0.3608771929824561,Avoid unless fundamentals beat materially
2603.HK,吉宏股份,2025-05-27,Unknown,,0.0,-0.0290909090909091,-0.0290909090909091,0.2215686274509805,-0.0654545454545455,-0.0581818181818182,0.4827272727272726,0.1327272727272728,-0.1245454545454545,0.1327272727272728,-0.1245454545454545,0.6709090909090909,-0.1245454545454545,622543197.0,56699500.0,86,False,True,False,False,False,deep_v_rebound,Watch only or small trial position,0.3191818181818182,Avoid unless fundamentals beat materially
2565.HK,派格生物医药－Ｂ,2025-05-27,Unknown,,0.0,-0.1107692307692307,-0.1107692307692307,0.2032085561497325,-0.2553846153846154,-0.3076923076923077,1.4692307692307691,0.0384615384615385,-0.2707692307692307,0.0384615384615385,-0.3323076923076923,1.8461538461538465,-0.3323076923076923,150891141.0,11264800.0,86,False,True,True,False,False,deep_v_rebound,Avoid chasing first day; wait for turnover stabilization,0.0518461538461539,Avoid unless fundamentals beat materially
2621.HK,手回集团,2025-05-30,Unknown,,0.0,-0.1186666666666665,-0.1186666666666665,0.13464447806354,-0.2293333333333332,-0.3506666666666667,-0.3346666666666666,0.0,-0.2533333333333334,0.0,-0.3586666666666667,0.0,-0.38,154172790.0,21324400.0,85,False,False,True,False,False,persistent_break,Avoid chasing first day; wait for turnover stabilization,0.05,Avoid unless fundamentals beat materially
2573.HK,新琪安,2025-06-10,Unknown,,0.0,-0.2413223140495868,-0.2413223140495868,0.3687782805429864,-0.4697520661157025,-0.5510743801652893,-0.5910743801652893,0.0,-0.487603305785124,0.0,-0.5603305785123966,0.0,-0.6033057851239669,140431647.0,5221299.0,84,False,False,True,False,False,persistent_break,Avoid chasing first day; wait for turnover stabilization,0.05,Avoid unless fundamentals beat materially
2605.HK,METALIGHT,2025-06-10,Unknown,,0.0,-0.1052631578947368,-0.1052631578947368,0.2220588235294118,-0.0763157894736842,-0.1802631578947368,-0.3421052631578947,0.093421052631579,-0.2368421052631578,0.093421052631579,-0.2368421052631578,0.093421052631579,-0.3499999999999998,194723952.0,24046400.0,84,False,False,True,False,False,persistent_break,Avoid chasing first day; wait for turnover stabilization,0.1560526315789474,Avoid unless fundamentals beat materially
3288.HK,海天味业,2025-06-19,Unknown,,0.0,-0.0266666666666666,-0.0266666666666666,0.0540915395284327,-0.032,-0.0533333333333333,-0.0698666666666666,0.0133333333333334,-0.1453333333333334,0.0133333333333334,-0.1453333333333334,0.0133333333333334,-0.1453333333333334,2884542915.0,77248982.0,84,False,False,False,False,False,watch,Watch only or small trial position,0.2349333333333334,Avoid unless fundamentals beat materially
2617.HK,药捷安康－Ｂ,2025-06-23,Unknown,,0.0,0.0854503464203233,0.0854503464203233,0.188118811881188,0.2817551963048499,0.468822170900693,18.16859122401848,0.3163972286374135,-0.066974595842956,0.6166281755196306,-0.066974595842956,18.92609699769053,-0.066974595842956,191298436.0,8541000.0,84,False,False,False,False,True,moderate_tradeable,Add to first-month secondary trading pool,0.7183602771362586,High priority: prepare IPO/anchor/secondary plan
2609.HK,佰泽医疗,2025-06-23,Unknown,,0.0,0.1428571428571428,0.1428571428571428,0.2015968063872255,0.1733333333333333,0.2742857142857144,0.9504761904761904,0.2704761904761905,-0.0457142857142857,0.3257142857142856,-0.0457142857142857,1.1352380952380954,-0.0457142857142857,117245016.0,21787308.0,84,False,False,False,False,True,moderate_tradeable,Add to first-month secondary trading pool,0.6597142857142856,Medium priority: wait for first-day turnover confirmation
2050.HK,三花智控,2025-06-23,Unknown,,0.0,0.0739856801909308,0.0739856801909308,0.0893719806763286,0.1599045346062053,0.3365155131264916,0.5704057279236276,0.2840095465393795,-0.0119331742243437,0.4105011933174225,-0.0119331742243437,0.6343675417661099,-0.0119331742243437,2737855454.0,125316817.0,84,False,False,False,False,True,moderate_tradeable,Add to first-month secondary trading pool,0.6554892601431981,Medium priority: wait for first-day turnover confirmation
2643.HK,曹操出行,2025-06-25,Unknown,,0.0,0.0650887573964498,0.0650887573964498,0.1202435312024352,0.0355029585798818,0.2218934911242602,0.6849112426035506,0.1834319526627219,-0.0281065088757395,0.2366863905325444,-0.0281065088757395,1.7366863905325447,-0.0281065088757395,484530483.0,13537900.0,84,False,False,False,False,True,moderate_tradeable,Add to first-month secondary trading pool,0.5440828402366864,Low priority: watchlist or trial position only
2619.HK,香江电器,2025-06-25,Unknown,,0.0,-0.0490566037735848,-0.0490566037735848,0.0916334661354583,-0.0830188679245281,-0.0905660377358489,-0.2641509433962263,0.0339622641509436,-0.1320754716981133,0.0339622641509436,-0.1735849056603773,0.0339622641509436,-0.3132075471698112,80835780.0,30003000.0,84,False,False,False,False,False,watch,Watch only or small trial position,0.2096226415094341,Avoid unless fundamentals beat materially
6883.HK,颖通控股,2025-06-26,Unknown,,0.0,-0.0697674418604651,-0.0697674418604651,0.24,-0.127906976744186,-0.1860465116279069,-0.1899224806201551,0.0813953488372092,-0.2286821705426357,0.0813953488372092,-0.2286821705426357,0.0813953488372092,-0.2286821705426357,441119967.0,173642999.0,84,False,False,True,False,False,persistent_break,Avoid chasing first day; wait for turnover stabilization,0.1829457364341084,Avoid unless fundamentals beat materially
2508.HK,圣贝拉集团,2025-06-26,Unknown,,0.0,0.0414201183431954,0.0414201183431954,0.3017751479289943,-0.2615384615384615,-0.1538461538461537,-0.2473372781065087,0.3017751479289943,-0.2627218934911242,0.3017751479289943,-0.280473372781065,0.3017751479289943,-0.280473372781065,828333338.0,94418160.0,84,False,True,True,True,False,deep_v_rebound,Avoid chasing first day; wait for turnover stabilization,0.3678698224852074,Avoid unless fundamentals beat materially
6168.HK,周六福,2025-06-26,Unknown,,0.0,0.1235955056179776,0.1235955056179776,0.1235955056179776,0.4981273408239701,0.4588014981273409,0.8164794007490637,0.9662921348314608,0.0,0.9662921348314608,0.0,1.155430711610487,0.0,957118564.0,35215592.0,84,False,False,False,False,True,moderate_tradeable,Add to first-month secondary trading pool,0.7488764044943821,High priority: prepare IPO/anchor/secondary plan
6603.HK,IFBH,2025-06-30,Unknown,,0.0,-0.1002277904328018,-0.1002277904328018,0.2236842105263157,-0.0569476082004556,-0.1264236902050113,-0.2701594533029613,0.1116173120728929,-0.1343963553530751,0.1116173120728929,-0.2027334851936219,0.1116173120728929,-0.316628701594533,1672257946.0,38912781.0,84,False,False,True,False,False,persistent_break,Avoid chasing first day; wait for turnover stabilization,0.1948747152619589,Avoid unless fundamentals beat materially
3880.HK,泰德医药,2025-06-30,Unknown,,0.0,0.0165016501650165,0.0165016501650165,0.1690391459074733,0.0396039603960396,0.1122112211221122,0.021122112211221,0.0841584158415842,-0.0726072607260726,0.3234323432343233,-0.0726072607260726,0.3768976897689768,-0.0726072607260726,272301090.0,8593800.0,84,False,False,False,False,True,moderate_tradeable,Add to first-month secondary trading pool,0.5572607260726071,Medium priority: wait for first-day turnover confirmation
2592.HK,拨康视云－Ｂ,2025-07-03,Unknown,,0.0,-0.3473684210526315,-0.3473684210526315,0.7392857142857143,-0.38,-0.4136842105263157,-0.4936842105263158,0.0252631578947368,-0.4157894736842106,0.0252631578947368,-0.4210526315789473,0.0252631578947368,-0.4989473684210527,318762097.0,43953150.0,84,False,False,True,False,False,persistent_break,Avoid chasing first day; wait for turnover stabilization,0.05,Avoid unless fundamentals beat materially
2648.HK,安井食品,2025-07-04,Unknown,,0.0,-0.05,-0.05,0.0543859649122806,-0.025,-0.0058333333333333,-0.0116666666666667,0.0041666666666666,-0.05,0.03,-0.05,0.0466666666666666,-0.0524999999999999,733052528.0,12353900.0,83,False,False,False,False,False,watch,Watch only or small trial position,0.3279999999999999,Avoid unless fundamentals beat materially
1828.HK,富卫集团,2025-07-07,Unknown,,0.0,0.0105263157894737,0.0105263157894737,0.0472334682860999,0.0144736842105261,0.006578947368421,0.2047368421052631,0.0210526315789472,-0.025,0.0210526315789472,-0.025,0.3368421052631578,-0.025,789612000.0,20850975.0,84,False,False,False,False,False,watch,Watch only or small trial position,0.3710526315789472,Avoid unless fundamentals beat materially
1304.HK,FORTIOR,2025-07-09,Unknown,,0.0,0.0688073394495412,0.0688073394495412,0.1234375,0.0993883792048928,0.1995412079510703,0.5145260703363912,0.120795107033639,-0.0214067278287463,0.3088685015290517,-0.0214067278287463,0.7308868501529051,-0.0214067278287463,1191058657.0,9036736.0,84,False,False,False,False,True,moderate_tradeable,Add to first-month secondary trading pool,0.5903669724770639,Medium priority: wait for first-day turnover confirmation
2651.HK,大众口腔,2025-07-09,Unknown,,0.0,-0.1375,-0.1375,0.3317191283292979,-0.2766666666666667,-0.3829166666666667,-0.4416666666666666,0.1458333333333332,-0.2991666666666667,0.1458333333333332,-0.4066666666666666,0.1458333333333332,-0.4570833333333334,94047208.0,3962300.0,84,False,False,True,False,False,persistent_break,Avoid chasing first day; wait for turnover stabilization,0.05,Avoid unless fundamentals beat materially
6613.HK,蓝思科技,2025-07-09,Unknown,,0.0,0.0508474576271187,0.0508474576271187,0.0776699029126213,0.0296610169491526,0.0858050847457627,0.6260593220338984,0.0582627118644067,-0.0307203389830507,0.1361228813559323,-0.0307203389830507,0.7171610169491527,-0.0307203389830507,2694520769.0,140581771.0,84,False,False,False,False,False,moderate_tradeable,Watch only or small trial position,0.4723516949152543,Low priority: watchlist or trial position only
2590.HK,极智嘉－Ｗ,2025-07-09,Unknown,,0.0,0.0473372781065088,0.0473372781065088,0.1083437110834373,0.1798816568047339,0.0621301775147928,0.745562130177515,0.2071005917159762,-0.0497041420118342,0.2189349112426037,-0.0497041420118342,0.808284023668639,-0.0497041420118342,1323875004.0,78383518.0,84,False,False,False,False,True,moderate_tradeable,Add to first-month secondary trading pool,0.5192307692307692,Low priority: watchlist or trial position only
2597.HK,讯众通信,2025-07-09,Unknown,,0.0,-0.0647382920110192,-0.0647382920110192,0.1901639344262295,-0.0743801652892561,-0.0750688705234159,0.4462809917355372,0.0468319559228649,-0.1597796143250689,0.0468319559228649,-0.1597796143250689,0.5220385674931132,-0.1597796143250689,30357978.0,2227000.0,82,False,True,False,False,False,deep_v_rebound,Watch only or small trial position,0.2144628099173553,Avoid unless fundamentals beat materially
6887.HK,东阳光药,2025-08-07,Unknown,,0.0,0.0417391304347825,0.0417391304347825,0.0834782608695652,-0.0539130434782608,-0.0565217391304347,-0.1652173913043478,0.0834782608695652,-0.0956521739130434,0.0834782608695652,-0.1749565217391304,0.0834782608695652,-0.2347826086956521,145711981.0,2447141.0,84,False,False,False,False,False,watch,Watch only or small trial position,0.3110086956521738,Avoid unless fundamentals beat materially
2627.HK,中慧生物－Ｂ,2025-08-11,Unknown,,0.0,0.0084848484848485,0.0084848484848485,0.0545454545454544,0.4296969696969697,0.4915151515151514,0.2242424242424241,0.8060606060606061,0.0,0.8060606060606061,0.0,0.8060606060606061,0.0,297613961.0,8992780.0,84,False,False,False,False,True,moderate_tradeable,Add to first-month secondary trading pool,0.6567878787878787,Medium priority: wait for first-day turnover confirmation
2591.HK,银诺医药－Ｂ,2025-08-15,Unknown,,0.0,-0.2048611111111111,-0.2048611111111111,0.494949494949495,-0.2638888888888888,-0.4108333333333333,-0.5608333333333333,0.0277777777777776,-0.3125,0.0277777777777776,-0.4433333333333333,0.0277777777777776,-0.5972222222222222,978471967.0,16217295.0,83,False,False,True,False,False,persistent_break,Avoid chasing first day; wait for turnover stabilization,0.05,Avoid unless fundamentals beat materially
2631.HK,天岳先进,2025-08-20,Unknown,,0.0,-0.0013157894736842,-0.0013157894736842,0.0711111111111111,-0.0460526315789473,0.3135964912280702,0.1447368421052632,0.0570175438596491,-0.0605263157894736,0.5021929824561404,-0.1048245614035088,0.5021929824561404,-0.1048245614035088,1215325211.0,25939101.0,84,False,False,False,False,True,moderate_tradeable,Add to first-month secondary trading pool,0.5755701754385965,Medium priority: wait for first-day turnover confirmation
6960.HK,双登股份,2025-08-26,Unknown,,0.0,-0.1533333333333333,-0.1533333333333333,0.2290562036055143,-0.1377777777777779,-0.192,-0.1999999999999999,0.0302222222222221,-0.1617777777777778,0.0302222222222221,-0.2444444444444444,0.2044444444444444,-0.2444444444444444,939611484.0,43416220.0,84,False,True,True,False,False,deep_v_rebound,Avoid chasing first day; wait for turnover stabilization,0.0743555555555555,Avoid unless fundamentals beat materially
3858.HK,佳鑫国际资源,2025-08-28,Unknown,,0.0,0.3307017543859649,0.3307017543859649,0.3991228070175436,0.3166666666666666,0.2307017543859648,0.3482456140350876,0.5964912280701753,0.0,0.5964912280701753,0.0,0.8947368421052633,0.0,1321970009.0,54161805.0,82,True,False,False,False,True,strong_open,Add to first-month secondary trading pool,0.914561403508772,High priority: prepare IPO/anchor/secondary plan
2580.HK,奥克斯电气,2025-09-02,Unknown,,0.0,0.0236024844720497,0.0236024844720497,0.0707908163265305,0.0055900621118012,-0.0925465838509318,-0.0124223602484472,0.0428571428571427,-0.031055900621118,0.0428571428571427,-0.1211180124223603,0.0428571428571427,-0.1906832298136647,856769803.0,52410200.0,82,False,False,False,False,False,watch,Watch only or small trial position,0.3098136645962732,Avoid unless fundamentals beat materially
2543.HK,大行科工,2025-09-09,Unknown,,0.0,-0.157037037037037,-0.157037037037037,0.2234042553191488,-0.071111111111111,-0.217037037037037,-0.4088888888888888,0.0222222222222221,-0.2681481481481481,0.0222222222222221,-0.2681481481481481,0.0222222222222221,-0.4364444444444444,541962724.0,8237500.0,81,False,False,True,False,False,persistent_break,Avoid chasing first day; wait for turnover stabilization,0.05,Avoid unless fundamentals beat materially
2525.HK,禾赛－Ｗ,2025-09-16,Unknown,,0.0,0.0209424083769633,0.0209424083769633,0.0645724258289703,0.0078534031413612,-0.1972076788830715,-0.3224258289703314,0.0645724258289703,-0.0157068062827224,0.0645724258289703,-0.2452006980802792,0.0645724258289703,-0.4925828970331588,1326238820.0,5655182.0,81,False,False,True,False,False,persistent_break,Avoid chasing first day; wait for turnover stabilization,0.2338568935427573,Avoid unless fundamentals beat materially
2656.HK,健康１６０,2025-09-17,Unknown,,0.0,-0.0587058038692461,-0.0587058038692461,0.2528823981552652,-0.076717811874583,0.3982655103402268,0.7645096731154102,0.0873915943962642,-0.1320880587058038,0.4122748498999333,-0.1320880587058038,1.0530353569046031,-0.1320880587058038,199578647.0,7081940.0,81,False,True,False,False,True,deep_v_rebound,Add to first-month secondary trading pool,0.4579386257505005,Low priority: watchlist or trial position only
2595.HK,劲方医药－Ｂ,2025-09-19,Unknown,,0.0,-0.0431818181818181,-0.0431818181818181,0.1952380952380952,-0.0904545454545453,-0.2868181818181818,-0.3727272727272727,0.1409090909090908,-0.1472727272727272,0.1409090909090908,-0.3459090909090908,0.1409090909090908,-0.4472727272727272,1552899727.0,34913498.0,80,False,False,True,False,False,persistent_break,Avoid chasing first day; wait for turnover stabilization,0.1578636363636364,Avoid unless fundamentals beat materially
6090.HK,不同集团,2025-09-23,Unknown,,0.0,0.0209163346613545,0.0209163346613545,0.2009080590238365,-0.0089641434262949,-0.0139442231075698,0.0408366533864541,0.0766932270916334,-0.1225099601593626,0.1733067729083663,-0.1225099601593626,0.1733067729083663,-0.1225099601593626,369967323.0,3760300.0,81,False,False,False,False,True,moderate_tradeable,Watch only or small trial position,0.3849601593625495,Avoid unless fundamentals beat materially
2583.HK,西普尼,2025-09-30,Unknown,,0.0,0.2619047619047618,0.2619047619047618,0.625,0.9869046428571429,0.9047619047619048,0.9642857142857142,1.2702380952380952,-0.0476190476190476,1.2702380952380952,-0.0476190476190476,1.4023809523809527,-0.0476190476190476,244684633.0,2822800.0,81,True,False,False,False,True,strong_open,Add to first-month secondary trading pool,0.7595238095238094,High priority: prepare IPO/anchor/secondary plan
2259.HK,紫金黄金国际,2025-09-30,Unknown,,0.0,0.0816143497757846,0.0816143497757846,0.1081081081081081,0.3139013452914798,0.1910313901345293,0.2959641255605381,0.4251121076233184,-0.0044843049327354,0.4251121076233184,-0.0044843049327354,0.4251121076233184,-0.0044843049327354,11211450559.0,97866268.0,81,False,False,False,False,True,moderate_tradeable,Add to first-month secondary trading pool,0.6703587443946186,Medium priority: wait for first-day turnover confirmation
2889.HK,博泰车联,2025-09-30,Unknown,,0.0,0.1629629629629629,0.1629629629629629,0.2067640276710223,0.5925925925925926,0.3377778518518519,0.4962962962962962,0.6000000000000001,-0.0362962962962963,0.6000000000000001,-0.0362962962962963,0.6000000000000001,-0.0362962962962963,225385510.0,1642440.0,81,True,False,False,False,True,strong_open,Add to first-month secondary trading pool,0.7803703703703704,High priority: prepare IPO/anchor/secondary plan
2652.HK,长风药业,2025-10-08,Unknown,,0.0,-0.1808510638297872,-0.1808510638297872,0.3027229044313935,-0.4114893617021277,-0.3757446808510638,-0.3204255319148935,0.0382978723404254,-0.4212765957446809,0.0382978723404254,-0.4212765957446809,0.0382978723404254,-0.4212765957446809,610928526.0,13550698.0,83,False,False,True,False,False,persistent_break,Avoid chasing first day; wait for turnover stabilization,0.05,Avoid unless fundamentals beat materially
2650.HK,挚达科技,2025-10-10,Unknown,,0.0,0.0289473684210526,0.0289473684210526,0.1507009345794392,-0.0142105263157894,-0.0426316315789473,0.1010526315789472,0.0778947368421052,-0.0989473684210526,0.0778947368421052,-0.1047368421052632,0.4284210526315788,-0.1047368421052632,289118765.0,1558550.0,82,False,False,False,False,False,watch,Watch only or small trial position,0.346578947368421,Avoid unless fundamentals beat materially
2575.HK,轩竹生物－Ｂ,2025-10-15,Unknown,,0.0,-0.1072640868974881,-0.1072640868974881,0.1787072243346006,0.5444670739986421,1.158859470468432,1.2216564833672776,0.5444670739986421,-0.1914460285132383,1.4439918533604883,-0.1914460285132383,2.2892057026476578,-0.1914460285132383,429530365.0,14744267.0,83,False,True,False,False,True,deep_v_rebound,Watch only or small trial position,0.4301765105227426,Low priority: watchlist or trial position only
2670.HK,云迹,2025-10-16,Unknown,,0.0,-0.1561624649859945,-0.1561624649859945,0.1890091590341382,-0.1519607843137256,-0.1932773109243698,-0.1911764705882354,0.0,-0.2717086834733894,0.0,-0.2941176470588236,0.3865546218487394,-0.2941176470588236,484090968.0,3230450.0,83,False,True,True,False,False,deep_v_rebound,Avoid chasing first day; wait for turnover stabilization,0.05,Avoid unless fundamentals beat materially
2637.HK,海西新药,2025-10-20,Unknown,,0.0,0.0215686274509803,0.0215686274509803,0.1779999999999999,0.0735294117647058,0.3215686274509806,0.5284312745098039,0.1549019607843136,-0.0441176470588234,0.4411764705882353,-0.0441176470588234,0.5529411764705883,-0.0441176470588234,271836315.0,2398750.0,82,False,False,False,False,True,moderate_tradeable,Add to first-month secondary trading pool,0.6319607843137254,Medium priority: wait for first-day turnover confirmation
6687.HK,聚水潭,2025-10-21,Unknown,,0.0,-0.0026315789473684,-0.0026315789473684,0.1561253561253559,-0.0799999999999999,-0.2826315789473683,-0.2463157894736841,0.0978947368421052,-0.1684210526315789,0.0978947368421052,-0.2947368421052632,0.0978947368421052,-0.368421052631579,1440502420.0,37490701.0,81,False,False,True,False,False,persistent_break,Avoid chasing first day; wait for turnover stabilization,0.2003157894736841,Avoid unless fundamentals beat materially
6980.HK,八马茶业,2025-10-28,Unknown,,0.0,0.1654182272159801,0.1654182272159801,0.2237500000000001,-0.0137328339575529,-0.3058676654182272,-0.6104868913857677,0.4357053682896381,-0.0873907615480649,0.4357053682896381,-0.3855181023720349,0.4357053682896381,-0.6429463171036205,355297541.0,4215100.0,80,True,False,True,True,False,strong_open,Avoid chasing first day; wait for turnover stabilization,0.4738951310861426,Low priority: watchlist or trial position only
6166.HK,剑桥科技,2025-10-28,Unknown,,0.0,-0.0191489361702127,-0.0191489361702127,0.2084257206208426,-0.1851063829787235,-0.1898936170212765,-0.1452127659574469,0.1595744680851063,-0.1867021276595744,0.1595744680851063,-0.2388297872340425,0.1595744680851063,-0.2388297872340425,2793073085.0,28849222.0,80,False,False,True,True,False,pop_then_fade,Avoid chasing first day; wait for turnover stabilization,0.2632446808510639,Avoid unless fundamentals beat materially
1384.HK,滴普科技,2025-10-28,Unknown,,0.0,0.1823008849557521,0.1823008849557521,0.3128598848368522,0.8407079646017699,0.3893805309734512,0.3654867256637168,1.2690265486725665,-0.0778761061946902,1.2690265486725665,-0.0778761061946902,1.2690265486725665,-0.0778761061946902,612478718.0,11698160.0,80,True,False,False,False,True,strong_open,Add to first-month secondary trading pool,0.7958407079646017,High priority: prepare IPO/anchor/secondary plan
6031.HK,三一重工,2025-10-28,Unknown,,0.0,0.028169014084507,0.028169014084507,0.0469483568075117,0.0544600938967136,0.0112676056338028,0.2046948356807512,0.1624413145539907,0.0,0.1624413145539907,0.0,0.208450704225352,-0.0375586854460093,2991670110.0,138330321.0,80,False,False,False,False,True,moderate_tradeable,Watch only or small trial position,0.47,Low priority: watchlist or trial position only
2718.HK,明略科技－Ｗ,2025-11-03,Unknown,,0.0,0.0378571785714285,0.0378571785714285,0.138970588235294,-0.2571428571428571,-0.2792857142857142,-0.1228571071428571,0.1064285714285715,-0.3021428571428571,0.1064285714285715,-0.3978571428571429,0.1064285714285715,-0.3978571428571429,636695051.0,2156929.0,81,False,False,True,False,False,persistent_break,Avoid chasing first day; wait for turnover stabilization,0.1656428857142856,Avoid unless fundamentals beat materially
2630.HK,旺山旺水－Ｂ,2025-11-06,Unknown,,0.0,-0.1368421052631578,-0.1368421052631578,0.1865443425076451,-0.4436842105263158,-0.1999999999999999,0.0210526315789474,0.0210526315789474,-0.4631578947368421,0.0210526315789474,-0.4631578947368421,0.1957894736842105,-0.4631578947368421,486173710.0,5534414.0,81,False,False,True,False,False,persistent_break,Avoid chasing first day; wait for turnover stabilization,0.05,Avoid unless fundamentals beat materially
2026.HK,小马智行－Ｗ,2025-11-06,Unknown,,0.0,0.0169354838709676,0.0169354838709676,0.0614478114478114,-0.0935483870967741,-0.1120967741935484,-0.154032258064516,0.0169354838709676,-0.1370967741935483,0.0169354838709676,-0.3096774193548387,0.1040322580645161,-0.3096774193548387,1056877658.0,8679020.0,81,False,False,True,False,False,persistent_break,Avoid chasing first day; wait for turnover stabilization,0.1569354838709675,Avoid unless fundamentals beat materially
2698.HK,乐舒适,2025-11-10,Unknown,,0.0,-0.0566037735849055,-0.0566037735849055,0.115151515151515,-0.1177815894797026,-0.1435105774728415,-0.0994854202401371,0.0520297312750142,-0.1280731846769581,0.0520297312750142,-0.1875357347055458,0.0520297312750142,-0.1875357347055458,1487088212.0,42610340.0,81,False,False,True,False,False,persistent_break,Watch only or small trial position,0.204659805603202,Avoid unless fundamentals beat materially
2579.HK,中伟新材,2025-11-17,Unknown,,0.0,-0.0011764705882352,-0.0011764705882352,0.0625,-0.16,-0.2058823529411765,0.1123529411764705,0.0,-0.1688235294117647,0.0,-0.2282352941176471,0.2358823529411766,-0.2329411764705883,566904757.0,17061800.0,81,False,True,True,False,False,deep_v_rebound,Avoid chasing first day; wait for turnover stabilization,0.1892941176470588,Avoid unless fundamentals beat materially
2788.HK,创新实业,2025-11-24,Unknown,,0.0,-0.0401315789473684,-0.0401315789473684,0.1142454160789845,-0.013157894736842,0.2664473684210526,0.5157894736842106,0.0394736842105263,-0.1111842105263157,0.3421052631578947,-0.1111842105263157,0.9065789473684212,-0.1111842105263157,2465017307.0,170339680.0,81,False,True,False,False,True,deep_v_rebound,Add to first-month secondary trading pool,0.445328947368421,Low priority: watchlist or trial position only
2685.HK,量化派,2025-11-27,Unknown,,0.0,-0.2884615384615384,-0.2884615384615384,0.5191256830601092,0.0961538461538462,0.0153846153846153,0.27,0.1223076923076922,-0.3576923076923077,0.2115384615384614,-0.3576923076923077,0.5230769230769232,-0.3576923076923077,126723889.0,4893100.0,81,False,True,False,False,False,deep_v_rebound,Avoid chasing first day; wait for turnover stabilization,0.05,Avoid unless fundamentals beat materially
2693.HK,金岩高岭新材,2025-12-03,Unknown,,0.0,-0.1978494623655914,-0.1978494623655914,0.3517241379310345,-0.2580645161290322,-0.5129032258064516,-0.5118279569892473,0.053763440860215,-0.3516129032258065,0.053763440860215,-0.5172043010752688,0.053763440860215,-0.5483870967741935,99597908.0,11290500.0,81,False,False,True,False,False,persistent_break,Avoid chasing first day; wait for turnover stabilization,0.05,Avoid unless fundamentals beat materially
2539.HK,乐摩科技,2025-12-03,Unknown,,0.0,-0.1589506172839505,-0.1589506172839505,0.5953346855983774,0.0493827160493827,-0.4290123456790123,-0.7157407407407407,0.3117283950617284,-0.2391975308641976,0.3117283950617284,-0.4598765432098765,0.3117283950617284,-0.7436728395061729,155643269.0,2556200.0,81,False,True,True,True,False,deep_v_rebound,Avoid chasing first day; wait for turnover stabilization,0.05,Avoid unless fundamentals beat materially
2658.HK,天域半导体,2025-12-05,Unknown,,0.0,0.0657894736842106,0.0657894736842106,0.2589473684210528,0.2042105263157894,0.2368421052631579,0.263157894736842,0.4684210526315788,0.0,0.4684210526315788,0.0,0.5618421052631579,0.0,166823817.0,3726088.0,79,False,False,False,False,True,moderate_tradeable,Add to first-month secondary trading pool,0.6836842105263157,Medium priority: wait for first-day turnover confirmation
2408.HK,遇见小面,2025-12-05,Unknown,,0.0,0.016,0.016,0.1044176706827308,0.0,-0.134,-0.048,0.1,-0.0439999999999999,0.1,-0.1619999999999999,0.2139999999999999,-0.1619999999999999,191905283.0,36041420.0,79,False,False,True,False,False,persistent_break,Watch only or small trial position,0.3094,Avoid unless fundamentals beat materially
2687.HK,卓越睿新,2025-12-08,Unknown,,0.0,0.5119617224880384,0.5119617224880384,0.7378048780487805,0.8803827751196172,0.8421052631578949,0.6566985645933014,0.8935406698564596,-0.0191387559808611,1.1351674641148328,-0.0191387559808611,1.1351674641148328,-0.0191387559808611,143594535.0,1510300.0,78,True,False,False,False,True,strong_open,Add to first-month secondary trading pool,0.87,High priority: prepare IPO/anchor/secondary plan
2676.HK,纳芯微,2025-12-08,Unknown,,0.0,-0.0431034482758621,-0.0431034482758621,0.1026615969581747,-0.0431034482758621,0.2318964655172413,0.1827586206896549,0.0043103448275862,-0.1025862068965517,0.2879310344827586,-0.1025862068965517,0.4474137931034483,-0.1025862068965517,221531029.0,2014583.0,77,False,True,False,False,True,deep_v_rebound,Add to first-month secondary trading pool,0.4164655172413792,Low priority: watchlist or trial position only
2665.HK,图达通,2025-12-10,Unknown,,0.0,0.2090909090909092,0.2090909090909092,0.7309999999999999,0.5345454545454544,-0.0663636363636364,0.0027272727272726,0.6227272727272728,-0.0909090909090909,0.6254545454545453,-0.1609090909090909,0.6254545454545453,-0.1609090909090909,122925285.0,8929500.0,78,True,False,False,True,True,strong_open,Watch only or small trial position,0.6046363636363637,Medium priority: wait for first-day turnover confirmation
2659.HK,宝济药业－Ｂ,2025-12-10,Unknown,,0.0,0.0413223140495868,0.0413223140495868,0.1276785714285713,0.1074380165289257,0.3049586776859505,0.9669421487603308,0.1570247933884296,-0.0743801652892561,0.3520661157024793,-0.0743801652892561,2.4049586776859506,-0.0743801652892561,448750408.0,7930300.0,78,False,False,False,False,True,moderate_tradeable,Add to first-month secondary trading pool,0.5942975206611569,Medium priority: wait for first-day turnover confirmation
7618.HK,京东工业,2025-12-11,Unknown,,0.0,0.0846153846153845,0.0846153846153845,0.117693522906793,0.07,0.0938461538461539,0.1123076923076924,0.0884615384615385,-0.0261538461538461,0.1384615384615384,-0.0261538461538461,0.1384615384615384,-0.1846153846153846,543449476.0,39585468.0,78,False,False,False,False,False,moderate_tradeable,Watch only or small trial position,0.5007692307692306,Low priority: watchlist or trial position only
2655.HK,果下科技,2025-12-16,Unknown,,0.0,0.1526315789473684,0.1526315789473684,0.3028541226215642,0.1157894736842104,0.3763157894736841,0.1936842105263156,0.2973684210526315,-0.0652631578947368,0.4407894736842106,-0.0652631578947368,0.736842105263158,-0.0652631578947368,353953868.0,8732200.0,78,True,False,False,False,True,strong_open,Add to first-month secondary trading pool,0.736578947368421,High priority: prepare IPO/anchor/secondary plan
3887.HK,HASHKEY HLDGS,2025-12-17,Unknown,,0.0,-0.0044776119402984,-0.0044776119402984,0.1633986928104576,-0.1791044776119403,0.1567164179104476,-0.2462686567164179,0.0626865671641792,-0.2402985074626866,0.1641791044776119,-0.2402985074626866,0.1910447761194029,-0.3208955223880597,665577356.0,98920830.0,78,False,False,False,False,False,moderate_tradeable,Avoid chasing first day; wait for turnover stabilization,0.2767164179104477,Avoid unless fundamentals beat materially
3881.HK,希迪智驾,2025-12-19,Unknown,,0.0,-0.1368821292775665,-0.1368821292775665,0.2064220183486238,-0.1102661596958175,-0.0296577946768061,-0.9047148288973385,0.0,-0.1711026615969582,0.0205323193916349,-0.2441064638783269,0.0205323193916349,-0.9239543726235742,200821170.0,811640.0,67,False,False,False,False,False,watch,Avoid chasing first day; wait for turnover stabilization,0.0819391634980988,Avoid unless fundamentals beat materially
2546.HK,智汇矿业,2025-12-19,Unknown,,0.0,-0.2037037037037038,-0.2037037037037038,0.365,-0.1175925925925926,-0.0842592592592592,0.3722222222222222,0.011111111111111,-0.2870370370370371,0.011111111111111,-0.2870370370370371,1.0351851851851852,-0.2870370370370371,295547305.0,30390200.0,77,False,True,False,False,False,deep_v_rebound,Avoid chasing first day; wait for turnover stabilization,0.05,Avoid unless fundamentals beat materially
2695.HK,印象大红袍,2025-12-22,Unknown,,0.0,-0.2852760736196318,-0.2852760736196318,0.4592274678111587,-0.3865030674846625,-0.2822085889570552,-0.4355828220858895,0.0429447852760735,-0.4171779141104295,0.0429447852760735,-0.4171779141104295,0.0429447852760735,-0.5276073619631901,146997649.0,42683000.0,78,False,False,True,False,False,persistent_break,Avoid chasing first day; wait for turnover stabilization,0.05,Avoid unless fundamentals beat materially
2396.HK,华芢生物－Ｂ,2025-12-22,Unknown,,0.0,-0.2011834319526626,-0.2011834319526626,0.377777777777778,-0.4701183431952662,-0.6754437869822485,-0.7881656804733728,0.1005917159763314,-0.4769230769230769,0.1005917159763314,-0.6819526627218935,0.1005917159763314,-0.7908284023668639,188794968.0,4989600.0,78,False,False,True,False,False,persistent_break,Avoid chasing first day; wait for turnover stabilization,0.05,Avoid unless fundamentals beat materially
2691.HK,南华期货股份,2025-12-22,Unknown,,0.0,-0.0032858707557503,-0.0032858707557503,0.1954022988505748,0.0788608981380063,0.1610076670317632,0.2595837897042714,0.1423877327491784,-0.0876232201533406,0.3581599123767798,-0.0876232201533406,0.3943044906900328,-0.0876232201533406,78745737.0,7945500.0,78,False,False,False,False,True,moderate_tradeable,Add to first-month secondary trading pool,0.5622672508214677,Medium priority: wait for first-day turnover confirmation
2581.HK,明基医院,2025-12-22,Unknown,,0.0,-0.2738461538461538,-0.2738461538461538,0.3771186440677967,-0.3553846153846153,-0.3723076923076923,-0.4692307692307692,0.0,-0.3661538461538461,0.0,-0.3907692307692307,0.0,-0.4784615384615385,45482081.0,7845000.0,78,False,False,True,False,False,persistent_break,Avoid chasing first day; wait for turnover stabilization,0.05,Avoid unless fundamentals beat materially
2635.HK,诺比侃,2025-12-23,Unknown,,0.0,0.1601000625390869,0.1601000625390869,0.1967741935483871,0.1694809255784866,0.1888680737961225,-0.8214509068167605,0.2439024390243902,-0.0306441525953721,0.5259537210756722,-0.0306441525953721,0.7808005003126954,-0.8546591619762351,224405997.0,868750.0,68,True,False,False,False,True,strong_open,Add to first-month secondary trading pool,0.7780800500312695,High priority: prepare IPO/anchor/secondary plan
2661.HK,轻松健康,2025-12-23,Unknown,,0.0,0.1740000000000001,0.1740000000000001,0.2204081632653061,0.371,1.134,1.9279998000000005,0.3919999999999999,-0.02,1.2759999999999998,-0.02,1.9960000000000004,-0.02,320166518.0,6239600.0,78,True,False,False,False,True,strong_open,Add to first-month secondary trading pool,0.7892000000000001,High priority: prepare IPO/anchor/secondary plan
3378.HK,翰思艾泰－Ｂ,2025-12-23,Unknown,,0.0,-0.4048442906574394,-0.4048442906574394,0.713953488372093,-0.4470588235294117,-0.4083044982698961,-0.0657439446366782,0.0200692041522492,-0.5335640138408304,0.0200692041522492,-0.5335640138408304,0.0200692041522492,-0.5335640138408304,231837325.0,9903100.0,78,False,False,True,False,False,persistent_break,Avoid chasing first day; wait for turnover stabilization,0.05,Avoid unless fundamentals beat materially
2671.HK,美联股份,2025-12-30,Unknown,,0.0,-0.0694275274056031,-0.0694275274056031,0.6216216216216215,-0.0085261875761266,-0.4019488428745432,-0.5042630937880633,0.4616321559074299,-0.2472594397076737,0.4616321559074299,-0.4470158343483557,0.4616321559074299,-0.5895249695493301,123739283.0,13859700.0,79,False,True,True,True,False,deep_v_rebound,Avoid chasing first day; wait for turnover stabilization,0.1914372716199754,Avoid unless fundamentals beat materially
6651.HK,五一视界,2025-12-30,Unknown,,0.0,0.1319999999999999,0.1319999999999999,0.137142857142857,0.2451428571428571,1.4328571428571428,0.2685714285714284,0.2714285714285713,0.0,1.56,0.0,1.7571428571428571,0.0,203837954.0,5321300.0,80,False,False,False,False,True,moderate_tradeable,Add to first-month secondary trading pool,0.7555999999999998,High priority: prepare IPO/anchor/secondary plan
3696.HK,英矽智能,2025-12-30,Unknown,,0.0,-0.1434285714285714,-0.1434285714285714,0.19079386257505,0.0897142857142856,0.7342857142857144,0.6342857142857143,0.1285714285714285,-0.1434285714285714,0.8428571428571427,-0.1434285714285714,1.3114285714285714,-0.1434285714285714,1265819056.0,37735345.0,80,False,True,False,False,True,deep_v_rebound,Add to first-month secondary trading pool,0.4348571428571429,Low priority: watchlist or trial position only
6600.HK,卧安机器人,2025-12-30,Unknown,,0.0,0.0006775067750677,0.0006775067750677,0.0162601626016261,0.4092140921409215,1.100271002710027,0.402439024390244,0.5989159891598916,0.0,1.1178861788617889,0.0,1.731707317073171,0.0,337524845.0,4724850.0,80,False,False,False,False,True,moderate_tradeable,Add to first-month secondary trading pool,0.6505420054200541,Medium priority: wait for first-day turnover confirmation
3317.HK,迅策,2025-12-30,Unknown,,0.0,0.0099958350687212,0.0099958350687212,0.2845870594423987,0.0020824656393167,0.2598917117867554,2.925447730112453,0.0516451478550603,-0.2082465639316951,0.5004164931278632,-0.2082465639316951,3.102457309454394,-0.2082465639316951,199805878.0,4380600.0,80,False,True,False,False,False,deep_v_rebound,Avoid chasing first day; wait for turnover stabilization,0.5122240733027903,Low priority: watchlist or trial position only
2657.HK,林清轩,2025-12-30,Unknown,,0.0,0.0,0.0,0.0782352941176471,0.0205882352941175,-0.0070588235294116,-0.2952941176470588,0.0782352941176471,-0.0823529411764706,0.1294117647058823,-0.0823529411764706,0.1294117647058823,-0.3194117647058823,480253229.0,5242564.0,80,False,False,False,False,False,moderate_tradeable,Watch only or small trial position,0.4276470588235294,Low priority: watchlist or trial position only
6082.HK,壁仞科技,2026-01-02,Unknown,,0.0,-0.034733893557423,-0.034733893557423,0.28,-0.0582633053221289,-0.0140056022408963,-0.1927170868347339,0.2011204481792716,-0.1568627450980392,0.2011204481792716,-0.1568627450980392,0.2011204481792716,-0.234733893557423,5521275614.0,150709945.0,79,False,True,False,True,True,deep_v_rebound,Watch only or small trial position,0.3330812324929971,Avoid unless fundamentals beat materially
2675.HK,精锋医疗－Ｂ,2026-01-08,Unknown,,0.0,-0.0406779661016949,-0.0406779661016949,0.25,0.1838983050847455,0.0093220338983051,-0.0771186440677965,0.2203389830508475,-0.1864406779661016,0.2491525423728813,-0.1864406779661016,0.2491525423728813,-0.1864406779661016,709649200.0,12673990.0,80,False,True,False,False,True,deep_v_rebound,Watch only or small trial position,0.3364406779661018,Avoid unless fundamentals beat materially
2513.HK,智谱,2026-01-08,Unknown,,0.0,0.0958333333333334,0.0958333333333334,0.1627906976744186,0.8,0.8933333333333333,6.745833333333334,1.15,-0.0325,1.1916666666666669,-0.0325,7.324999999999999,-0.0325,2229091549.0,17518159.0,80,False,False,False,False,True,moderate_tradeable,Add to first-month secondary trading pool,0.7266666666666667,High priority: prepare IPO/anchor/secondary plan
6938.HK,瑞博生物－Ｂ,2026-01-09,Unknown,,0.0,0.0946666666666666,0.0946666666666666,0.3201820940819422,0.014,-0.0546666666666666,-0.0586666666666667,0.2773333333333332,-0.1213333333333333,0.2773333333333332,-0.2193333333333333,0.2773333333333332,-0.3173333333333332,1056891078.0,14151773.0,79,False,True,False,True,False,deep_v_rebound,Avoid chasing first day; wait for turnover stabilization,0.4385999999999999,Low priority: watchlist or trial position only
3636.HK,金浔资源,2026-01-09,Unknown,,0.0,-0.0052631578947369,-0.0052631578947369,0.0836565096952908,0.0521052631578946,0.0726315789473683,-0.3131578947368421,0.2147368421052631,-0.0499999999999999,0.3631578947368421,-0.0499999999999999,0.3631578947368421,-0.4736842105263158,483458479.0,12900893.0,79,False,False,False,False,True,moderate_tradeable,Add to first-month secondary trading pool,0.5636842105263158,Medium priority: wait for first-day turnover confirmation
3986.HK,兆易创新,2026-01-13,Unknown,,0.0,-0.0519148936170211,-0.0519148936170211,0.1309090909090908,0.2340425531914893,0.3361702127659574,0.8170212765957447,0.2553191489361701,-0.0638297872340425,0.5361702127659576,-0.0638297872340425,0.9727659574468086,-0.0638297872340425,2393989927.0,10433965.0,77,False,False,False,False,True,moderate_tradeable,Add to first-month secondary trading pool,0.6084680851063831,Medium priority: wait for first-day turnover confirmation
1641.HK,红星冷链,2026-01-13,Unknown,,0.0,-0.3718079673135852,-0.3718079673135852,0.6416666666666666,-0.461184882533197,-0.5709908069458631,-0.6532175689479061,0.0061287027579162,-0.461184882533197,0.0061287027579162,-0.5873340143003064,0.0061287027579162,-0.6726251276813074,212183762.0,13868000.0,77,False,False,True,False,False,persistent_break,Avoid chasing first day; wait for turnover stabilization,0.05,Avoid unless fundamentals beat materially
1768.HK,鸣鸣很忙,2026-01-28,Unknown,,0.0,-0.101123595505618,-0.101123595505618,0.1147294589178358,-0.0840449213483146,-0.0467415505617977,0.0049438426966292,0.0,-0.1676404494382023,0.0364044943820225,-0.1676404494382023,0.0364044943820225,-0.2233707865168539,3312071118.0,7881401.0,66,False,False,False,False,False,watch,Watch only or small trial position,0.1735955056179774,Avoid unless fundamentals beat materially
2768.HK,国恩科技,2026-02-04,Unknown,,0.0,-0.1075555555555556,-0.1075555555555556,0.2763819095477386,-0.0124444444444444,0.056,0.0471111111111111,0.1288888888888888,-0.1751111111111112,0.2833333333333334,-0.1751111111111112,0.2911111111111111,-0.1751111111111112,1145643931.0,25417400.0,61,False,True,False,False,True,deep_v_rebound,Watch only or small trial position,0.3113777777777777,Avoid unless fundamentals beat materially
2677.HK,卓正医疗,2026-02-06,Unknown,,0.0,-0.1617283950617283,-0.1617283950617283,0.3944742900997695,-0.2777777777777778,-0.2018518518518517,,0.1216049382716049,-0.3333333333333333,0.1216049382716049,-0.3481481481481482,0.1216049382716049,-0.6666666666666667,202700366.0,2417400.0,59,False,False,True,False,False,persistent_break,Avoid chasing first day; wait for turnover stabilization,0.05,Avoid unless fundamentals beat materially
3200.HK,大族数控,2026-02-06,Unknown,,0.0,0.0377358490566037,0.0377358490566037,0.103710751665081,0.120754716981132,0.1188679245283017,,0.2235849056603771,-0.0084905660377359,0.232075471698113,-0.0084905660377359,0.4518867924528302,-0.1202830188679244,1458683385.0,13100659.0,59,False,False,False,False,True,moderate_tradeable,Add to first-month secondary trading pool,0.5194339622641507,Low priority: watchlist or trial position only
2714.HK,牧原股份,2026-02-06,Unknown,,0.0,0.0389743589743589,0.0389743589743589,0.0702924576706003,0.0051282051282051,0.1543589743589744,,0.0697435897435896,-0.0005128205128206,0.3,-0.0005128205128206,0.3,-0.0364102564102564,1630588940.0,40589241.0,59,False,False,False,False,True,moderate_tradeable,Add to first-month secondary trading pool,0.5611794871794871,Medium priority: wait for first-day turnover confirmation
6809.HK,澜起科技,2026-02-09,Unknown,,0.0,0.0416666666666667,0.0416666666666667,0.1282051282051282,0.1011904761904762,0.0648808928571429,,0.119047619047619,-0.0714285714285714,0.3678571428571429,-0.0714285714285714,1.2357142857142858,-0.0910714285714286,3396100768.0,21167253.0,58,False,False,False,False,True,moderate_tradeable,Add to first-month secondary trading pool,0.604047619047619,Medium priority: wait for first-day turnover confirmation
2720.HK,乐欣户外,2026-02-10,Unknown,,0.0,0.0316402997502083,0.0316402997502083,0.3674418604651162,0.2506244796003329,0.1199000832639467,,0.6444629475437136,-0.1049125728559533,0.6444629475437136,-0.1049125728559533,0.6444629475437136,-0.1049125728559533,147957354.0,6228020.0,57,False,True,False,False,True,deep_v_rebound,Add to first-month secondary trading pool,0.6018734388009992,Medium priority: wait for first-day turnover confirmation
2706.HK,海致科技集团,2026-02-13,Unknown,,0.0,0.1251518833535845,0.1251518833535845,0.2102065613608748,0.4835965978128798,0.0091130012150668,,0.9635479951397328,0.0,0.9635479951397328,-0.134872417982989,0.9635479951397328,-0.4775212636695017,863448680.0,9807072.0,54,False,False,False,False,True,moderate_tradeable,Add to first-month secondary trading pool,0.6557108140947752,Medium priority: wait for first-day turnover confirmation
2715.HK,埃斯顿,2026-03-09,Unknown,,0.0,-0.16015625,-0.16015625,0.2287999999999999,-0.16015625,-0.162109375,,0.0,-0.1861979166666666,0.0,-0.2695312499999999,0.0,-0.2695312499999999,293044492.0,20582460.0,41,False,False,True,False,False,persistent_break,Avoid chasing first day; wait for turnover stabilization,0.05,Avoid unless fundamentals beat materially
2692.HK,兆威机电,2026-03-09,Unknown,,0.0,-0.0641025641025641,-0.0641025641025641,0.1145251396648046,-0.0147435897435898,-0.1448717948717948,,0.2153846153846152,-0.082051282051282,0.2153846153846152,-0.2679487179487179,0.2153846153846152,-0.2679487179487179,400713227.0,5117000.0,41,False,False,True,True,False,pop_then_fade,Avoid chasing first day; wait for turnover stabilization,0.2403846153846153,Avoid unless fundamentals beat materially
2649.HK,优乐赛共享,2026-03-09,Unknown,,0.0,-0.1733333333333333,-0.1733333333333333,0.3166666666666666,-0.3359999999999999,,,0.0533333333333334,-0.3359999999999999,0.0533333333333334,-0.5333333333333333,0.0533333333333334,-0.5333333333333333,186591035.0,18761400.0,16,False,False,False,False,False,watch,Avoid chasing first day; wait for turnover stabilization,0.05,Avoid unless fundamentals beat materially
3268.HK,美格智能,2026-03-10,Unknown,,0.0,0.008953168044077,0.008953168044077,0.0788177339901476,-0.0702479338842975,-0.2493112947658401,,0.1811294765840219,-0.1253443526170798,0.1811294765840219,-0.2575757575757575,0.1811294765840219,-0.2761707988980716,286433675.0,9834700.0,40,False,False,True,True,False,pop_then_fade,Avoid chasing first day; wait for turnover stabilization,0.2855371900826445,Avoid unless fundamentals beat materially
7489.HK,岚图汽车,2026-03-19,Unknown,,0.0,-0.132,-0.132,0.1999999999999999,-0.2466666666666666,-0.1066666666666666,,0.0,-0.3066666666666666,0.0,-0.3253333333333333,0.0,-0.3253333333333333,651307716.0,98203679.0,33,False,False,True,False,False,persistent_break,Avoid chasing first day; wait for turnover stabilization,0.05,Avoid unless fundamentals beat materially
1989.HK,广合科技,2026-03-20,Unknown,,0.0,0.0099947396107311,0.0099947396107311,0.556842105263158,0.0625986322987901,0.5718042083114152,,0.5560231457127829,-0.1588637559179379,0.710678590215676,-0.1588637559179379,1.3356128353498158,-0.1588637559179379,2775598166.0,26811648.0,32,False,True,False,False,True,deep_v_rebound,Watch only or small trial position,0.4467911625460283,Low priority: watchlist or trial position only
3355.HK,飞速创新,2026-03-23,Unknown,,0.0,-0.1571428571428571,-0.1571428571428571,0.3163972286374135,-0.1785714285714286,-0.0964285714285714,,0.0178571428571427,-0.2585714285714285,0.0178571428571427,-0.3035714285714286,0.0178571428571427,-0.3035714285714286,706589262.0,13032960.0,31,False,False,False,False,False,watch,Avoid chasing first day; wait for turnover stabilization,0.05,Avoid unless fundamentals beat materially
2701.HK,国民技术,2026-03-23,Unknown,,0.0,-0.2132867132867133,-0.2132867132867133,0.5137614678899083,-0.1,-0.1265734265734266,,0.1538461538461537,-0.2671328671328671,0.1538461538461537,-0.2671328671328671,0.1538461538461537,-0.2671328671328671,747406902.0,58692800.0,31,False,False,True,True,False,pop_then_fade,Avoid chasing first day; wait for turnover stabilization,0.05,Avoid unless fundamentals beat materially
2632.HK,泽景股份,2026-03-24,Unknown,,0.0,-0.3649202733485194,-0.3649202733485194,0.6534296028880866,0.0706150341685649,0.9772209567198178,,0.4533029612756263,-0.3690205011389521,1.1184510250569475,-0.3690205011389521,1.6879271070615034,-0.3690205011389521,230200271.0,5219350.0,30,False,True,False,False,False,deep_v_rebound,Avoid chasing first day; wait for turnover stabilization,0.0916856492027335,Avoid unless fundamentals beat materially
2729.HK,凯乐士科技,2026-03-24,Unknown,,0.0,-0.040625,-0.040625,0.206206896551724,-0.0925,0.185,,0.0931249999999999,-0.09375,0.34375,-0.1218749999999999,0.34375,-0.1218749999999999,334777012.0,11298600.0,30,False,False,False,False,True,moderate_tradeable,Add to first-month secondary trading pool,0.4384375,Low priority: watchlist or trial position only
1021.HK,华沿机器人,2026-03-30,Unknown,,0.0,0.0952380952380951,0.0952380952380951,0.3042424242424242,0.0517857142857143,0.1845238095238093,,0.2809523809523808,-0.0178571428571429,0.4952380952380952,-0.0357142857142858,0.4952380952380952,-0.0357142857142858,842825025.0,44789300.0,26,False,False,False,False,True,moderate_tradeable,Add to first-month secondary trading pool,0.7233333333333332,High priority: prepare IPO/anchor/secondary plan
6636.HK,极视角,2026-03-30,Unknown,,0.0,0.6680567139282734,0.6680567139282734,0.7857142857142858,0.6847372810675563,0.6763969974979149,,0.8665554628857381,-0.0658882402001668,1.1868223519599663,-0.0658882402001668,1.1868223519599663,-0.0658882402001668,579463267.0,8025925.0,26,True,False,False,False,True,strong_open,Add to first-month secondary trading pool,0.87,High priority: prepare IPO/anchor/secondary plan
2726.HK,瀚天天成,2026-03-30,Unknown,,0.0,-0.0636363636363636,-0.0636363636363636,0.256771397616468,0.009090909090909,-0.0527272727272727,,0.0545454545454544,-0.1609090909090909,0.1090909090909091,-0.1609090909090909,0.1090909090909091,-0.1609090909090909,258528935.0,2471710.0,26,False,False,False,False,False,moderate_tradeable,Watch only or small trial position,0.2519090909090908,Avoid unless fundamentals beat materially
2526.HK,德适－Ｂ,2026-03-30,Unknown,,0.0,-0.0429223287671233,-0.0429223287671233,0.1832460732984293,0.2465753424657535,0.2374429223744292,,0.2602739726027396,-0.1872146118721461,0.4374429223744291,-0.1872146118721461,0.5753424657534247,-0.1872146118721461,446524449.0,2240320.0,26,False,True,False,False,True,deep_v_rebound,Watch only or small trial position,0.4470776621004565,Low priority: watchlist or trial position only
3625.HK,傅里叶,2026-03-31,Unknown,,0.0,-0.0593768371546149,-0.0593768371546149,0.1153846153846154,0.3274544385655498,0.4803057025279249,,0.3403880070546738,-0.1299235743680188,0.7989417989417991,-0.1299235743680188,0.7989417989417991,-0.1299235743680188,400733919.0,4894400.0,25,False,True,False,False,True,deep_v_rebound,Add to first-month secondary trading pool,0.5115520282186949,Low priority: watchlist or trial position only
6656.HK,思格新能,2026-04-16,Unknown,,0.0,0.1351118760757315,0.1351118760757315,0.1935771632471008,-0.0232358003442341,,,0.1514629948364887,-0.1144578313253011,0.1514629948364887,-0.1256454388984509,0.1514629948364887,-0.1256454388984509,4596550509.0,7713823.0,16,False,False,False,False,True,moderate_tradeable,Watch only or small trial position,0.4610154905335628,Low priority: watchlist or trial position only
3277.HK,长光辰芯,2026-04-17,Unknown,,0.0,-0.0277777777777777,-0.0277777777777777,0.2753188297074267,0.1215277777777776,,,0.4444444444444444,-0.0743055555555555,0.4444444444444444,-0.0743055555555555,0.4444444444444444,-0.0743055555555555,2010048991.0,28022939.0,15,False,False,False,False,True,moderate_tradeable,Add to first-month secondary trading pool,0.5944444444444446,Medium priority: wait for first-day turnover confirmation
2476.HK,胜宏科技,2026-04-21,Unknown,,0.0,-0.0454545454545454,-0.0454545454545454,0.1132450331125827,-0.0696969696969697,,,0.0454545454545454,-0.0848484848484848,0.0812121212121212,-0.1212121212121212,0.0812121212121212,-0.1212121212121212,10784221247.0,33822392.0,13,False,False,False,False,False,watch,Watch only or small trial position,0.2775151515151515,Avoid unless fundamentals beat materially
3296.HK,华勤技术,2026-04-23,Unknown,,0.0,0.0051399200456883,0.0051399200456883,0.07,0.0028555111364934,,,0.1399200456881781,-0.0451170759565963,0.4231867504283266,-0.0451170759565963,0.4231867504283266,-0.0451170759565963,2148880984.0,24599398.0,11,False,False,False,False,True,moderate_tradeable,Add to first-month secondary trading pool,0.6080239862935466,Medium priority: wait for first-day turnover confirmation
1879.HK,曦智科技－Ｐ,2026-04-28,Unknown,,0.0,0.0068181818181818,0.0068181818181818,0.2342007434944237,0.0664772727272726,,,0.134090909090909,-0.125,0.1931818181818181,-0.125,0.1931818181818181,-0.125,7871806742.0,9260310.0,8,False,False,False,False,True,moderate_tradeable,Watch only or small trial position,0.3838636363636363,Avoid unless fundamentals beat materially
2493.HK,迈威生物－Ｂ,2026-04-28,Unknown,,0.0,-0.0176678445229682,-0.0176678445229682,0.1308623298033282,-0.0374558303886927,,,0.111660777385159,-0.0996466431095406,0.111660777385159,-0.0996466431095406,0.111660777385159,-0.0996466431095406,424939914.0,15006462.0,8,False,False,False,False,False,moderate_tradeable,Watch only or small trial position,0.4028621908127208,Low priority: watchlist or trial position only
6810.HK,商米科技－Ｗ,2026-04-29,Unknown,,0.0,-0.1302564102564103,-0.1302564102564103,0.2374457532548046,-0.2071794871794872,,,0.0235897435897436,-0.2307692307692307,0.0235897435897436,-0.2307692307692307,0.0235897435897436,-0.2307692307692307,1092451922.0,11753398.0,7,False,False,False,False,False,watch,Avoid chasing first day; wait for turnover stabilization,0.0984102564102564,Avoid unless fundamentals beat materially
1609.HK,天星医疗,2026-05-05,Unknown,,0.0,-0.2534722222222222,-0.2534722222222222,0.4801980198019802,,,,0.0381944444444444,-0.3361111111111111,0.0381944444444444,-0.3361111111111111,0.0381944444444444,-0.3361111111111111,917980168.0,3241729.0,4,False,False,False,False,False,watch,Avoid chasing first day; wait for turnover stabilization,0.05,Avoid unless fundamentals beat materially
1187.HK,可孚医疗,2026-05-06,Unknown,,0.0,-0.0235943775100402,-0.0235943775100402,0.1549295774647887,,,,0.0291164658634537,-0.1089357429718875,0.0291164658634537,-0.1089357429718875,0.0291164658634537,-0.1089357429718875,428005953.0,11185498.0,3,False,False,False,False,False,watch,Watch only or small trial position,0.2723393574297187,Avoid unless fundamentals beat materially
