jydm,jydm_mc,p03764_f001,p03764_f011,p03764_f002,p03764_f003,p03764_f004,p03764_f005,p03764_f006,p03764_f007,p03764_f008,p03764_f009,p03764_f010
2469.HK,粉笔,限售中,2025/10/20,2027/10/20,1,55110.100000000000,0.7500,41332.5750000000000000,223904.203000000000,24.61324944400440754600,教育,综合消费者服务
1201.HK,天臣控股,限售中,2024/10/07,2027/10/07,1,12000.0000000000000000,2.0500,24600.00000000000000000000,36968.522800000000,32.46004733518862701200,能源储存装置,电子设备、仪器和元件
2726.HK,瀚天天成,限售中,2026/03/30,2027/09/30,1,1005.8500000000000000,105.1000,105714.83500000000000000000,42558.481000000000,2.36345371443120820000,半导体设备与材料,半导体产品与设备
2400.HK,心动公司,限售中,2024/09/06,2027/09/06,2,960.0000000000000000,54.4000,52224.00000000000000000000,49243.416400000000,1.94949918218915452800,游戏软件,互动媒体与服务
2677.HK,卓正医疗,限售中,2026/02/06,2027/08/06,1,264.0250000000000000,26.6000,7023.06500000000000000000,6458.0450000000000000,4.08831155558686878100,医疗及医学美容服务,医疗保健提供商与服务
0999.HK,小菜园,限售中,2024/12/20,2027/06/20,1,5294.3346000000000000,6.6800,35366.15512800000000000000,117651.880000000000,4.50000000000000000000,餐饮,酒店、餐馆与休闲
2521.HK,升辉清洁,限售中,2025/06/16,2027/06/16,1,19375.5000000000000000,1.1100,21506.80500000000000000000,194973.500000000000,9.93750432751117459600,其他支援服务,商业服务与商业用品
1280.HK,奇点国峰,限售中,2025/12/16,2027/06/16,12,9406.9530000000000000,2.2000,20695.29660000000000000000,193330.065800000000,4.86574758099523700700,家庭电器,专营零售
6871.HK,翼菲科技,限售中,2026/05/18,2027/05/18,34,21691.059600000000,53.7500,1165894.4535000000000000,24495.396800000000,88.55157471872429517000,工业零件及器材,电子设备、仪器和元件
7666.HK,剂泰科技-P,限售中,2026/05/13,2027/05/13,32,62687.123000000000,23.3600,1464371.1932800000000000,115251.385000000000,54.39164397026552002000,生物技术,生物科技
7630.HK,英派药业-B,限售中,2026/05/13,2027/05/13,43,23418.813000000000,38.1600,893661.9040800000000000,27616.513000000000,84.80003612331506153600,生物技术,制药
2499.HK,佛朗斯股份,限售中,2026/05/11,2027/05/11,1,1450.0000000000000000,5.8200,8439.00000000000000000000,36252.281600000000,3.99974825308650366400,工业零件及器材,商业服务与商业用品
1236.HK,乐动机器人,限售中,2026/05/11,2027/05/11,25,30000.000000000000,41.3000,1239000.0000000000000000,33333.340000000000,89.99998200000359999900,数码解决方案服务,机械制造
1609.HK,天星医疗,限售中,2026/05/05,2027/05/05,16,4640.9494000000000000,199.3000,924941.21542000000000000000,5483.1344000000000000,84.64044580048958858300,医疗设备及用品,医疗保健设备与用品
6810.HK,商米科技-W,限售中,2026/04/29,2027/04/29,13,26141.572400000000,70.4500,1841673.7755800000000000,40262.680000000000,64.92755176754254808700,电脑及周边器材,电子设备、仪器和元件
1879.HK,曦智科技-P,限售中,2026/04/28,2027/04/28,37,3762.4850000000000000,721.0000,2712751.68500000000000000000,9403.7377000000000000,40.01052687805190482900,半导体设备与材料,半导体产品与设备
3277.HK,长光辰芯,限售中,2026/04/17,2027/04/17,19,15547.0750000000000000,85.0000,1321501.37500000000000000000,44508.830000000000,34.93031607436097511400,电子零件,电子设备、仪器和元件
6656.HK,思格新能,限售中,2026/04/16,2027/04/16,17,12615.8441000000000000,533.0000,6724244.90530000000000000000,24883.293000000000,50.70005846894942723200,能源储存装置,电气设备
3677.HK,正力新能,限售中,2026/04/14,2027/04/14,1,24888.950800000000,7.6500,190400.4736200000000000,255442.110300000000,9.74347994963303433100,能源储存装置,电子设备、仪器和元件
0664.HK,铜师傅,限售中,2026/03/31,2027/03/31,57,5428.1249000000000000,18.9100,102645.84185900000000000000,6440.6800000000000000,84.27875472776166491700,玩具及消闲用品,多品类零售
3625.HK,傅里叶,限售中,2026/03/31,2027/03/31,41,9888.9800000000000000,118.7000,1173821.92600000000000000000,11200.0000000000000000,88.29446428571428571400,半导体,半导体产品与设备
1021.HK,华沿机器人,限售中,2026/03/30,2027/03/30,25,43266.718000000000,17.7800,769282.2460400000000000,55706.658000000000,77.66884525724016687600,工业零件及器材,电子设备、仪器和元件
6636.HK,极视角,限售中,2026/03/30,2027/03/30,8,9987.2436000000000000,97.8500,977251.78626000000000000000,11291.4783000000000000,88.44938930627002134900,数码解决方案服务,信息技术服务
2889.HK,博泰车联,限售中,2025/09/30,2027/03/30,3,454.6520000000000000,164.7000,74881.18440000000000000000,15519.3093000000000000,2.92958914092910049800,汽车零件,信息技术服务
2526.HK,德适-B,限售中,2026/03/30,2027/03/30,23,8088.0000000000000000,311.8000,2521838.40000000000000000000,8887.9200000000000000,90.99991899117003753400,医疗设备及用品,医疗保健设备与用品
6810.HK,商米科技-W,限售中,2026/04/29,2027/03/29,1,157.5100000000000000,70.4500,11096.57950000000000000000,40262.680000000000,0.39120595052291601100,电脑及周边器材,电子设备、仪器和元件
2729.HK,凯乐士科技,限售中,2026/03/24,2027/03/24,36,39108.572900000000,32.5000,1271028.6192500000000000,42788.372900000000,91.40000016219359441900,数码解决方案服务,电子设备、仪器和元件
2632.HK,泽景股份,限售中,2026/03/24,2027/03/24,24,9281.0529000000000000,119.5000,1109085.82155000000000000000,12339.5266000000000000,75.21401104642053285900,汽车零件,电子设备、仪器和元件
3355.HK,飞速创新,限售中,2026/03/23,2027/03/23,1,12000.0000000000000000,43.3200,519840.00000000000000000000,40567.570000000000,29.58027803982343532000,互联网服务及基础设施,信息技术服务
8321.HK,泰锦控股,限售中,2026/03/11,2027/03/11,2,29000.000000000000,1.9000,55100.0000000000000000,53640.000000000000,54.06413124533929903100,重型基建,建筑与工程
2649.HK,优乐赛共享,限售中,2026/03/09,2027/03/10,12,6239.5831000000000000,3.9000,24334.37409000000000000000,9033.6000000000000000,69.07083665426850867900,印刷及包装,汽车零部件
2706.HK,海致科技集团,限售中,2026/02/13,2027/02/13,40,37240.048000000000,58.2000,2167370.7936000000000000,40043.068000000000,92.99998691408959972800,数码解决方案服务,信息技术服务
2720.HK,乐欣户外,限售中,2026/02/10,2027/02/10,3,4907.3500000000000000,24.3600,119543.04600000000000000000,12820.5000000000000000,38.27736827736827736800,玩具及消闲用品,休闲设备与用品
0600.HK,爱芯元智,限售中,2026/02/10,2027/02/10,62,48027.713600000000,21.1000,1013384.7569600000000000,58893.658100000000,81.54989034379577790200,半导体,半导体产品与设备
2677.HK,卓正医疗,限售中,2026/02/06,2027/02/06,1,589.8282000000000000,26.6000,15689.43012000000000000000,6458.0450000000000000,9.13323149652874825100,医疗及医学美容服务,医疗保健提供商与服务
6681.HK,脑动极光-B,限售中,2026/02/06,2027/02/06,1,27546.800000000000,3.0500,84017.7400000000000000,135827.800000000000,20.28067891845410144300,医疗及医学美容服务,医疗保健提供商与服务
1768.HK,鸣鸣很忙,限售中,2026/01/28,2027/01/28,19,13887.9908000000000000,427.6000,5938504.86608000000000000000,21783.780000000000,63.75381499445918017900,包装食品,日常消费品分销和零售
2685.HK,量化派,限售中,2025/11/27,2027/01/27,3,22603.100000000000,14.1700,320285.9270000000000000,51509.750000000000,43.88120695596464747000,线上零售商,互动媒体与服务
2577.HK,英诺赛科,限售中,2026/01/22,2027/01/22,1,7735.2770000000000000,71.4500,552685.54165000000000000000,91510.065300000000,8.45292479536674530200,半导体,半导体产品与设备
1641.HK,红星冷链,限售中,2026/01/13,2027/01/13,10,130.3464000000000000,6.4400,839.43081600000000000000,9826.3000000000000000,1.32650539877675218500,地产投资,商业服务与商业用品
2706.HK,海致科技集团,限售中,2026/02/13,2027/01/13,1,142.6200000000000000,58.2000,8300.48400000000000000000,40043.068000000000,0.35616651551274742500,数码解决方案服务,信息技术服务
8610.HK,BBSB INTL,限售中,2026/01/13,2027/01/13,1,15000.0000000000000000,0.5600,8400.00000000000000000000,50000.000000000000,30.00000000000000000000,重型基建,建筑与工程
6938.HK,瑞博生物-B,限售中,2026/01/09,2027/01/09,67,13420.3110000000000000,59.2000,794482.41120000000000000000,17055.4910000000000000,78.68616036911514303500,生物技术,制药
0100.HK,MINIMAX-W,限售中,2026/01/09,2027/01/09,5,8835.8308000000000000,800.0000,7068664.64000000000000000000,31363.530800000000,28.17230896720339917900,数码解决方案服务,信息技术服务
3636.HK,金浔资源,限售中,2026/01/09,2027/01/09,1,0.00510000000000000000,23.1000,0.117810000000000000000000,15257.7043000000000000,0.000033425736268856645800,铜,金属与采矿
2513.HK,智谱,限售中,2026/01/08,2027/01/08,56,17828.2205000000000000,1137.0000,20270686.70850000000000000000,44584.309000000000,39.98765686824932063000,数码解决方案服务,软件
2675.HK,精锋医疗-B,限售中,2026/01/08,2027/01/08,47,27289.282600000000,50.4000,1375379.8430400000000000,39188.050000000000,69.63674538539172018000,医疗设备及用品,医疗保健设备与用品
9903.HK,天数智芯,限售中,2026/01/08,2027/01/08,68,21967.016500000000,479.4000,10530987.7101000000000000,25431.773600000000,86.37626634109388265400,半导体,半导体产品与设备
6082.HK,壁仞科技,限售中,2026/01/01,2027/01/01,55,87327.202400000000,47.4200,4141055.9378080000000000,243885.850000000000,35.80658836910792487600,数码解决方案服务,电脑与外围设备
2373.HK,美丽田园医疗健康,限售中,2026/01/07,2026/12/31,1,394.9536000000000000,19.4600,7685.79705600000000000000,25159.371500000000,1.56980709951359476500,医疗及医学美容服务,医疗保健提供商与服务
3317.HK,迅策,限售中,2025/12/30,2026/12/30,32,24448.110600000000,277.0000,6772126.6362000000000000,32269.440000000000,75.76242599809603141500,数码解决方案服务,信息技术服务
2506.HK,讯飞医疗科技,限售中,2024/12/30,2026/12/30,2,4731.7640000000000000,76.1500,360323.82860000000000000000,12087.8233000000000000,39.14488061717447507700,医疗及医学美容服务,医疗保健技术
6600.HK,卧安机器人,限售中,2025/12/30,2026/12/30,17,20000.000000000000,106.4000,2128000.0000000000000000,22535.610000000000,88.74842970747186342000,家庭电器,家庭耐用消费品
2506.HK,讯飞医疗科技,限售中,2025/12/30,2026/12/30,1,544.0755000000000000,76.1500,41431.34932500000000000000,12087.8233000000000000,4.50102128809245581900,医疗及医学美容服务,医疗保健技术
6651.HK,五一视界,限售中,2025/12/30,2026/12/30,45,33809.551600000000,71.1500,2405549.5963400000000000,41400.377100000000,81.66483971470878220600,数码解决方案服务,软件
3696.HK,英矽智能,限售中,2025/12/30,2026/12/30,2,4699.8900000000000000,52.3500,246039.24150000000000000000,57240.200000000000,8.21082036750395700900,药品,生物科技
2671.HK,美联股份,限售中,2025/12/30,2026/12/30,11,9595.0005000000000000,4.2900,41162.55214500000000000000,12055.0005000000000000,79.59353050213477801200,建筑材料,建筑与工程
6636.HK,极视角,限售中,2026/03/30,2026/12/30,2,118.0000000000000000,97.8500,11546.30000000000000000000,11291.4783000000000000,1.04503588338827166700,数码解决方案服务,信息技术服务
2657.HK,林清轩,限售中,2025/12/30,2026/12/30,11,9212.7177000000000000,48.8600,450133.38682200000000000000,14175.9235000000000000,64.98848346635053441100,护肤与化妆品,个人护理用品
9880.HK,优必选,限售中,2025/12/29,2026/12/29,1,7057.4350000000000000,113.1000,798195.89850000000000000000,50340.137300000000,14.01949890986888508100,数码解决方案服务,电子设备、仪器和元件
2431.HK,佑驾创新,限售中,2025/12/27,2026/12/27,1,7748.8710000000000000,8.0100,62068.45671000000000000000,42075.920000000000,18.41640301626203301100,数码解决方案服务,汽车零部件
3378.HK,翰思艾泰-B,限售中,2025/12/23,2026/12/23,12,11789.7830000000000000,29.9600,353221.89868000000000000000,13621.8830000000000000,86.55031760293345641000,生物技术,生物科技
2661.HK,轻松健康,限售中,2025/12/23,2026/12/23,3,5163.5470000000000000,28.4200,146748.00574000000000000000,20637.420900000000,25.02031152545810605600,广告及宣传,保险
2635.HK,诺比侃,限售中,2025/12/23,2026/12/23,28,2505.0007000000000000,17.2600,43236.31208200000000000000,37866.600000000000,6.61533039670844490900,数码解决方案服务,软件
2396.HK,华芢生物-B,限售中,2025/12/22,2026/12/22,8,5657.0624000000000000,5.6000,31679.54944000000000000000,11765.7522000000000000,48.08075424195998280500,生物技术,制药
2581.HK,明基医院,限售中,2025/12/22,2026/12/22,1,9358.3501000000000000,3.1400,29385.21931400000000000000,31194.500100000000,30.00000022439853107300,医疗及医学美容服务,医疗保健提供商与服务
2440.HK,迷策略,限售中,2025/12/19,2026/12/19,5,4904.9824000000000000,1.5600,7651.77254400000000000000,41702.909300000000,11.76172713686428586900,互联网服务及基础设施,信息技术服务
3881.HK,希迪智驾,限售中,2025/12/19,2026/12/19,29,37028.478000000000,24.0400,890164.6111200000000000,43789.310000000000,84.56054228760398371200,商业用车及货车,软件
3887.HK,HASHKEY HLDGS,限售中,2025/12/17,2026/12/17,1,26086.937400000000,3.8800,101217.3171120000000000,276606.840200000000,9.43105289122202987400,其他金融,金融服务
2655.HK,果下科技,限售中,2025/12/16,2026/12/16,13,34991.894000000000,28.1800,986071.5729200000000000,51771.157500000000,67.58955312134946953800,能源储存装置,电气设备
2521.HK,升辉清洁,限售中,2024/12/13,2026/12/13,1,13098.0000000000000000,1.1100,14538.78000000000000000000,194973.500000000000,6.71783601361210626100,其他支援服务,商业服务与商业用品
7618.HK,京东工业,限售中,2025/12/11,2026/12/11,1,80627.106900000000,15.1000,1217469.3141900000000000,271505.036700000000,29.69635771033193506900,采购及供应链管理,贸易公司与经销商
2665.HK,图达通,限售中,2025/12/10,2026/12/10,6,2500.0000000000000000,7.5300,18825.00000000000000000000,129950.616000000000,1.92380773323921758100,数码解决方案服务,信息技术服务
2659.HK,宝济药业-B,限售中,2025/12/10,2026/12/10,46,11641.5550000000000000,26.8800,312924.99840000000000000000,32598.146500000000,35.71232186468025106900,药品,制药
0995.HK,安徽皖通高速公路,限售中,2025/06/09,2026/12/09,1,4998.1889000000000000,15.4100,77022.09094900000000000000,170859.188900000000,2.92532636504866376500,铁路及公路,交通基本设施
2687.HK,卓越睿新,限售中,2025/12/08,2026/12/08,27,5528.6100000000000000,128.6000,710979.24600000000000000000,6666.6700000000000000,82.92910853544573227700,数码解决方案服务,信息技术服务
2658.HK,天域半导体,限售中,2025/12/05,2026/12/05,16,1891.9926000000000000,53.5500,101316.20373000000000000000,39326.851100000000,4.81094353369166645500,半导体设备与材料,半导体产品与设备
2408.HK,遇见小面,限售中,2025/12/05,2026/12/05,9,61332.480000000000,4.2300,259436.3904000000000000,71068.930000000000,86.29999072731220239300,餐饮,酒店、餐馆与休闲
1801.HK,信达生物,限售中,2025/12/05,2026/12/05,1,691.3834000000000000,80.3000,55518.08702000000000000000,173823.723300000000,0.39774973569444879100,药品,制药
2539.HK,乐摩科技,限售中,2025/12/03,2026/12/03,13,1767.0420000000000000,15.9000,28095.96780000000000000000,5555.5600000000000000,31.80673055461555630800,消闲及文娱设施,家庭耐用消费品
9609.HK,海伟股份,限售中,2025/11/28,2026/11/28,14,2901.9539000000000000,6.0100,17440.74293900000000000000,16092.6487000000000000,18.03279220281494121000,工业零件及器材,电子设备、仪器和元件
2788.HK,创新实业,限售中,2025/11/24,2026/11/24,1,60000.000000000000,20.3200,1219200.0000000000000000,207500.000000000000,28.91566265060240963900,铝,金属与采矿
2520.HK,山西安装,限售中,2023/11/22,2026/11/22,1,7201.8000000000000000,1.9500,14043.51000000000000000000,137348.600000000000,5.24344623825798005900,重型基建,建筑与工程
7630.HK,英派药业-B,限售中,2026/05/13,2026/11/13,11,1393.0000000000000000,38.1600,53156.88000000000000000000,27616.513000000000,5.04408358868478435300,生物技术,制药
2706.HK,海致科技集团,限售中,2026/02/13,2026/11/13,1,115.2400000000000000,58.2000,6706.96800000000000000000,40043.068000000000,0.28779013636018099300,数码解决方案服务,信息技术服务
7666.HK,剂泰科技-P,限售中,2026/05/13,2026/11/13,18,11041.5000000000000000,23.3600,257929.44000000000000000000,115251.385000000000,9.58036209282864583400,生物技术,生物科技
6831.HK,绿茶集团,限售中,2026/05/12,2026/11/12,1,36560.000000000000,7.8100,285533.6000000000000000,67345.480000000000,54.28723650050456244400,餐饮,酒店、餐馆与休闲
1236.HK,乐动机器人,限售中,2026/05/11,2026/11/11,1,1050.8200000000000000,41.3000,43398.86600000000000000000,33333.340000000000,3.15245936950812609800,数码解决方案服务,机械制造
2698.HK,乐舒适,限售中,2025/11/10,2026/11/10,10,23643.980000000000,25.8000,610014.6840000000000000,62077.430000000000,38.08788475940450498700,个人护理,居家用品
2630.HK,旺山旺水-B,限售中,2025/11/06,2026/11/06,23,4907.9335000000000000,79.9500,392389.28332500000000000000,16759.7800000000000000,29.28399716464058597400,生物技术,生物科技
0800.HK,文远知行-W,限售中,2025/11/06,2026/11/06,7,21930.404100000000,18.8800,414046.0294080000000000,102732.246400000000,21.34714743276557028500,数码解决方案服务,软件
1187.HK,可孚医疗,限售中,2026/05/06,2026/11/06,12,965.4300000000000000,31.9000,30797.21700000000000000000,23589.700000000000,4.09259125804906378600,医疗设备及用品,医疗保健设备与用品
2026.HK,小马智行-W,限售中,2025/11/06,2026/11/06,1,6000.0000000000000000,64.4000,386400.00000000000000000000,43354.155300000000,13.83950386873297010100,数码解决方案服务,软件
1609.HK,天星医疗,限售中,2026/05/05,2026/11/05,4,292.2900000000000000,199.3000,58253.39700000000000000000,5483.1344000000000000,5.33071011354381537700,医疗设备及用品,医疗保健设备与用品
2718.HK,明略科技-W,限售中,2025/11/03,2026/11/03,1,43.1996000000000000,230.6000,9961.82776000000000000000,14546.1161000000000000,0.29698374262254100900,数码解决方案服务,信息技术服务
6810.HK,商米科技-W,限售中,2026/04/29,2026/10/29,1,994.5700000000000000,70.4500,70067.45650000000000000000,40262.680000000000,2.47020317574488335100,电脑及周边器材,电子设备、仪器和元件
1384.HK,滴普科技,限售中,2025/10/28,2026/10/28,8,17746.2900000000000000,64.0500,1136649.87450000000000000000,32663.200000000000,54.33114330500379632100,数码解决方案服务,信息技术服务
6980.HK,八马茶业,限售中,2025/10/28,2026/10/28,23,3667.6875000000000000,23.2000,85090.35000000000000000000,8500.0000000000000000,43.14926470588235294100,非酒精饮料,饮料
2493.HK,迈威生物-B,限售中,2026/04/28,2026/10/28,6,1502.0600000000000000,24.8600,37341.21160000000000000000,44673.020000000000,3.36234263992002331600,生物技术,制药
1879.HK,曦智科技-P,限售中,2026/04/28,2026/10/28,19,835.0335000000000000,721.0000,602059.15350000000000000000,9403.7377000000000000,8.87980425060133270200,半导体设备与材料,半导体产品与设备
0917.HK,趣致集团,限售中,2025/10/23,2026/10/23,1,10316.1396000000000000,13.6100,140402.65995600000000000000,26570.544600000000,38.82547292613641046700,广告及宣传,信息技术服务
3296.HK,华勤技术,限售中,2026/04/23,2026/10/23,18,2925.0100000000000000,110.2000,322336.10200000000000000000,107428.054400000000,2.72276177422794319900,消费性电讯设备,信息技术服务
6687.HK,聚水潭,限售中,2025/10/21,2026/10/21,1,12781.1580000000000000,14.6700,187499.58786000000000000000,43626.350000000000,29.29687677286777371900,应用软件,软件
2476.HK,胜宏科技,限售中,2026/04/21,2026/10/21,39,3722.0100000000000000,368.8000,1372677.28800000000000000000,98278.481300000000,3.78720748506316204100,电子零件,电子设备、仪器和元件
2637.HK,海西新药,限售中,2025/10/20,2026/10/20,13,6314.8761000000000000,219.8000,1388009.76678000000000000000,7870.7270000000000000,80.23243723229124831800,药品,制药
0068.HK,群核科技,限售中,2026/04/17,2026/10/17,35,159913.484000000000,19.3500,3094325.9154000000000000,172619.934000000000,92.63905986663162552200,应用软件,软件
3277.HK,长光辰芯,限售中,2026/04/17,2026/10/17,30,3264.5200000000000000,85.0000,277484.20000000000000000000,44508.830000000000,7.33454462856022052300,电子零件,电子设备、仪器和元件
6656.HK,思格新能,限售中,2026/04/16,2026/10/16,21,676.0400000000000000,533.0000,360329.32000000000000000000,24883.293000000000,2.71684298376424695900,能源储存装置,电气设备
2670.HK,云迹,限售中,2025/10/16,2026/10/16,14,3555.0759000000000000,311.6000,1107761.65044000000000000000,6975.3182000000000000,50.96650501191472526700,数码解决方案服务,机械制造
2575.HK,轩竹生物-B,限售中,2025/10/15,2026/10/15,16,9336.8496000000000000,19.3100,180294.56577600000000000000,51794.779000000000,18.02662310809357831200,生物技术,制药
8549.HK,金叶国际集团,限售中,2025/10/10,2026/10/10,1,12000.0000000000000000,0.2900,3480.00000000000000000000,40000.000000000000,30.00000000000000000000,楼宇建造,建筑与工程
2650.HK,挚达科技,限售中,2025/10/10,2026/10/10,21,5380.9907000000000000,19.3000,103853.12051000000000000000,29894.403500000000,17.99999354394209605200,工业零件及器材,专营零售
2652.HK,长风药业,限售中,2025/10/08,2026/10/08,54,26102.558600000000,20.7000,540322.9630200000000000,41197.838700000000,63.35904849299776495300,药品,制药
2373.HK,美丽田园医疗健康,限售中,2026/01/07,2026/09/30,1,394.9536000000000000,19.4600,7685.79705600000000000000,25159.371500000000,1.56980709951359476500,医疗及医学美容服务,医疗保健提供商与服务
1021.HK,华沿机器人,限售中,2026/03/30,2026/09/30,9,4526.5600000000000000,17.7800,80482.23680000000000000000,55706.658000000000,8.12570734363565662100,工业零件及器材,电子设备、仪器和元件
2583.HK,西普尼,限售中,2025/09/30,2026/09/30,17,3617.1667000000000000,81.0500,293171.36103500000000000000,5882.5000000000000000,61.49029664258393540200,珠宝钟表,纺织品、服装与奢侈品
2259.HK,紫金黄金国际,限售中,2025/09/30,2026/09/30,1,78719.721000000000,150.0000,11807958.1500000000000000,267633.930000000000,29.41320668870348389700,黄金及贵金属,金属与采矿
0664.HK,铜师傅,限售中,2026/03/31,2026/09/30,1,50.0000000000000000,18.9100,945.50000000000000000000,6440.6800000000000000,0.77631554432140705600,玩具及消闲用品,多品类零售
2889.HK,博泰车联,限售中,2025/09/30,2026/09/30,24,6056.0947000000000000,164.7000,997438.79709000000000000000,15519.3093000000000000,39.02296540993612389700,汽车零件,信息技术服务
2643.HK,曹操出行,限售中,2025/06/25,2026/09/30,1,16325.3580000000000000,22.9200,374177.20536000000000000000,58303.936100000000,28.00043889318134732200,公共运输,软件
9973.HK,奇瑞汽车,限售中,2025/09/25,2026/09/25,15,199992.355800000000,27.7600,5551787.7970080000000000,580860.453300000000,34.43036183024650061800,汽车,汽车零部件
2632.HK,泽景股份,限售中,2026/03/24,2026/09/24,2,248.7500000000000000,119.5000,29725.62500000000000000000,12339.5266000000000000,2.01587960432777056500,汽车零件,电子设备、仪器和元件
3355.HK,飞速创新,限售中,2026/03/23,2026/09/23,12,11708.2801000000000000,43.3200,507202.69393200000000000000,40567.570000000000,28.86118172717764460600,互联网服务及基础设施,信息技术服务
6090.HK,不同集团,限售中,2025/09/23,2026/09/23,1,2722.5413000000000000,38.3800,104491.13509400000000000000,9075.1378000000000000,29.99999955923534296100,家具,休闲设备与用品
2701.HK,国民技术,限售中,2026/03/23,2026/09/23,5,1296.2400000000000000,14.9000,19313.97600000000000000000,67812.670000000000,1.91150119881727116800,半导体,电子设备、仪器和元件
1989.HK,广合科技,限售中,2026/03/20,2026/09/20,12,2067.4500000000000000,172.0000,355601.40000000000000000000,47249.276400000000,4.37562256508969521500,电子零件,电子设备、仪器和元件
8195.HK,传承教育集团,限售中,2025/03/19,2026/09/19,1,1094.6000000000000000,1.1500,1258.79000000000000000000,45866.469600000000,2.38649281173365041400,教育,综合消费者服务
2595.HK,劲方医药-B,限售中,2025/09/19,2026/09/19,47,23540.302000000000,34.4400,810728.0008800000000000,37036.663000000000,63.55945728695914100000,药品,制药
2656.HK,健康160,限售中,2025/09/17,2026/09/17,42,26519.264800000000,18.6600,494849.4811680000000000,33645.281000000000,78.82016143660681567800,药品分销,医疗保健技术
2525.HK,禾赛-W,限售中,2025/09/16,2026/09/16,1,766.0486000000000000,176.4000,135130.97304000000000000000,15714.2211000000000000,4.87487477187144834100,数码解决方案服务,电子设备、仪器和元件
3268.HK,美格智能,限售中,2026/03/10,2026/09/10,8,1588.7400000000000000,25.5000,40512.87000000000000000000,30200.770000000000,5.26059434908447698500,消费性电讯设备,通信设备
2692.HK,兆威机电,限售中,2026/03/09,2026/09/09,21,914.0700000000000000,73.8000,67458.36600000000000000000,26754.490000000000,3.41651064924055737900,工业零件及器材,汽车零部件
2715.HK,埃斯顿,限售中,2026/03/09,2026/09/09,7,3404.8600000000000000,15.3000,52094.35800000000000000000,96779.845300000000,3.51814986833834089600,重型机械,机械制造
2257.HK,圣诺医药-B,限售中,2026/03/07,2026/09/07,1,250.0000000000000000,5.6300,1407.50000000000000000000,10972.1538000000000000,2.27849522123906064800,生物技术,制药
2580.HK,奥克斯电气,限售中,2025/09/02,2026/09/02,1,47647.056000000000,9.9400,473611.7366400000000000,158823.520000000000,30.00000000000000000000,家庭电器,家庭耐用消费品
3858.HK,佳鑫国际资源,限售中,2025/08/28,2026/08/28,2,26353.728000000000,71.8500,1893515.3568000000000000,45570.000000000000,57.83131007241606319900,其他金属及矿物,金属与采矿
6960.HK,双登股份,限售中,2025/08/26,2026/08/26,11,9994.9200000000000000,14.0300,140228.72760000000000000000,42560.950000000000,23.48378031975320099800,能源储存装置,电子设备、仪器和元件
2591.HK,银诺医药-B,限售中,2025/08/15,2026/08/15,38,38372.897000000000,12.0400,462009.6798800000000000,45681.934900000000,84.00015691979807098800,生物技术,制药
2706.HK,海致科技集团,限售中,2026/02/13,2026/08/13,2,172.8800000000000000,58.2000,10061.61600000000000000000,40043.068000000000,0.43173515076317329100,数码解决方案服务,信息技术服务
9981.HK,沃尔核材,限售中,2026/02/13,2026/08/13,16,4823.1800000000000000,14.6800,70804.28240000000000000000,139988.736200000000,3.44540577401112361800,工业零件及器材,电子设备、仪器和元件
9669.HK,北森控股,限售中,2026/02/11,2026/08/11,1,3476.1638000000000000,3.3300,11575.62545400000000000000,73619.175100000000,4.72181846003868087400,应用软件,信息技术服务
0470.HK,先导智能,限售中,2026/02/11,2026/08/11,10,4680.6600000000000000,52.7000,246670.78200000000000000000,167422.143400000000,2.79572337621858447700,工业零件及器材,电气设备
2627.HK,中慧生物-B,限售中,2025/08/11,2026/08/11,28,18155.5737000000000000,29.3200,532321.42088400000000000000,39344.260000000000,46.14541917931611879300,生物技术,制药
2720.HK,乐欣户外,限售中,2026/02/10,2026/08/10,1,5630.8500000000000000,24.3600,137167.50600000000000000000,12820.5000000000000000,43.92067392067392067400,玩具及消闲用品,休闲设备与用品
0600.HK,爱芯元智,限售中,2026/02/10,2026/08/10,16,5115.6300000000000000,21.1000,107939.79300000000000000000,58893.658100000000,8.68621540083956849700,半导体,半导体产品与设备
6809.HK,澜起科技,限售中,2026/02/09,2026/08/09,18,3282.8000000000000000,440.8000,1447058.24000000000000000000,122220.002100000000,2.68597606250572957600,半导体,半导体产品与设备
2533.HK,黑芝麻智能,限售中,2025/08/08,2026/08/08,1,4410.0000000000000000,16.3200,71971.20000000000000000000,71429.353300000000,6.17393241890095622600,数码解决方案服务,电子设备、仪器和元件
2677.HK,卓正医疗,限售中,2026/02/06,2026/08/06,21,3712.1018000000000000,26.6000,98741.90788000000000000000,6458.0450000000000000,57.48027150631499161100,医疗及医学美容服务,医疗保健提供商与服务
2714.HK,牧原股份,限售中,2026/02/06,2026/08/06,15,13697.2800000000000000,37.3200,511182.48960000000000000000,577299.474700000000,2.37264723081862177200,禽畜肉类,食品
3200.HK,大族数控,限售中,2026/02/06,2026/08/06,11,2521.8400000000000000,156.8000,395424.51200000000000000000,48900.774100000000,5.15705537675731804000,工业零件及器材,电子设备、仪器和元件
3938.HK,LFG投资控股,限售中,2025/08/05,2026/08/05,1,8119.2593000000000000,3.4500,28011.44458500000000000000,49007.039700000000,16.56753672472895766400,其他金融,金融服务
2768.HK,国恩科技,限售中,2026/02/04,2026/08/04,7,859.1600000000000000,59.8000,51377.76800000000000000000,30125.000000000000,2.85198340248962655600,特殊化工用品,化学制品
2768.HK,国恩科技,限售中,2026/02/03,2026/08/03,1,27.7600000000000000,59.8000,1660.04800000000000000000,30125.000000000000,0.09214937759336099600,特殊化工用品,化学制品
9980.HK,东鹏饮料,限售中,2026/02/03,2026/08/03,16,2012.0100000000000000,165.6000,333188.85600000000000000000,73419.931000000000,2.74041390749876896500,非酒精饮料,饮料
2718.HK,明略科技-W,限售中,2025/11/03,2026/08/03,54,10624.6295000000000000,230.6000,2450039.56270000000000000000,14546.1161000000000000,73.04100577060566703400,数码解决方案服务,信息技术服务
1768.HK,鸣鸣很忙,限售中,2026/01/28,2026/07/28,9,6562.3243000000000000,427.6000,2806049.87068000000000000000,21783.780000000000,30.12481901671794335100,包装食品,日常消费品分销和零售
2685.HK,量化派,限售中,2025/11/27,2026/07/27,15,21492.900000000000,14.1700,304554.3930000000000000,51509.750000000000,41.72588684666495178100,线上零售商,互动媒体与服务
3393.HK,威胜控股,限售中,2026/04/27,2026/07/26,1,5000.0000000000000000,25.9800,129900.00000000000000000000,104587.967500000000,4.78066465915402744600,工业零件及器材,电气设备
9887.HK,维立志博-B,限售中,2025/07/25,2026/07/25,42,10386.3584000000000000,62.3500,647589.44624000000000000000,19889.1800000000000000,52.22114938876313654000,生物技术,生物科技
9611.HK,龙旗科技,限售中,2026/01/22,2026/07/22,6,1420.0900000000000000,26.1200,37092.75080000000000000000,52259.064400000000,2.71740417916858075200,消费性电讯设备,电脑与外围设备
1641.HK,红星冷链,限售中,2026/01/13,2026/07/13,1,178.1000000000000000,6.4400,1146.96400000000000000000,9826.3000000000000000,1.81248282669977509300,地产投资,商业服务与商业用品
6683.HK,巨星传奇,限售中,2024/07/13,2026/07/13,2,10961.6130000000000000,5.5800,61165.80054000000000000000,95173.847700000000,11.51746332096648016500,非酒精饮料,经销商
8610.HK,BBSB INTL,限售中,2026/01/13,2026/07/13,3,24832.800000000000,0.5600,13906.3680000000000000,50000.000000000000,49.66560000000000000000,重型基建,建筑与工程
3986.HK,兆易创新,限售中,2026/01/13,2026/07/13,18,1439.4300000000000000,588.0000,846384.84000000000000000000,70110.245100000000,2.05309509037788259000,半导体,半导体产品与设备
0501.HK,豪威集团,限售中,2026/01/12,2026/07/12,10,2074.0200000000000000,89.2500,185106.28500000000000000000,126120.056700000000,1.64448070692946334500,半导体,半导体产品与设备
2651.HK,大众口腔,限售中,2025/07/09,2026/07/09,5,616.4340000000000000,12.6000,7767.06840000000000000000,4937.9042000000000000,12.48371728232394626000,医疗及医学美容服务,医疗保健提供商与服务
6938.HK,瑞博生物-B,限售中,2026/01/09,2026/07/09,12,1342.0400000000000000,59.2000,79448.76800000000000000000,17055.4910000000000000,7.86866821951944977700,生物技术,制药
2590.HK,极智嘉-W,限售中,2025/07/09,2026/07/09,39,84607.488300000000,17.8400,1509397.5912720000000000,133728.699800000000,63.26801085072689834100,数码解决方案服务,商业服务与商业用品
0100.HK,MINIMAX-W,限售中,2026/01/09,2026/07/09,62,10741.6583000000000000,800.0000,8593326.64000000000000000000,31363.530800000000,34.24888086898685526800,数码解决方案服务,信息技术服务
3636.HK,金浔资源,限售中,2026/01/09,2026/07/09,8,1044.0000000000000000,23.1000,24116.40000000000000000000,15257.7043000000000000,6.84244483621300748400,铜,金属与采矿
9903.HK,天数智芯,限售中,2026/01/08,2026/07/08,19,1094.0300000000000000,479.4000,524477.98200000000000000000,25431.773600000000,4.30182344812946903600,半导体,半导体产品与设备
2675.HK,精锋医疗-B,限售中,2026/01/08,2026/07/08,15,3648.2522000000000000,50.4000,183871.91088000000000000000,39188.050000000000,9.30960382055243881700,医疗设备及用品,医疗保健设备与用品
2513.HK,智谱,限售中,2026/01/08,2026/07/08,11,2568.1600000000000000,1137.0000,2919997.92000000000000000000,44584.309000000000,5.76023282092361238600,数码解决方案服务,软件
1828.HK,富卫集团,限售中,2025/07/07,2026/07/07,1,38130.116300000000,30.5000,1162968.5471500000000000,127962.207600000000,29.79795129761421840300,保险,保险
2592.HK,拨康视云-B,限售中,2026/01/03,2026/07/03,1,1554.4000000000000000,1.3800,2145.07200000000000000000,85190.708100000000,1.82461213748263233400,生物技术,生物科技
2592.HK,拨康视云-B,限售中,2025/07/03,2026/07/03,1,16690.5814000000000000,1.3800,23033.00233200000000000000,85190.708100000000,19.59202097534860142800,生物技术,生物科技
2661.HK,轻松健康,限售中,2025/12/23,2026/07/01,14,12576.5967000000000000,28.4200,357426.87821400000000000000,20637.420900000000,60.94073848152217508900,广告及宣传,保险
6082.HK,壁仞科技,限售中,2026/01/01,2026/07/01,25,14792.6400000000000000,47.4200,701466.98880000000000000000,243885.850000000000,6.06539493783669696300,数码解决方案服务,电脑与外围设备
6603.HK,IFBH,限售中,2025/06/30,2026/06/30,1,8000.0040000000000000,8.9300,71440.03572000000000000000,26666.680000000000,30.00000000000000000000,非酒精饮料,饮料
2587.HK,健康之路,限售中,2024/12/30,2026/06/30,1,29591.533500000000,3.7200,110080.5046200000000000,87770.480000000000,33.71467662020305688200,医疗及医学美容服务,信息技术服务
3880.HK,泰德医药,限售中,2025/06/30,2026/06/30,8,4652.5388000000000000,22.2200,103379.41213600000000000000,14180.0000000000000000,32.81056981664315937900,药品,生物科技
3696.HK,英矽智能,限售中,2025/12/30,2026/06/30,85,45293.360000000000,52.3500,2371107.3960000000000000,57240.200000000000,79.12858445637855912500,药品,生物科技
2671.HK,美联股份,限售中,2025/12/30,2026/06/30,4,725.2800000000000000,4.2900,3111.45120000000000000000,12055.0005000000000000,6.01642447049255618000,建筑材料,建筑与工程
3317.HK,迅策,限售中,2025/12/30,2026/06/30,9,641.2700000000000000,277.0000,177631.79000000000000000000,32269.440000000000,1.98723622101901985300,数码解决方案服务,信息技术服务
2373.HK,美丽田园医疗健康,限售中,2026/01/07,2026/06/30,1,789.9075000000000000,19.4600,15371.59995000000000000000,25159.371500000000,3.13961539142581522800,医疗及医学美容服务,医疗保健提供商与服务
2657.HK,林清轩,限售中,2025/12/30,2026/06/30,7,620.4700000000000000,48.8600,30316.16420000000000000000,14175.9235000000000000,4.37692824739072555000,护肤与化妆品,个人护理用品
9678.HK,云知声,限售中,2025/06/30,2026/06/30,36,4028.9623000000000000,283.8000,1143419.50074000000000000000,7297.5593000000000000,55.20972333859623449700,数码解决方案服务,信息技术服务
6600.HK,卧安机器人,限售中,2025/12/30,2026/06/30,9,948.4500000000000000,106.4000,100915.08000000000000000000,22535.610000000000,4.20867240780258444300,家庭电器,家庭耐用消费品
2431.HK,佑驾创新,限售中,2025/12/27,2026/06/27,1,1018.9085000000000000,8.0100,8161.45708500000000000000,42075.920000000000,2.42159529726266234900,数码解决方案服务,汽车零部件
6168.HK,周六福,限售中,2025/06/26,2026/06/26,8,11436.5648000000000000,17.6900,202312.83131200000000000000,44061.602800000000,25.95585288150253127000,其他零售商,纺织品、服装与奢侈品
2508.HK,圣贝拉集团,限售中,2025/06/26,2026/06/26,1,18291.9900000000000000,3.8900,71155.84110000000000000000,62219.650000000000,29.39905640742112821300,其他支援服务,医疗保健提供商与服务
6883.HK,颖通控股,限售中,2025/06/26,2026/06/26,1,40002.000000000000,2.0300,81204.0600000000000000,135800.000000000000,29.45655375552282768800,护肤与化妆品,个人护理用品
2617.HK,药捷安康-B,限售中,2025/06/23,2026/06/23,1,11906.9290000000000000,49.8000,592965.06420000000000000000,40408.263300000000,29.46656952712936811600,生物技术,制药
2609.HK,佰泽医疗,限售中,2025/06/23,2026/06/23,1,39554.004700000000,5.2400,207262.9846280000000000,131846.682300000000,30.00000000758456703300,医疗及医学美容服务,医疗保健提供商与服务
3378.HK,翰思艾泰-B,限售中,2025/12/23,2026/06/23,7,291.7800000000000000,29.9600,8741.72880000000000000000,13621.8830000000000000,2.14199461263908961800,生物技术,生物科技
2402.HK,亿华通,限售中,2025/12/23,2026/06/23,1,888.0000000000000000,18.0700,16046.16000000000000000000,24053.208100000000,3.69181523025196792800,新能源物料,石油、天然气与消费用燃料
2635.HK,诺比侃,限售中,2025/12/23,2026/06/23,1,159.7971000000000000,17.2600,2758.09794600000000000000,37866.600000000000,0.42200012676078655100,数码解决方案服务,软件
2396.HK,华芢生物-B,限售中,2025/12/22,2026/06/22,1,880.2721000000000000,5.6000,4929.52376000000000000000,11765.7522000000000000,7.48164745472031953900,生物技术,制药
2581.HK,明基医院,限售中,2025/12/22,2026/06/22,4,17240.5336000000000000,3.1400,54135.27550400000000000000,31194.500100000000,55.26786306795152008200,医疗及医学美容服务,医疗保健提供商与服务
2297.HK,润迈德-B,限售中,2025/06/20,2026/06/20,1,23355.980000000000,0.2300,5371.8754000000000000,140135.880000000000,16.66666666666666666700,医疗设备及用品,医疗保健设备与用品
0999.HK,小菜园,限售中,2024/12/20,2026/06/20,1,31766.007600000000,6.6800,212196.9307680000000000,117651.880000000000,27.00000000000000000000,餐饮,酒店、餐馆与休闲
2546.HK,智汇矿业,限售中,2025/12/19,2026/06/19,3,4973.7000000000000000,15.7600,78385.51200000000000000000,48780.565900000000,10.19606867660385219100,其他金属及矿物,金属与采矿
3881.HK,希迪智驾,限售中,2025/12/19,2026/06/19,5,2076.3900000000000000,24.0400,49916.41560000000000000000,43789.310000000000,4.74177373427441537700,商业用车及货车,软件
3887.HK,HASHKEY HLDGS,限售中,2025/12/17,2026/06/17,38,235115.302800000000,3.8800,912247.3748640000000000,276606.840200000000,84.99981512749300405800,其他金融,金融服务
2655.HK,果下科技,限售中,2025/12/16,2026/06/16,3,369.4000000000000000,28.1800,10409.69200000000000000000,51771.157500000000,0.71352470726581687900,能源储存装置,电气设备
2228.HK,晶泰控股,限售中,2024/06/13,2026/06/13,3,43284.904000000000,8.1700,353637.6656800000000000,430337.176100000000,10.05836967009832084100,生物技术,机械制造
7618.HK,京东工业,限售中,2025/12/11,2026/06/11,28,176396.216200000000,15.1000,2663582.8646200000000000,271505.036700000000,64.96977674668677702700,采购及供应链管理,贸易公司与经销商
0866.HK,中国秦发,限售中,2026/03/13,2026/06/11,1,9000.0000000000000000,2.7200,24480.00000000000000000000,262741.398500000000,3.42542136541151127400,煤炭,石油、天然气与消费用燃料
2573.HK,新琪安,限售中,2025/06/10,2026/06/10,13,3822.5412000000000000,4.9500,18921.57894000000000000000,9623.1234000000000000,39.72245851071596982700,食品添加剂,食品
9881.HK,容大科技,限售中,2025/06/10,2026/06/10,8,3699.2342000000000000,17.7000,65476.44534000000000000000,9473.3000000000000000,39.04905576726167227900,电脑及周边器材,电脑与外围设备
2605.HK,元光科技,限售中,2025/06/10,2026/06/10,6,5050.4069000000000000,1.3000,6565.52897000000000000000,15459.0662000000000000,32.66954701313071548900,广告及宣传,媒体
2659.HK,宝济药业-B,限售中,2025/12/10,2026/06/10,3,760.4100000000000000,26.8800,20439.82080000000000000000,32598.146500000000,2.33267863864591196900,药品,制药
2665.HK,图达通,限售中,2025/12/10,2026/06/10,73,116002.365700000000,7.5300,873497.8137210000000000,129950.616000000000,89.26649928308150536200,数码解决方案服务,信息技术服务
2676.HK,纳芯微,限售中,2025/12/08,2026/06/08,7,938.8200000000000000,202.4000,190017.16800000000000000000,16262.3433000000000000,5.77296877012798026500,半导体,半导体产品与设备
2658.HK,天域半导体,限售中,2025/12/05,2026/06/05,2,278.4850000000000000,53.5500,14912.87175000000000000000,39326.851100000000,0.70812941339206280900,半导体设备与材料,半导体产品与设备
2408.HK,遇见小面,限售中,2025/12/05,2026/06/05,6,2429.2500000000000000,4.2300,10275.72750000000000000000,71068.930000000000,3.41816036909518688400,餐饮,酒店、餐馆与休闲
2693.HK,金岩高岭新材,限售中,2025/12/03,2026/06/03,4,1044.1000000000000000,3.8600,4030.22600000000000000000,9719.4316000000000000,10.74239773445187885300,其他金属及矿物,金属与采矿
8391.HK,基石科技控股,限售中,2022/05/31,2026/05/31,2,899.6858000000000000,0.4700,422.85232600000000000000,104961.500700000000,0.85715790456490681600,环保工程,电气设备
2621.HK,手回集团,限售中,2025/05/30,2026/05/30,3,7896.4800000000000000,3.1200,24637.01760000000000000000,22637.860000000000,34.88174235550533486800,保险,保险
9609.HK,海伟股份,限售中,2025/11/28,2026/05/28,1,1512.9000000000000000,6.0100,9092.52900000000000000000,16092.6487000000000000,9.40118701528605418400,工业零件及器材,电子设备、仪器和元件
2565.HK,派格生物医药-B,限售中,2025/05/27,2026/05/27,57,25988.083900000000,18.6100,483638.2413790000000000,39109.153200000000,66.45013193484332460600,生物技术,制药
2788.HK,创新实业,限售中,2025/11/24,2026/05/24,19,114829.800000000000,20.3200,2333341.5360000000000000,207500.000000000000,55.33966265060240963900,铝,金属与采矿
3680.HK,瑞和数智,限售中,2025/05/21,2026/05/21,1,13000.0000000000000000,2.4700,32110.00000000000000000000,89920.203600000000,14.45726263902720967600,数码解决方案服务,信息技术服务
1729.HK,汇聚科技,限售中,2026/02/20,2026/05/21,1,10800.0000000000000000,20.3000,219240.00000000000000000000,209348.540400000000,5.15886090218950482800,电讯网路基建设施,电气设备
2579.HK,中伟新材,已解禁,2025/11/17,2026/05/17,9,4859.6000000000000000,37.1800,180679.92800000000000000000,104225.385800000000,4.66258768216524078300,特殊化工用品,化学制品
6831.HK,绿茶集团,已解禁,2025/05/16,2026/05/16,1,20203.644000000000,7.9100,159810.8240400000000000,67345.480000000000,30.00000000000000000000,餐饮,酒店、餐馆与休闲
2591.HK,银诺医药-B,已解禁,2025/08/15,2026/05/15,5,420.1000000000000000,12.3600,5192.43600000000000000000,45681.934900000000,0.91961954089646058300,生物技术,制药
0990.HK,至源控股,已解禁,2026/02/13,2026/05/13,1,51500.000000000000,0.7500,38625.0000000000000000,1480134.463100000000,3.47941361301311625400,特殊化工用品,贸易公司与经销商
1030.HK,新城发展,已解禁,2026/02/11,2026/05/12,1,19800.0000000000000000,2.3600,46728.00000000000000000000,726374.152100000000,2.72586792120242352400,地产发展商,房地产管理和开发
9696.HK,天齐锂业,已解禁,2026/02/11,2026/05/12,1,6505.0000000000000000,61.0500,397130.25000000000000000000,171178.455100000000,3.80012776502736412400,其他金属及矿物,金属与采矿
1050.HK,嘉利国际,已解禁,2026/02/11,2026/05/12,1,6583.2000000000000000,2.7400,18037.96800000000000000000,208729.520000000000,3.15393816840090467300,电脑及周边器材,电气设备
1672.HK,歌礼制药-B,已解禁,2026/02/10,2026/05/11,1,6925.6000000000000000,16.9300,117250.40800000000000000000,106845.505500000000,6.48188238484210269400,生物技术,制药
2698.HK,乐舒适,已解禁,2025/11/10,2026/05/10,21,22297.260000000000,28.4800,635025.9648000000000000,62077.430000000000,35.91846505243532150100,个人护理,居家用品
2589.HK,沪上阿姨,已解禁,2025/05/08,2026/05/08,15,3105.2040000000000000,147.6000,458328.11040000000000000000,10520.3020000000000000,29.51630095790025799600,非酒精饮料,饮料
1333.HK,博雷顿,已解禁,2025/05/07,2026/05/07,43,18013.1718000000000000,17.3200,311988.13557600000000000000,38965.176200000000,46.22889861332129687600,重型机械,机械制造
2629.HK,MIRXES-B,已解禁,2026/02/05,2026/05/06,1,2188.8000000000000000,12.4100,27163.00800000000000000000,29823.033100000000,7.33929373535115045000,生物技术,生物科技
0699.HK,均胜电子,已解禁,2025/11/06,2026/05/06,7,3781.7000000000000000,17.5700,66444.46900000000000000000,155077.056300000000,2.43859413521766727000,汽车零件,汽车零部件
6681.HK,脑动极光-B,已解禁,2026/02/05,2026/05/06,1,9200.0000000000000000,3.7500,34500.00000000000000000000,135827.800000000000,6.77328205271674870700,医疗及医学美容服务,医疗保健提供商与服务
2026.HK,小马智行-W,已解禁,2025/11/06,2026/05/06,5,670.7000000000000000,78.6500,52750.55500000000000000000,43354.155300000000,1.54702587412653384100,数码解决方案服务,软件
0863.HK,OSL集团,已解禁,2026/02/04,2026/05/05,1,10469.8000000000000000,13.0600,136735.58800000000000000000,90226.860200000000,11.60386161813929550900,证券及经纪,信息技术服务
9927.HK,赛力斯,已解禁,2025/11/05,2026/05/05,23,4882.8700000000000000,70.1000,342289.18700000000000000000,174198.508600000000,2.80304925641596451600,汽车,汽车
2565.HK,派格生物医药-B,已解禁,2025/12/31,2026/05/01,1,958.4500000000000000,24.6400,23616.20800000000000000000,39109.153200000000,2.45070506921637976000,生物技术,制药
6166.HK,剑桥科技,已解禁,2025/10/28,2026/04/28,16,3276.2750000000000000,111.2000,364321.78000000000000000000,35265.037300000000,9.29043395624027881000,电讯网路基建设施,综合电信业务
6031.HK,三一重工,已解禁,2025/10/28,2026/04/28,23,27734.220000000000,21.5200,596840.4144000000000000,919500.443700000000,3.01622692952703792200,重型机械,机械制造
9858.HK,优然牧业,已解禁,2026/01/26,2026/04/26,1,29925.000000000000,3.7500,112218.7500000000000000,419197.783300000000,7.13863507684249722500,乳制品,食品
0638.HK,广和通,已解禁,2025/10/22,2026/04/22,10,5813.2000000000000000,13.9500,81094.14000000000000000000,89926.584400000000,6.46438429613034429900,电子零件,通信设备
2268.HK,药明合联,已解禁,2025/10/22,2026/04/22,1,2413.4000000000000000,59.3500,143235.29000000000000000000,126034.325000000000,1.91487517388616156700,生物技术,制药
0815.HK,中国白银集团,已解禁,2026/01/22,2026/04/22,1,5500.0000000000000000,0.4650,2557.50000000000000000000,303633.755900000000,1.81139280239032211000,黄金及贵金属,金属与采矿
3759.HK,康龙化成,已解禁,2026/01/22,2026/04/22,1,5844.0762000000000000,21.0000,122725.60020000000000000000,183728.362800000000,3.18082418573644417200,药品,制药
6687.HK,聚水潭,已解禁,2025/10/21,2026/04/21,30,26312.372000000000,18.5700,488620.7480400000000000,43626.350000000000,60.31302641637450760800,应用软件,软件
2617.HK,药捷安康-B,已解禁,2026/01/20,2026/04/20,1,210.0000000000000000,68.1000,14301.00000000000000000000,39899.763300000000,0.52631891177158938200,生物技术,制药
2637.HK,海西新药,已解禁,2025/10/20,2026/04/20,2,604.0209000000000000,190.0000,114763.97100000000000000000,7870.7270000000000000,7.67427075033856465900,药品,制药
1993.HK,雅仕维,已解禁,2023/04/17,2026/04/17,3,923.5063000000000000,0.6400,591.04403200000000000000,48491.073900000000,1.90448720913974231500,广告及宣传,媒体
2575.HK,轩竹生物-B,已解禁,2025/10/15,2026/04/15,1,660.3000000000000000,36.0200,23784.00600000000000000000,51794.779000000000,1.27483891764457572100,生物技术,制药
3677.HK,正力新能,已解禁,2025/04/14,2026/04/14,30,131784.903900000000,7.8500,1034511.4956150000000000,255442.110300000000,51.59090791460627860300,能源储存装置,电子设备、仪器和元件
1776.HK,广发证券,已解禁,2026/01/14,2026/04/14,1,21900.000000000000,16.1200,353028.0000000000000000,782484.551100000000,2.79877730099762988200,证券及经纪,资本市场
8549.HK,金叶国际集团,已解禁,2025/10/10,2026/04/10,2,18000.0000000000000000,0.2250,4050.00000000000000000000,40000.000000000000,45.00000000000000000000,楼宇建造,建筑与工程
2276.HK,康耐特光学,已解禁,2026/02/03,2026/04/04,1,2700.0000000000000000,42.5000,114750.00000000000000000000,50692.500000000000,5.32623169107856191700,医疗设备及用品,专营零售
1815.HK,珠峰黄金,已解禁,2025/12/31,2026/03/31,2,2170.0000000000000000,1.0300,2235.10000000000000000000,138537.504000000000,1.56636285290660354300,黄金及贵金属,多品类零售
2625.HK,江苏宏信,已解禁,2025/03/31,2026/03/31,32,15828.4007000000000000,4.8800,77242.59541600000000000000,23563.956500000000,67.17208419562309071500,超市及便利店,日常消费品分销和零售
2583.HK,西普尼,已解禁,2025/09/30,2026/03/30,1,1205.3333000000000000,106.5000,128367.99645000000000000000,5882.5000000000000000,20.49015384615384615400,珠宝钟表,纺织品、服装与奢侈品
2259.HK,紫金黄金国际,已解禁,2025/09/30,2026/03/30,30,166196.419000000000,178.0000,29582962.5820000000000000,267633.930000000000,62.09841143834042268100,黄金及贵金属,金属与采矿
80020.HK,商汤-WR,已解禁,2025/12/29,2026/03/29,1,175000.000000000000,1.6500,288750.0000000000000000,4042403.800000000000,4.32910734944391255500,,软件
1662.HK,义合控股,已解禁,2025/09/30,2026/03/29,1,1500.0000000000000000,0.8900,1335.00000000000000000000,51500.000000000000,2.91262135922330097100,重型基建,建筑与工程
0020.HK,商汤-W,已解禁,2025/12/29,2026/03/29,1,175000.000000000000,1.8600,325500.0000000000000000,4042403.800000000000,4.32910734944391255500,数码解决方案服务,软件
2569.HK,舒宝国际,已解禁,2025/03/27,2026/03/27,1,30000.000000000000,1.0100,30300.0000000000000000,100000.000000000000,30.00000000000000000000,个人护理,纺织品、服装与奢侈品
9973.HK,奇瑞汽车,已解禁,2025/09/25,2026/03/25,13,14869.8500000000000000,27.7000,411894.84500000000000000000,580860.453300000000,2.55996942389880547200,汽车,汽车零部件
2610.HK,南山铝业国际,已解禁,2025/03/25,2026/03/25,3,32301.613500000000,57.7000,1863803.0989500000000000,62043.520000000000,52.06283186382719742500,铝,金属与采矿
6090.HK,不同集团,已解禁,2025/09/23,2026/03/23,13,5418.7565000000000000,74.0000,400987.98100000000000000000,9075.1378000000000000,59.70990875752872865500,家具,休闲设备与用品
2609.HK,佰泽医疗,已解禁,2025/06/23,2026/03/23,9,33231.556900000000,3.1400,104347.0886660000000000,131846.682300000000,25.20469709232873127800,医疗及医学美容服务,医疗保健提供商与服务
9678.HK,云知声,已解禁,2026/01/22,2026/03/23,1,78.0000000000000000,263.8000,20576.40000000000000000000,7297.5593000000000000,1.06885051280090317300,数码解决方案服务,信息技术服务
2565.HK,派格生物医药-B,已解禁,2025/12/22,2026/03/22,1,513.6000000000000000,59.5000,30559.20000000000000000000,39109.153200000000,1.31324755965311977100,生物技术,制药
2561.HK,维昇药业-B,已解禁,2025/03/21,2026/03/21,4,5126.7088000000000000,26.0200,133396.96297600000000000000,11392.6864000000000000,44.99999929779511880500,生物技术,制药
2595.HK,劲方医药-B,已解禁,2025/09/19,2026/03/19,19,3823.4000000000000000,26.0000,99408.40000000000000000000,37036.663000000000,10.32328425484768970700,药品,制药
0815.HK,中国白银集团,已解禁,2025/12/19,2026/03/19,1,2700.0000000000000000,0.4750,1282.50000000000000000000,303633.755900000000,0.88922919390070358100,黄金及贵金属,金属与采矿
2656.HK,健康160,已解禁,2025/09/17,2026/03/17,1,197.7062000000000000,151.0000,29853.63620000000000000000,33645.281000000000,0.58761940493229942100,药品分销,医疗保健技术
2525.HK,禾赛-W,已解禁,2025/09/16,2026/03/16,7,2492.4646000000000000,192.8000,480547.17488000000000000000,15714.2211000000000000,15.86120358202163771300,数码解决方案服务,电子设备、仪器和元件
6676.HK,找钢网-W,已解禁,2025/03/10,2026/03/10,1,3610.8114000000000000,1.3600,4910.70350400000000000000,107109.236100000000,3.37114849426136463700,钢铁,贸易公司与经销商
2543.HK,大行科工,已解禁,2025/09/09,2026/03/09,4,201.3800000000000000,29.4000,5920.57200000000000000000,3278.8841000000000000,6.14172364311382643900,玩具及消闲用品,休闲设备与用品
2097.HK,蜜雪集团,已解禁,2025/03/03,2026/03/03,1,4449.7247000000000000,333.4000,1483538.21498000000000000000,37961.880000000000,11.72156041797719185700,非酒精饮料,多品类零售
2580.HK,奥克斯电气,已解禁,2025/09/02,2026/03/02,6,88037.209000000000,11.4600,1008906.4151400000000000,158823.520000000000,55.43083858108673073100,家庭电器,家庭耐用消费品
2431.HK,佑驾创新,已解禁,2025/12/02,2026/03/02,1,1401.2800000000000000,12.5700,17614.08960000000000000000,42075.920000000000,3.33036092853109331900,数码解决方案服务,汽车零部件
9880.HK,优必选,已解禁,2025/12/02,2026/03/02,1,3146.8000000000000000,116.0000,365028.80000000000000000000,50340.137300000000,6.25107552100379352800,数码解决方案服务,电子设备、仪器和元件
3858.HK,佳鑫国际资源,已解禁,2025/08/28,2026/02/28,9,7136.7120000000000000,97.8500,698327.26920000000000000000,45570.000000000000,15.66098749177090190900,其他金属及矿物,金属与采矿
2570.HK,重塑能源,已解禁,2026/01/26,2026/02/25,1,453.6000000000000000,54.8500,24879.96000000000000000000,9323.3641000000000000,4.86519667294769706600,新能源物料,电子设备、仪器和元件
1378.HK,中国宏桥,已解禁,2025/11/25,2026/02/23,1,40000.000000000000,37.3000,1492000.0000000000000000,997870.584100000000,4.00853583995331644700,铝,金属与采矿
2629.HK,MIRXES-B,已解禁,2025/05/23,2026/02/23,33,14039.5344000000000000,22.9800,322628.50051200000000000000,29823.033100000000,47.07614531668812720500,生物技术,生物科技
1747.HK,HOME CONTROL,已解禁,2025/11/25,2026/02/23,1,2842.4000000000000000,4.5700,12989.76800000000000000000,53507.400000000000,5.31216242986951337600,消费电子产品,综合消费者服务
2631.HK,天岳先进,已解禁,2025/08/20,2026/02/20,5,1729.5200000000000000,57.0000,98582.64000000000000000000,48461.854400000000,3.56882752716123879900,半导体设备与材料,半导体产品与设备
8017.HK,捷利交易宝,已解禁,2025/11/19,2026/02/17,1,7000.0000000000000000,1.5200,10640.00000000000000000000,75000.000000000000,9.33333333333333333300,应用软件,资本市场
1364.HK,古茗,已解禁,2025/02/12,2026/02/12,1,70689.499800000000,28.9600,2047167.9142080000000000,237818.586000000000,29.72412753307683025200,非酒精饮料,多品类零售
2432.HK,越疆,已解禁,2025/11/13,2026/02/11,1,1666.0000000000000000,35.9400,59876.04000000000000000000,43995.540000000000,3.78674747485767875600,数码解决方案服务,电子设备、仪器和元件
2627.HK,中慧生物-B,已解禁,2025/08/11,2026/02/11,2,9673.9154000000000000,49.5400,479245.76891600000000000000,39344.260000000000,24.58786974262573498700,生物技术,制药
1333.HK,博雷顿,已解禁,2025/05/07,2026/02/07,2,350.6200000000000000,20.5000,7187.71000000000000000000,38965.176200000000,0.89982911459283995200,重型机械,机械制造
1530.HK,三生制药,已解禁,2025/08/01,2026/02/01,1,3114.2500000000000000,23.3000,72562.02500000000000000000,253800.541200000000,1.22704624082968661500,药品,生物科技
2562.HK,狮腾控股,已解禁,2024/07/30,2026/01/30,1,1419.5956000000000000,3.5400,5025.36842400000000000000,45820.124200000000,3.09819238770199579700,线上零售商,信息技术服务
6181.HK,老铺黄金,已解禁,2025/10/30,2026/01/28,1,371.1800000000000000,825.5000,306409.09000000000000000000,17638.8500000000000000,2.10433219852768179300,珠宝钟表,专营零售
9887.HK,维立志博-B,已解禁,2025/07/25,2026/01/25,17,1547.4500000000000000,56.0500,86734.57250000000000000000,19889.1800000000000000,7.78036098019123965900,生物技术,生物科技
3677.HK,正力新能,已解禁,2025/10/24,2026/01/22,1,4592.1000000000000000,9.0400,41512.58400000000000000000,255442.110300000000,1.79770672682232378200,能源储存装置,电子设备、仪器和元件
9880.HK,优必选,已解禁,2025/01/16,2026/01/16,1,1988.8800000000000000,133.2000,264918.81600000000000000000,50340.137300000000,3.95088314548558054900,数码解决方案服务,电子设备、仪器和元件
1541.HK,宜明昂科-B,已解禁,2025/10/16,2026/01/14,1,2420.0000000000000000,6.6700,16141.40000000000000000000,43150.769500000000,5.60824297698793065600,生物技术,生物科技
0805.HK,新吉奥房车,已解禁,2025/01/13,2026/01/13,1,28800.000000000000,1.1200,32256.0000000000000000,96000.000000000000,30.00000000000000000000,汽车,经销商
0325.HK,布鲁可,已解禁,2025/01/10,2026/01/10,1,7352.7073000000000000,67.9500,499616.46103500000000000000,24925.094500000000,29.49921533898296754700,玩具及消闲用品,休闲设备与用品
2530.HK,纽曼思,已解禁,2025/01/10,2026/01/10,1,30000.000000000000,0.6000,18000.0000000000000000,100000.000000000000,30.00000000000000000000,膳食补充品,专营零售
1304.HK,FORTIOR,已解禁,2025/07/09,2026/01/09,10,729.5700000000000000,130.0000,94844.10000000000000000000,11483.2780000000000000,6.35332524388941903200,半导体,半导体产品与设备
6613.HK,蓝思科技,已解禁,2025/07/09,2026/01/09,10,8247.1800000000000000,28.8000,237518.78400000000000000000,528432.759100000000,1.56068673979375931500,电子零件,电子设备、仪器和元件
1709.HK,德林控股,已解禁,2025/11/10,2026/01/09,1,6380.3000000000000000,1.9000,12122.57000000000000000000,206986.487700000000,3.08247174532833043500,证券及经纪,金融服务
2590.HK,极智嘉-W,已解禁,2025/07/09,2026/01/09,4,4266.2200000000000000,25.1000,107082.12200000000000000000,133728.699800000000,3.19020524867168416200,数码解决方案服务,商业服务与商业用品
2560.HK,海螺材料科技,已解禁,2025/01/09,2026/01/09,6,4039.6800000000000000,1.6800,6786.66240000000000000000,57989.400000000000,6.96623865740980248100,特殊化工用品,建筑材料
2597.HK,讯众通信,已解禁,2025/07/09,2026/01/09,1,955.6500000000000000,13.6700,13063.73550000000000000000,12175.4291000000000000,7.84900468107526493700,卫星及无线通讯,信息技术服务
9660.HK,地平线机器人-W,已解禁,2025/10/10,2026/01/08,1,63902.880000000000,9.6900,619218.9072000000000000,1465188.498500000000,4.36141015749312476600,数码解决方案服务,汽车零部件
6681.HK,脑动极光-B,已解禁,2025/01/08,2026/01/08,19,108516.600000000000,7.4900,812789.3340000000000000,126627.800000000000,85.69729553857841643000,医疗及医学美容服务,医疗保健提供商与服务
1828.HK,富卫集团,已解禁,2025/07/07,2026/01/07,14,84766.148700000000,38.5000,3263496.7249500000000000,127600.527700000000,66.43087628860958072700,保险,保险
9880.HK,优必选,已解禁,2025/01/05,2026/01/05,3,1894.4280000000000000,127.9000,242297.34120000000000000000,50340.137300000000,3.76325552850647469300,数码解决方案服务,电子设备、仪器和元件
2648.HK,安井食品,已解禁,2025/07/04,2026/01/04,6,1177.3800000000000000,67.3000,79237.67400000000000000000,33328.893200000000,3.53261055785674875000,包装食品,日常消费品分销和零售
2592.HK,拨康视云-B,已解禁,2025/07/03,2026/01/03,31,60608.178800000000,4.5100,273342.8863880000000000,84456.589200000000,71.76252246757793529300,生物技术,生物科技
1709.HK,德林控股,已解禁,2025/11/03,2026/01/02,1,25521.300000000000,2.2800,58188.5640000000000000,206986.487700000000,12.32993529364574072100,证券及经纪,金融服务
2565.HK,派格生物医药-B,已解禁,2025/11/26,2026/01/01,1,958.4500000000000000,69.0000,66133.05000000000000000000,39109.153200000000,2.45070506921637976000,生物技术,制药
0863.HK,OSL集团,已解禁,2025/10/02,2025/12/31,1,4751.8000000000000000,17.0000,80780.60000000000000000000,79459.535200000000,5.98015076232159988800,证券及经纪,信息技术服务
3896.HK,金山云,已解禁,2025/10/02,2025/12/31,1,33800.000000000000,5.5100,186238.0000000000000000,453178.480100000000,7.45843006325930788600,互联网服务及基础设施,信息技术服务
2506.HK,讯飞医疗科技,已解禁,2024/12/30,2025/12/30,12,2294.3922000000000000,75.2000,172538.29344000000000000000,12087.8233000000000000,18.98102034631826558900,医疗及医学美容服务,医疗保健技术
6603.HK,IFBH,已解禁,2025/06/30,2025/12/30,33,13849.4960000000000000,16.1000,222976.88560000000000000000,26666.680000000000,51.93558403220798389600,非酒精饮料,饮料
2577.HK,英诺赛科,已解禁,2024/12/30,2025/12/30,45,44422.878700000000,78.1500,3471647.9704050000000000,91510.065300000000,48.54425418052892592600,半导体,半导体产品与设备
3880.HK,泰德医药,已解禁,2025/06/30,2025/12/30,2,256.5000000000000000,30.1200,7725.78000000000000000000,14180.0000000000000000,1.80888575458392101600,药品,生物科技
9880.HK,优必选,已解禁,2024/12/29,2025/12/29,1,7040.0000000000000000,119.5000,841280.00000000000000000000,50340.137300000000,13.98486451883396035200,数码解决方案服务,电子设备、仪器和元件
6683.HK,巨星传奇,已解禁,2025/11/27,2025/12/27,1,5449.7972000000000000,6.0000,32698.78320000000000000000,95173.847700000000,5.72614991586601578600,非酒精饮料,经销商
2431.HK,佑驾创新,已解禁,2024/12/27,2025/12/27,32,27042.310800000000,12.4900,337758.4618920000000000,42075.920000000000,64.27027810681263772700,数码解决方案服务,汽车零部件
6883.HK,颖通控股,已解禁,2025/06/26,2025/12/26,1,59998.000000000000,2.1200,127195.7600000000000000,135800.000000000000,44.18114874815905743700,护肤与化妆品,个人护理用品
6168.HK,周六福,已解禁,2025/06/26,2025/12/26,9,12131.1435000000000000,27.5000,333606.44625000000000000000,44061.602800000000,27.53223380244351891800,其他零售商,纺织品、服装与奢侈品
2508.HK,圣贝拉集团,已解禁,2025/06/26,2025/12/26,23,36641.710000000000,4.0800,149498.1768000000000000,62219.650000000000,58.89089700761736846800,其他支援服务,医疗保健提供商与服务
2643.HK,曹操出行,已解禁,2025/06/25,2025/12/25,14,35938.882000000000,29.2000,1049415.3544000000000000,54464.283100000000,65.98614716733506403200,公共运输,软件
1718.HK,宏基集团控股,已解禁,2025/08/26,2025/12/24,1,2304.0000000000000000,0.2900,668.16000000000000000000,25344.000000000000,9.09090909090909090900,重型基建,建筑与工程
1333.HK,博雷顿,已解禁,2025/11/24,2025/12/24,1,1000.0000000000000000,25.0800,25080.00000000000000000000,38965.176200000000,2.56639414349677700200,重型机械,机械制造
1072.HK,东方电气,已解禁,2025/09/24,2025/12/23,1,6800.0000000000000000,25.9400,176392.00000000000000000000,345836.032600000000,1.96624971344874258800,环保工程,电气设备
2050.HK,三花智控,已解禁,2025/06/23,2025/12/23,17,19568.4000000000000000,33.1000,647714.04000000000000000000,420801.393500000000,4.65026977150445201700,工业零件及器材,家庭耐用消费品
2432.HK,越疆,已解禁,2024/12/23,2025/12/23,33,28671.461900000000,28.9000,828605.2489100000000000,43995.540000000000,65.16901917785302783000,数码解决方案服务,电子设备、仪器和元件
2617.HK,药捷安康-B,已解禁,2025/06/23,2025/12/23,6,2156.2339000000000000,138.2000,297991.52498000000000000000,39689.763300000000,5.43272048185784972900,生物技术,制药
2609.HK,佰泽医疗,已解禁,2025/06/23,2025/12/23,2,47100.502500000000,4.3000,202532.1607500000000000,131846.682300000000,35.72369185053054611400,医疗及医学美容服务,医疗保健提供商与服务
0376.HK,云锋金融,已解禁,2025/09/23,2025/12/22,1,19130.0000000000000000,3.4700,66381.10000000000000000000,405929.167300000000,4.71264485063771370900,保险,保险
2593.HK,草姬集团,已解禁,2024/12/19,2025/12/19,1,4000.0080000000000000,1.2000,4800.00960000000000000000,13333.3600000000000000,30.00000000000000000000,膳食补充品,医疗保健设备与用品
3288.HK,海天味业,已解禁,2025/06/19,2025/12/19,8,12858.0200000000000000,33.4000,429457.86800000000000000000,585182.494400000000,2.19726668570009089500,食品添加剂,食品
0815.HK,中国白银集团,已解禁,2025/09/17,2025/12/17,4,13666.8000000000000000,0.7300,9976.76400000000000000000,295433.755900000000,4.62601166151982025400,黄金及贵金属,金属与采矿
2105.HK,来凯医药-B,已解禁,2025/09/17,2025/12/16,1,3600.0000000000000000,15.6000,56160.00000000000000000000,44646.635000000000,8.06331764980720271500,生物技术,生物科技
1318.HK,毛戈平,已解禁,2024/12/10,2025/12/10,11,16086.0640000000000000,85.6500,1377771.38160000000000000000,49018.690000000000,32.81618501024813188600,护肤与化妆品,个人护理用品
2605.HK,元光科技,已解禁,2025/06/10,2025/12/10,11,7891.6468000000000000,3.0300,23911.68980400000000000000,15427.6537000000000000,51.15260527269937359300,广告及宣传,媒体
9881.HK,容大科技,已解禁,2025/06/10,2025/12/10,8,4737.0658000000000000,12.7100,60208.10631800000000000000,9473.3000000000000000,50.00438917800555244700,电脑及周边器材,电脑与外围设备
2268.HK,药明合联,已解禁,2025/09/10,2025/12/10,1,2227.7000000000000000,70.5000,157052.85000000000000000000,125507.459300000000,1.77495426361483201500,生物技术,制药
2573.HK,新琪安,已解禁,2025/06/10,2025/12/10,3,618.9172000000000000,8.5600,5297.93123200000000000000,9623.1234000000000000,6.43156254236540290000,食品添加剂,食品
2096.HK,先声药业,已解禁,2025/09/10,2025/12/09,1,12100.0000000000000000,13.8000,166980.00000000000000000000,259569.761800000000,4.66155992750924503100,药品,制药
6069.HK,盛业,已解禁,2025/09/10,2025/12/09,1,5628.6000000000000000,10.5500,59381.73000000000000000000,106532.579200000000,5.28345417173566375100,信贷,消费信贷
1787.HK,山东黄金,已解禁,2025/09/09,2025/12/08,1,13650.0000000000000000,33.7000,460005.00000000000000000000,460992.952500000000,2.96099971289691245300,黄金及贵金属,金属与采矿
2570.HK,重塑能源,已解禁,2024/12/06,2025/12/06,48,3582.9218000000000000,116.9000,418843.55842000000000000000,8869.7641000000000000,40.39478118702164807300,新能源物料,电子设备、仪器和元件
2586.HK,多点数智,已解禁,2024/12/06,2025/12/06,1,26600.703700000000,6.4600,171840.5459020000000000,93740.098600000000,28.37708099018363951200,数码解决方案服务,互动媒体与服务
2142.HK,和铂医药-B,已解禁,2025/09/05,2025/12/04,1,4502.2000000000000000,13.7400,61860.22800000000000000000,89379.352200000000,5.03718128312861054700,生物技术,制药
9926.HK,康方生物,已解禁,2025/09/04,2025/12/04,1,2355.0000000000000000,123.4000,290607.00000000000000000000,92114.317600000000,2.55660581477292515900,生物技术,制药
2228.HK,晶泰控股,已解禁,2025/09/04,2025/12/03,1,28592.000000000000,9.3400,267049.2800000000000000,430314.676100000000,6.64443989201882580200,生物技术,机械制造
1772.HK,赣锋锂业,已解禁,2025/09/02,2025/12/01,1,4002.5600000000000000,48.6200,194604.46720000000000000000,209449.660400000000,1.91098901395019879400,其他金属及矿物,金属与采矿
2621.HK,手回集团,已解禁,2025/05/30,2025/11/30,9,11449.5000000000000000,3.8900,44538.55500000000000000000,22637.860000000000,50.57677713352763909700,保险,保险
2585.HK,梦金园,已解禁,2024/11/29,2025/11/29,6,2430.6666000000000000,15.0600,36605.83899600000000000000,27302.346600000000,8.90277541198601588300,其他零售商,专营零售
2566.HK,九源基因,已解禁,2024/11/28,2025/11/28,10,6369.7985000000000000,7.8200,49811.82427000000000000000,24539.880000000000,25.95692603223813645400,药品,生命科学工具和服务
2603.HK,吉宏股份,已解禁,2025/05/27,2025/11/27,3,2024.0000000000000000,12.2000,24692.80000000000000000000,45040.528800000000,4.49373054430035910200,线上零售商,经销商
2565.HK,派格生物医药-B,已解禁,2025/05/27,2025/11/27,1,958.4500000000000000,70.0000,67091.50000000000000000000,38595.553200000000,2.48331717136781446600,生物技术,制药
9885.HK,药师帮,已解禁,2024/11/26,2025/11/26,10,2344.4067000000000000,6.7900,15918.52149300000000000000,68117.685800000000,3.44170045189644419800,药品分销,医疗保健技术
3692.HK,翰森制药,已解禁,2025/08/27,2025/11/25,1,10800.0000000000000000,39.8200,430056.00000000000000000000,605515.007000000000,1.78360567040413583000,药品,制药
1276.HK,恒瑞医药,已解禁,2025/05/23,2025/11/23,7,9377.3400000000000000,65.9500,618435.57300000000000000000,663719.987400000000,1.41284580516159999000,药品,生物科技
1672.HK,歌礼制药-B,已解禁,2025/08/25,2025/11/23,1,2882.0000000000000000,13.2600,38215.32000000000000000000,99895.853000000000,2.88500464578844929600,生物技术,制药
3390.HK,满贯集团,已解禁,2025/05/22,2025/11/22,1,9400.0000000000000000,0.2750,2585.00000000000000000000,89400.000000000000,10.51454138702460850100,药品分销,医疗保健提供商与服务
3750.HK,宁德时代,已解禁,2025/05/20,2025/11/20,23,7745.5400000000000000,483.0000,3741095.82000000000000000000,456308.267000000000,1.69743582576819718200,能源储存装置,电子设备、仪器和元件
