time,thscode,tradeDate,tradeTime,preClose,open,high,low,latest,latestAmount,latestVolume,avgPrice,change,changeRatio,amount,volume,turnoverRatio,sellVolume,buyVolume,pe_auto,pb,totalShares,totalCapital,earningsPerShare,priceDiff,sharesPerHand,expiryDate,tradeStatus,mv,vol_ratio,committee,commission_diff,pe_ttm,pbr_lf,swing,latest_price
2026-05-19 11:41:31,0068.HK,2026-05-19,11:41:31,19.35,19.6,21.08,18.64,19.0,9500.0,500.0,19.9189042359909,-0.3500000000000014,-1.808785529715769,111388106.0,5592080.0,0.3239533158435804,3084230.0,1949140.0,亏损,,1726199340.0,32797787460.0,-0.248,0.01,500.0,0.0,T21,32797787460.0,1.80074841,0.0,0.0,,,12.60981912144702,19.0
2026-05-19 11:41:37,0100.HK,2026-05-19,11:41:37,800.0,780.0,783.5,725.0,740.0,29600.0,40.0,746.8415981829698,-60.0,-7.5,364330990.0,487829.0,0.1555402046761903,282894.0,190863.0,亏损,,313635308.0,232090127920.0,-5.968,0.5,20.0,0.0,T21,232090127920.0,0.72841041,21.37931034,620.0,,,7.3125,740.0
2026-05-19 11:41:37,0300.HK,2026-05-19,11:41:37,91.7,91.7,91.9,89.9,89.95,44975.0,500.0,90.78739702335947,-1.75,-1.908396946564886,274859480.0,3027507.0,0.4651630909497372,1572808.0,1366416.0,12.133698593552,,7609297167.0,684456280171.65,1.666,0.05,100.0,0.0,T21,58543822575.0,0.8198754,-8.20143885,-11400.0,13.71624741,2.59749168,2.181025081788441,89.95
2026-05-19 11:40:03,0325.HK,2026-05-19,11:40:03,56.15,56.5,57.8,55.45,56.9,17070.0,300.0,56.6085593220339,0.75,1.335707925200356,10019715.0,177000.0,0.0710127698813739,70500.0,99600.0,19.816931450149,,249250945.0,14182378770.5,2.543,0.05,300.0,0.0,T21,14182378770.5,0.92806535,-57.14285714,-7200.0,20.08162777,4.436094,4.185218165627773,56.9
2026-05-19 11:41:37,0470.HK,2026-05-19,11:41:37,52.7,52.0,53.85,49.66,49.98,69972.0,1400.0,50.53175629590766,-2.720000000000006,-5.161290322580657,38525411.0,762400.0,0.7055444093194051,487700.0,228000.0,47.968632733805,,1674221434.0,83677587271.32,0.242,0.02,100.0,0.0,T21,5400758832.0,1.16038147,-62.61682243,-6700.0,46.20849269,4.12828794,7.9506641366224,49.98
2026-05-19 11:41:30,0501.HK,2026-05-19,11:41:30,89.25,89.95,89.95,84.5,87.35,17470.0,200.0,86.07104948805461,-1.900000000000006,-2.128851540616253,50437635.0,586000.0,1.154882334044789,304400.0,243400.0,49.326493718247,,1261200567.0,110165869527.45,0.399,0.05,100.0,0.0,T21,4432235085.0,1.35829221,-60.0,-5700.0,26.54489882,2.93589031,6.106442577030816,87.35
2026-05-19 11:41:37,0600.HK,2026-05-19,11:41:37,21.1,21.1,21.42,20.04,20.14,2014.0,100.0,20.45455247981546,-0.9600000000000009,-4.54976303317536,7093638.8,346800.0,0.05888579707702,219700.0,113300.0,亏损,,588936581.0,11861182741.34,-0.385,0.02,100.0,0.0,T21,11861182741.34,0.80138035,-58.67768595,-14200.0,,,6.540284360189586,20.14
2026-05-19 11:41:24,0638.HK,2026-05-19,11:41:24,11.45,11.54,11.65,11.22,11.29,11290.0,1000.0,11.4055421472937,-0.1600000000000001,-1.397379912663757,12854046.0,1127000.0,0.8343191674279428,713800.0,405400.0,234.77384554526,,899265844.0,10152711378.76,0.011,0.01,200.0,0.0,T21,1525055458.0,1.10826414,21.12676056,9000.0,37.40798622,1.4327974,3.755458515283841,11.29
2026-05-19 11:41:13,0664.HK,2026-05-19,11:41:13,18.91,18.5,18.9,18.02,18.89,3778.0,200.0,18.48,-0.0199999999999995,-0.1057641459545191,144144.0,7800.0,0.0125347113073589,3600.0,3500.0,22.845945323303,,64406800.0,1216644452.0,0.743,0.01,100.0,0.0,T21,1175471826.89,0.33760919,-18.75,-1200.0,22.8217825,2.38905602,4.653622421998937,18.89
2026-05-19 11:41:35,0699.HK,2026-05-19,11:41:35,18.2,18.0,18.37,17.7,17.82,8910.0,500.0,18.03786781730162,-0.379999999999999,-2.087912087912083,42848955.0,2375500.0,1.531592520954223,1333000.0,893500.0,15.470667718028,,1550770563.0,27634731432.66,0.259,0.01,500.0,0.0,T21,2763882000.0,0.98403765,-51.2195122,-31500.0,17.56210171,1.39009658,3.681318681318692,17.82
2026-05-19 11:41:38,0800.HK,2026-05-19,11:41:38,18.88,18.69,18.69,18.13,18.27,3654.0,200.0,18.35262127509434,-0.6099999999999994,-3.230932203389828,34226042.0,1864913.0,0.1815314144634532,951800.0,837600.0,亏损,,1027322464.0,18769181417.28,-0.379,0.01,100.0,0.0,T21,18769181417.28,0.91310797,-41.37931034,-4800.0,,2.31723319,2.966101694915266,18.27
2026-05-19 11:41:00,0805.HK,2026-05-19,11:41:00,1.42,1.4,1.44,1.39,1.39,2780.0,2000.0,1.404086021505376,-0.03,-2.11267605633803,261160.0,186000.0,0.019375,76000.0,90000.0,39.69043325462,,960000000.0,1334400000.0,0.032,0.01,2000.0,0.0,T21,1334400000.0,0.41254937,89.33333333,134000.0,38.85190297,3.53302289,3.521126760563384,1.39
2026-05-19 11:41:39,0917.HK,2026-05-19,11:41:39,13.61,13.61,14.95,13.6,14.53,1453.0,100.0,14.40322927678627,0.92,6.759735488611315,115809165.0,8040500.0,3.026095295013261,3262000.0,4259800.0,11.356630012963,,265705446.0,3860700130.38,1.075,0.01,100.0,0.0,T21,3860700130.38,3.87181145,61.77474403,18100.0,12.12430816,1.71873183,9.919177075679645,14.53
2026-05-19 11:41:16,0999.HK,2026-05-19,11:41:16,6.68,6.72,6.82,6.64,6.64,37184.0,5600.0,6.685720930232558,-0.04,-0.5988023952095813,1149944.0,172000.0,0.0146194008969512,115200.0,50400.0,9.8621660593141,,1176518800.0,7812084832.0,0.608,0.01,800.0,0.0,T21,7812084832.0,0.30831671,-2.38095238,-1600.0,9.80311117,2.87272123,2.694610778443123,6.64
2026-05-19 11:41:39,1021.HK,2026-05-19,11:41:39,17.78,17.78,18.16,17.47,17.87,3574.0,200.0,17.77565013404826,0.0899999999999998,0.5061867266591668,5304254.0,298400.0,0.0553577981903268,100800.0,154400.0,亏损,,557066580.0,9954779784.6,-0.054,0.01,200.0,0.0,T21,9632622998.6,0.66631663,-9.80392157,-1000.0,,17.04289033,3.880764904386959,17.87
2026-05-19 11:41:08,1187.HK,2026-05-19,11:41:08,31.9,31.7,35.4,31.52,32.12,19272.0,600.0,33.24672016183412,0.2199999999999988,0.6896551724137895,24652443.0,741500.0,2.746296296296297,356600.0,335200.0,15.494307286436,,235897000.0,7577011640.0,0.454,0.02,100.0,0.0,T21,867240000.0,4.29364266,41.17647059,1400.0,17.31861601,1.41169215,12.16300940438871,32.12
2026-05-19 11:41:14,1236.HK,2026-05-19,11:41:14,41.3,41.3,42.0,39.04,40.0,16000.0,400.0,39.99821722198183,-1.299999999999997,-3.147699757869243,9243588.0,231100.0,0.0693299861340027,62700.0,158200.0,亏损,,333333400.0,13333336000.0,-0.188,0.02,200.0,0.0,T21,13333336000.0,0.41423174,20.0,400.0,,32.50875504,7.167070217917678,40.0
2026-05-19 11:41:39,1276.HK,2026-05-19,11:41:39,63.2,63.4,63.75,61.55,61.55,12310.0,200.0,62.40831481391145,-1.650000000000006,-2.610759493670895,101068456.0,1619471.0,0.6272215543444246,831000.0,696411.0,40.508612293928,,6637199874.0,408519652244.7,0.344,0.05,200.0,0.0,T21,15892062280.0,0.55981826,-32.27513228,-24400.0,44.53733862,5.66041921,3.481012658227853,61.55
2026-05-19 11:41:30,1304.HK,2026-05-19,11:41:30,166.0,165.0,176.0,165.0,167.8,16780.0,100.0,170.9162990378796,1.800000000000011,1.084337349397597,77950822.0,456076.0,2.115772870662461,192000.0,244800.0,47.714382202526,,115114080.0,19316142624.0,0.767,0.1,100.0,0.0,T21,3617096800.0,1.45352478,-40.74074074,-1100.0,66.596173,3.27409859,6.626506024096386,167.8
2026-05-19 11:41:38,1318.HK,2026-05-19,11:41:38,58.85,58.85,59.4,58.0,58.65,5865.0,100.0,58.58554865571976,-0.2000000000000028,-0.3398470688190362,77276272.0,1319033.0,0.2690877703994129,589400.0,655000.0,21.498426389364,,490186900.0,28749461685.0,2.456,0.05,100.0,0.0,T21,28749461685.0,0.59493343,-30.82352941,-13100.0,21.42536462,5.52853539,2.378929481733218,58.65
2026-05-19 11:41:29,1333.HK,2026-05-19,11:41:29,16.62,16.4,16.79,16.2,16.26,22764.0,1400.0,16.48785020804438,-0.3599999999999994,-2.166064981949455,2377548.0,144200.0,0.0573949694646622,104000.0,36800.0,亏损,,389651762.0,6335737650.12,-0.818,0.01,200.0,0.0,T21,4085187294.06,0.32401104,-51.02040816,-5000.0,,7.21668752,3.549939831528278,16.26
2026-05-19 11:41:00,1334.HK,2026-05-19,11:41:00,2.41,2.36,2.46,2.34,2.45,24500.0,10000.0,2.422993762993763,0.04,1.6597510373444,2913650.0,1202500.0,0.2405,35000.0,1150000.0,215.57004663326,,500000000.0,1225000000.0,0.01,0.01,2500.0,0.0,T21,1225000000.0,1.75359762,-67.74193548,-52500.0,219.14797272,2.9454615,4.979253112033199,2.45
2026-05-19 11:41:00,1354.HK,2026-05-19,11:41:00,2.3,2.28,2.33,2.32,2.32,2784.0,1200.0,2.324123711340206,0.02,0.8695652173913052,135264.0,58200.0,0.3491972064223486,1500.0,56100.0,2.1516388427766,,66666800.0,154666976.0,0.959,0.01,300.0,0.0,T21,38666976.0,1.5576569,79.48717949,9300.0,2.17034875,0.43377129,0.4347826086956622,2.32
2026-05-19 11:41:30,1364.HK,2026-05-19,11:41:30,22.66,22.9,22.9,22.22,22.4,8960.0,400.0,22.3911286938026,-0.2600000000000015,-1.147396293027368,24275275.0,1084147.0,0.0455871434707798,435200.0,436400.0,15.553473358122,,2378185860.0,53271363264.0,1.307,0.02,400.0,0.0,T21,53271363264.0,0.48774316,40.98360656,20000.0,15.37501338,8.20812748,3.000882612533097,22.4
2026-05-19 11:41:39,1384.HK,2026-05-19,11:41:39,64.05,64.0,68.5,62.3,63.85,25540.0,400.0,65.2825954459018,-0.1999999999999957,-0.3122560499609613,267776150.0,4101800.0,1.255786328345049,2002200.0,1727200.0,亏损,,326632000.0,20855453200.0,-2.861,0.05,200.0,0.0,T21,20855453200.0,0.65533446,-3.44827586,-600.0,,22.55192612,9.679937548790013,63.85
2026-05-19 11:41:00,1471.HK,2026-05-19,11:41:00,10.92,,,,10.91,0.0,,,-0.0099999999999997,-0.0915750915750896,,,35300000.0,,,26.761604929872,,141195600.0,1540443996.0,0.366,0.01,100.0,0.0,T21,385123000.0,,-97.33333333,-7300.0,26.73709797,2.18430333,,10.91
2026-05-19 11:56:40,1511.HK,,,,,,,,0.0,,,,,,,,,,,,,0.0,,,,,,,,,,0.0,0.0,,
2026-05-19 11:40:24,1609.HK,2026-05-19,11:40:24,199.3,195.3,196.0,193.3,196.0,9800.0,50.0,194.4538461538461,-3.300000000000012,-1.655795283492229,3033480.0,15600.0,0.0284508802118729,12500.0,2400.0,71.592846605602,,54831344.0,10746943424.0,2.498,0.1,50.0,0.0,T21,10746943424.0,0.37720506,41.81818182,1150.0,70.40741563,15.82447441,1.35474159558454,196.0
2026-05-19 11:41:00,1641.HK,2026-05-19,11:41:00,6.44,6.44,6.44,6.35,6.36,117660.0,18500.0,6.367931034482758,-0.08,-1.242236024844722,184670.0,29000.0,0.1180471068200942,7500.0,21500.0,7.4406948325758,,98263000.0,624952680.0,0.777,0.01,500.0,0.0,T21,156242711.04,3.03166866,91.66666667,33000.0,7.34826384,0.65154004,1.397515527950322,6.36
2026-05-19 11:40:37,1768.HK,2026-05-19,11:40:37,427.6,423.6,424.2,414.0,421.0,42100.0,100.0,417.7651685393258,-6.600000000000023,-1.543498596819463,14872440.0,35600.0,0.0164877902749001,17900.0,14700.0,35.886743869928,,217837800.0,91709713800.0,10.692,0.2,100.0,0.0,T21,90901204771.0,1.1107839,25.0,400.0,35.33283248,10.1798726,2.385406922357341,421.0
2026-05-19 11:41:26,1828.HK,2026-05-19,11:41:26,30.5,30.5,30.5,30.14,30.2,9060.0,300.0,30.32673076923077,-0.3000000000000007,-0.9836065573770516,630796.0,20800.0,0.0016254799280283,6200.0,13400.0,48.210917510772,,1279622076.0,38644586695.2,0.081,0.02,100.0,0.0,T21,38644586695.2,0.30930029,31.54362416,9400.0,47.73671176,0.72827021,1.180327868852457,30.2
2026-05-19 11:41:39,1879.HK,2026-05-19,11:41:39,721.0,705.5,721.0,628.5,655.0,1719375.0,2625.0,663.4334562544432,-66.0,-9.153952843273233,189442760.0,285549.0,0.3715639034377569,148321.0,113514.0,亏损,,94037377.0,61594481935.0,-14.275,0.5,15.0,0.0,T21,50337127280.0,2.00636083,39.35483871,915.0,,,12.82940360610264,655.0
2026-05-19 11:41:29,1989.HK,2026-05-19,11:41:29,172.0,172.0,172.9,162.0,166.0,149400.0,900.0,165.3799519454348,-6.0,-3.488372093023256,106686607.0,645100.0,1.402391304347826,274800.0,310580.0,45.628570570821,,472492764.0,78433798824.0,0.831,0.1,100.0,0.0,T21,7636000000.0,0.97420252,-26.08695652,-2400.0,59.44071736,9.5921999,6.337209302325585,166.0
2026-05-19 11:41:29,2026.HK,2026-05-19,11:41:29,64.4,64.75,65.0,63.4,64.0,6400.0,100.0,64.20198156996588,-0.4000000000000057,-0.6211180124223691,9405590.3,146500.0,0.0337914552794896,82500.0,59900.0,亏损,,433541553.0,27746659392.0,-0.309,0.05,100.0,0.0,T21,27746659392.0,0.5333641,7.26256983,1300.0,,2.1573719,2.484472049689443,64.0
2026-05-19 11:41:38,2050.HK,2026-05-19,11:41:38,34.94,35.2,35.4,33.82,34.0,3400.0,100.0,34.40135906379818,-0.9399999999999976,-2.6903262736119,333862300.0,9704916.0,2.036552926492079,5074792.0,4114292.0,34.933425598184,,4208013935.0,143072473790.0,0.22,0.02,100.0,0.0,T21,16202237600.0,1.06331633,-23.4006734,-27800.0,31.02716543,3.86579928,4.522037779049795,34.0
2026-05-19 11:41:14,2097.HK,2026-05-19,11:41:14,262.6,263.0,266.8,262.2,262.6,26260.0,100.0,264.5969690040122,0.0,0.0,25455816.0,96206.0,0.063761963255013,43400.0,48300.0,15.195994634298,,379618800.0,99687896880.0,15.507,0.2,100.0,0.0,T21,39621891030.8,0.71315294,31.03448276,1800.0,15.19599463,3.6588076,1.75171363290176,262.6
2026-05-19 11:41:37,2228.HK,2026-05-19,11:41:37,8.17,8.24,8.43,8.02,8.03,8030.0,1000.0,8.234161270761179,-0.1400000000000005,-1.713586291309677,202322400.0,24571100.0,0.570973212741682,11718000.0,11392000.0,254.9500724144,,4303371761.0,34556075240.83,0.029,0.01,1000.0,0.0,T21,34556075240.83,1.26385049,19.03004744,361000.0,250.58128292,3.30453073,5.018359853121177,8.03
2026-05-19 11:41:38,2259.HK,2026-05-19,11:41:38,150.0,150.1,150.1,144.2,144.6,43380.0,300.0,145.8850862778866,-5.400000000000006,-3.600000000000004,310376940.0,2127544.0,0.0794945543713384,956341.0,1012537.0,32.202343212875,,2676339300.0,386998662780.0,0.598,0.1,100.0,0.0,T21,386998662780.0,1.07434695,21.75502742,11900.0,31.04305886,5.936761,3.933333333333337,144.6
2026-05-19 11:41:00,2396.HK,2026-05-19,11:41:00,5.6,5.6,5.6,5.6,5.59,5590.0,1000.0,5.6,-0.0099999999999997,-0.1785714285714247,5600.0,1000.0,0.0012044979083592,1000.0,0.0,亏损,,117657522.0,657705547.98,-1.776,0.01,200.0,0.0,T21,464093790.55,0.14925765,-18.18181818,-800.0,,0.94493132,0.0,5.59
2026-05-19 11:41:00,2408.HK,2026-05-19,11:41:00,4.23,4.2,4.22,4.19,4.19,6285.0,1500.0,4.198684210526316,-0.04,-0.945626477541372,159550.0,38000.0,0.0053469216435367,6500.0,31500.0,25.419407878938,,710689300.0,2977788167.0,0.149,0.01,500.0,0.0,T21,2977788167.000001,0.21153984,-90.41533546,-141500.0,25.17903523,3.25152888,0.7092198581560132,4.19
2026-05-19 11:41:39,2410.HK,2026-05-19,11:41:39,8.16,8.25,10.41,8.23,8.66,12990.0,1500.0,8.937877415103664,0.5,6.127450980392156,151918890.0,16997200.0,4.472172764560479,8514000.0,7617000.0,亏损,,380065818.0,3291369983.88,-0.789,0.01,500.0,0.0,T21,3291369983.88,14.54601698,23.33333333,7000.0,,10.30275457,26.7156862745098,8.66
2026-05-19 11:40:47,2431.HK,2026-05-19,11:40:47,8.01,8.11,8.67,8.05,8.22,8220.0,1000.0,8.280650087260035,0.2100000000000008,2.621722846441958,26570950.0,3208800.0,0.9688923358792464,1362400.0,1567400.0,亏损,,420759200.0,3458640624.0,-0.951,0.01,200.0,0.0,T21,2722318571.76,2.36628336,21.77985948,18600.0,,2.76921795,7.740324594257168,8.22
2026-05-19 11:41:34,2432.HK,2026-05-19,11:41:34,32.86,33.22,33.24,31.8,32.1,6420.0,200.0,32.37982008445016,-0.759999999999998,-2.312842361533774,35274576.0,1089400.0,0.3873893907544405,558000.0,457600.0,亏损,,439955400.0,14122568340.0,-0.19,0.02,200.0,0.0,T21,12640933358.7,0.96701894,48.09160305,12600.0,,4.83120629,4.382227632379797,32.1
2026-05-19 11:40:33,2438.HK,2026-05-19,11:40:33,0.41,0.405,0.415,0.4,0.41,410.0,1000.0,0.4060647359454855,0.0,0.0,238360.0,587000.0,0.0378992245235001,266000.0,321000.0,亏损,,1548844356.0,635026185.96,-0.045,0.005,1000.0,0.0,T21,635026185.9599999,0.90008975,76.96044414,1109000.0,,2.4374606,3.658536585365844,0.41
2026-05-19 11:40:49,2443.HK,2026-05-19,11:40:49,1.7,1.85,1.85,1.68,1.68,336.0,200.0,1.719748878923767,-0.02,-1.176470588235295,383504.0,223000.0,0.0267815614709109,185400.0,37600.0,153.66727345031,,832662428.0,1398872879.04,0.01,0.01,200.0,0.0,T21,1398872879.04,0.78219279,61.27612761,111400.0,151.85942317,1.35397475,10.00000000000001,1.68
2026-05-19 11:41:00,2453.HK,2026-05-19,11:41:00,1.33,1.35,1.38,1.33,1.33,5054.0,3800.0,1.347243816254417,0.0,0.0,76254.0,56600.0,0.018032677914096,21400.0,35200.0,亏损,,783662016.0,1042270481.28,-0.327,0.01,200.0,0.0,T21,417453249.92,0.58792029,55.81395349,28800.0,,0.51100944,3.759398496240588,1.33
2026-05-19 11:41:17,2460.HK,2026-05-19,11:41:17,8.14,8.14,8.24,8.11,8.18,8180.0,1000.0,8.171659044715447,0.0399999999999991,0.4914004914004809,6432730.0,787200.0,0.032824665000359,207600.0,561600.0,17.777943853099,,2398196600.0,19617248188.0,0.411,0.01,200.0,0.0,T21,19617248188.0,0.63813602,-49.07677357,-101000.0,17.86530476,1.6406701,1.597051597051606,8.18
2026-05-19 11:41:39,2465.HK,2026-05-19,11:41:39,16.21,16.34,16.34,15.21,15.23,38075.0,2500.0,15.51105727844609,-0.9800000000000004,-6.04565083281925,70272845.0,4530500.0,3.775416666666666,2628500.0,1718000.0,12.975934132675,,778194306.0,11851899280.38,0.275,0.01,500.0,0.0,T21,1827600000.0,0.96718367,14.94252874,6500.0,146.73916225,3.43298749,6.971005552128309,15.23
2026-05-19 11:41:38,2476.HK,2026-05-19,11:41:38,368.8,365.0,383.0,358.0,376.4,37640.0,100.0,370.0241403114852,7.599999999999966,2.060737527114958,1305184300.0,3527295.0,3.200013608219365,1531089.0,1718337.0,62.001387537093,,982784813.0,369920203613.2,1.311,0.2,100.0,0.0,T21,41489631000.0,2.0216027,70.83333333,3400.0,70.06623551,18.73814932,6.778741865509762,376.4
2026-05-19 11:41:26,2477.HK,2026-05-19,11:41:26,5.06,5.1,5.27,4.84,4.88,11712.0,2400.0,4.976482226154094,-0.1799999999999997,-3.557312252964421,99004128.0,19894400.0,0.4973599999999999,7741600.0,11021600.0,1184.2879349426,,4000000000.0,19520000000.0,0.004,0.01,800.0,0.0,T21,19520000000.0,0.55204626,52.72045028,224800.0,1142.15911512,81.54481383,8.498023715415016,4.88
2026-05-19 11:41:00,2479.HK,2026-05-19,11:41:00,65.0,,,,65.0,0.0,,,0.0,0.0,,,50118200.0,,,,,50118200.0,3257683000.0,0.173,,50.0,0.0,T11,3257683000.0,,,,82.73611017,3.07758365,,65.0
2026-05-19 11:41:34,2493.HK,2026-05-19,11:41:34,24.86,24.86,25.2,24.28,24.34,4868.0,200.0,24.62367213114754,-0.5199999999999996,-2.091713596138373,3004088.0,122000.0,0.2588573780718096,82800.0,33800.0,亏损,,446730200.0,10873413068.0,-0.542,0.02,200.0,0.0,T21,1147149068.0,0.30644253,48.51485149,9800.0,,89.74401501,3.700724054706348,24.34
2026-05-19 11:41:23,2495.HK,2026-05-19,11:41:23,47.44,47.46,49.48,47.46,48.26,965.2,20.0,48.24619148936171,0.8200000000000003,1.72849915682968,907028.4,18800.0,0.0575595797526095,12120.0,5460.0,12.461145647659,,39659059.0,1913946187.34,3.416,0.02,20.0,0.0,T21,1576258902.34,0.62393101,-4.54545455,-40.0,12.67653645,1.01572488,4.258010118043837,48.26
2026-05-19 11:41:00,2497.HK,2026-05-19,11:41:00,0.62,0.6,0.6,0.6,0.59,4720.0,8000.0,0.59,-0.03,-4.838709677419359,4720.0,8000.0,0.0015999999999999,8000.0,0.0,4.3886818217571,,500000000.0,295000000.0,0.127,0.01,2000.0,0.0,T21,295000000.0,0.34250703,-29.62962963,-96000.0,4.17632625,0.48919285,0.0,0.59
2026-05-19 11:41:31,2498.HK,2026-05-19,11:41:31,32.88,32.8,32.8,31.94,32.14,12856.0,400.0,32.18360896702533,-0.740000000000002,-2.250608272506089,88894990.0,2762120.0,0.5701340123927507,1637620.0,1045100.0,亏损,,484468553.0,15570819293.42,-0.301,0.02,100.0,0.0,T21,15570819293.42,0.74135826,-30.27027027,-11200.0,,3.6879835,2.615571776155705,32.14
2026-05-19 11:41:00,2503.HK,2026-05-19,11:41:00,0.255,0.255,0.26,0.25,0.255,95880.0,376000.0,0.253219696969697,0.0,0.0,267400.0,1056000.0,0.0922848068049642,592000.0,464000.0,亏损,,1144283698.0,291792342.99,-0.032,0.001,4000.0,0.0,T21,291792342.99,1.28305845,-52.46636771,-936000.0,,0.47107412,3.921568627450984,0.255
2026-05-19 11:41:00,2505.HK,2026-05-19,11:41:00,0.83,0.84,0.84,0.84,0.84,1680.0,2000.0,0.84,0.01,1.204819277108435,22680.0,27000.0,0.0058275592832749,25000.0,0.0,亏损,,463315750.0,389185230.0,-0.026,0.01,1000.0,0.0,T21,389185230.0,0.22833802,25.92592593,7000.0,,0.67421446,0.0,0.84
2026-05-19 11:41:00,2506.HK,2026-05-19,11:41:00,76.15,76.05,76.55,75.25,76.1,19025.0,250.0,75.74570731707317,-0.0500000000000113,-0.0656598818122276,3881967.5,51250.0,0.0663026064932413,18600.0,30050.0,亏损,,120878233.0,9198833531.3,-0.536,0.05,50.0,0.0,T21,5882310223.2,0.80813235,-28.57142857,-400.0,,9.20671177,1.707156927117528,76.1
2026-05-19 11:41:38,2507.HK,2026-05-19,11:41:38,32.1,32.0,32.22,31.34,31.62,9486.0,300.0,31.67339657444005,-0.4800000000000004,-1.49532710280374,12020054.0,379500.0,0.1036916925696893,211700.0,139600.0,10.867673147898,,365988818.0,11572566425.16,0.38,0.02,100.0,0.0,T21,11572566425.16,0.62780505,-34.3373494,-11400.0,10.70516589,1.68135587,2.74143302180685,31.62
2026-05-19 11:41:29,2508.HK,2026-05-19,11:41:29,3.89,3.71,3.98,3.7,3.73,3730.0,1000.0,3.750233393177738,-0.1600000000000001,-4.113110539845763,1044440.0,278500.0,0.0447607789500583,219000.0,53500.0,24.217581880561,,622196500.0,2320792945.0,0.144,0.01,500.0,0.0,T21,2320792945.0,1.12483965,49.46236559,46000.0,23.22148597,2.11668939,7.197943444730072,3.73
2026-05-19 11:40:13,2509.HK,2026-05-19,11:40:13,16.35,16.76,17.54,16.2,16.25,39000.0,2400.0,16.33394666666667,-0.1000000000000014,-0.6116207951070424,1225046.0,75000.0,0.0330292295469798,37200.0,26400.0,10.59468074991,,227071600.0,3689913500.0,1.385,0.01,200.0,0.0,T21,3689913500.0,0.80806708,94.40559441,27000.0,10.52988148,4.7708687,8.195718654434248,16.25
2026-05-19 11:41:28,2510.HK,2026-05-19,11:41:28,8.43,8.57,8.57,8.41,8.52,8520.0,1000.0,8.48341138732959,0.0899999999999998,1.067615658362988,10578814.0,1247000.0,0.0748935004813724,569000.0,654000.0,5.4825408615087,,1665031000.0,14186064120.0,0.198,0.01,1000.0,0.0,T21,14186064120.0,1.19252295,35.71428571,110000.0,5.54107333,0.85938271,1.897983392645317,8.52
2026-05-19 11:41:00,2512.HK,2026-05-19,11:41:00,3.25,,,,3.25,0.0,,,0.0,0.0,,,505985000.0,,,127.77194872474,,505985000.0,1644451250.0,0.023,0.01,1000.0,0.0,T21,1644451250.0,,-95.55555556,-43000.0,127.77194872,3.00968237,,3.25
2026-05-19 11:41:38,2513.HK,2026-05-19,11:41:38,1137.0,1118.0,1137.0,975.0,1002.0,200400.0,200.0,1024.334537861723,-135.0,-11.87335092348285,772165910.0,753822.0,0.3406110500479622,460393.0,255775.0,亏损,,445843090.0,446734776180.0,-10.538,0.5,100.0,0.0,T21,221757234210.0,1.21721258,-48.38709677,-1500.0,,,14.24802110817942,1002.0
2026-05-19 11:40:35,2515.HK,2026-05-19,11:40:35,1.02,1.15,1.15,1.13,1.13,11300.0,10000.0,0.9004874142743654,0.1099999999999998,10.78431372549018,15112005.0,16782028.0,6.480729810672911,0.0,34000.0,亏损,,258952749.0,292616606.37,-0.187,0.01,2000.0,0.0,T21,292616606.37,135.32997408,-25.0,-52000.0,,0.93663687,1.960784313725492,1.13
2026-05-19 11:41:00,2519.HK,2026-05-19,11:41:00,4.81,,,,4.81,0.0,,,0.0,0.0,,,414787676.0,,,11.121589001068,,415205916.0,1997140455.96,0.388,0.01,300.0,0.0,T21,1995128721.56,,100.0,,11.121589,0.5721196,,4.81
2026-05-19 11:41:07,2522.HK,2026-05-19,11:41:07,7.85,7.85,8.23,7.74,7.8,11700.0,1500.0,7.891597139451728,-0.0499999999999998,-0.6369426751592334,3310525.0,419500.0,0.1426249437175453,277500.0,120500.0,753.77252677858,,401061832.0,3128282289.6,0.009,0.01,500.0,0.0,T21,2294198977.2,0.62236029,75.36231884,52000.0,748.97142788,1.40943359,6.242038216560513,7.8
2026-05-19 11:41:29,2525.HK,2026-05-19,11:41:29,176.4,173.7,174.7,168.5,169.8,71316.0,420.0,170.5188669961926,-6.599999999999994,-3.741496598639453,67581231.0,396327.0,0.2522091279471688,189780.0,186780.0,57.066783473438,,157142211.0,26682747427.8,2.774,0.1,20.0,0.0,T21,26563518622.2,0.89338786,26.31578947,2200.0,54.93163171,2.67264841,3.514739229024937,169.8
2026-05-19 11:41:05,2526.HK,2026-05-19,11:41:05,311.8,314.0,316.4,295.2,300.0,30000.0,100.0,305.0860670658683,-11.80000000000001,-3.784477228992948,12737343.3,41750.0,0.0469738701518465,23500.0,13000.0,亏损,,88879200.0,26663760000.0,-0.755,0.2,50.0,0.0,T21,26663760000.0,0.49983204,55.55555556,1000.0,,144.37247404,6.799230275817828,300.0
2026-05-19 11:41:00,2529.HK,2026-05-19,11:41:00,2.92,,,,2.92,0.0,,,0.0,0.0,,,40000000.0,,,5.6367518071002,,160000000.0,467200000.0,0.465,0.01,1000.0,0.0,T21,116800000.0,,-35.71428571,-10000.0,5.63675181,1.01735075,,2.92
2026-05-19 11:41:00,2530.HK,2026-05-19,11:41:00,0.52,0.5,0.5,0.49,0.49,7840.0,16000.0,0.4958333333333333,-0.03,-5.769230769230775,47600.0,96000.0,0.0096,80000.0,16000.0,84.793532314619,,1000000000.0,490000000.0,0.006,0.005,8000.0,0.0,T21,490000000.0,1.64403375,-8.77192982,-40000.0,79.90159776,0.88805194,1.923076923076925,0.49
2026-05-19 11:41:00,2531.HK,2026-05-19,11:41:00,3.88,,,,3.88,0.0,,,0.0,0.0,,,366600000.0,,,61.542386128189,,366600000.0,1422408000.0,0.057,0.01,500.0,0.0,T21,1422408000.0,,60.0,1500.0,61.54238613,1.89080114,,3.88
2026-05-19 11:41:37,2533.HK,2026-05-19,11:41:37,16.32,16.32,16.4,15.81,15.99,4797.0,300.0,16.026418285959,-0.33,-2.022058823529412,29938952.0,1868100.0,0.2615311372278656,1058100.0,800500.0,亏损,,714293533.0,11421553592.67,-1.995,0.01,100.0,0.0,T21,11421553592.67,0.99510725,-34.32465923,-55400.0,,,3.615196078431361,15.99
2026-05-19 11:41:00,2535.HK,2026-05-19,11:41:00,0.6,0.56,0.59,0.56,0.59,17700.0,30000.0,0.5843243243243244,-0.01,-1.666666666666668,216200.0,370000.0,0.0185,70000.0,270000.0,74.469405485913,,2000000000.0,1180000000.0,0.008,0.01,10000.0,0.0,T21,1180000000.0,0.08810188,10.86956522,100000.0,73.22824873,4.38430271,4.999999999999987,0.59
2026-05-19 11:41:00,2536.HK,2026-05-19,11:41:00,1.4,1.29,1.44,1.29,1.44,50400.0,35000.0,1.411935483870968,0.04,2.85714285714286,350160.0,248000.0,0.0307465713853562,4000.0,244000.0,48.652804825506,,806594000.0,1161495360.0,0.014,0.01,1000.0,0.0,T21,1161495360.0,0.15522681,33.33333333,17000.0,102.75991861,2.02129259,10.71428571428571,1.44
2026-05-19 11:41:39,2539.HK,2026-05-19,11:41:39,15.9,16.4,16.91,16.4,16.9,13520.0,800.0,16.68137931034483,0.9999999999999982,6.289308176100618,48376.0,2900.0,0.0124859963093117,1400.0,1500.0,8.4566939330429,,55555600.0,938889640.0,1.687,0.01,100.0,0.0,T21,392519738.0,0.34691429,-75.51020408,-3700.0,8.98856148,1.68483512,3.20754716981133,16.9
2026-05-19 11:41:24,2540.HK,2026-05-19,11:41:24,0.86,0.86,0.89,0.84,0.87,2175.0,2500.0,0.8490697674418605,0.01,1.16279069767442,456375.0,537500.0,0.1075,480000.0,57500.0,9.7252208068412,,500000000.0,435000000.0,0.079,0.01,2500.0,0.0,T21,435000000.0,2.79358921,56.8627451,507500.0,9.83830477,0.60138224,5.813953488372099,0.87
2026-05-19 11:41:00,2543.HK,2026-05-19,11:41:00,30.2,30.2,31.16,30.2,30.8,30800.0,1000.0,30.79286585365854,0.6000000000000014,1.986754966887422,1010006.0,32800.0,0.3627917265789183,16300.0,16300.0,13.991253674477,,32788841.0,1009896302.8,1.937,0.02,100.0,0.0,T21,278462800.0,1.53727318,-41.93548387,-1300.0,14.2692256,1.7160153,3.178807947019871,30.8
2026-05-19 11:41:00,2545.HK,2026-05-19,11:41:00,0.4,,,,0.4,0.0,,,0.0,0.0,,,640000000.0,,,30.072002711743,,640000000.0,256000000.0,0.012,0.005,2000.0,0.0,T21,256000000.0,,23.7804878,156000.0,30.07200271,0.53232245,,0.4
2026-05-19 11:41:00,2546.HK,2026-05-19,11:41:00,15.76,15.24,15.61,15.14,15.46,30920.0,2000.0,15.28796460176991,-0.2999999999999989,-1.903553299492379,1727540.0,113000.0,0.0926594069797953,108000.0,5000.0,45.978203059051,,487805659.0,7541475488.14,0.308,0.01,1000.0,0.0,T21,1885377920.0,0.76760187,50.0,6000.0,45.10298346,4.14331224,2.982233502538064,15.46
2026-05-19 11:40:36,2549.HK,2026-05-19,11:40:36,4.66,4.66,4.78,4.62,4.63,6945.0,1500.0,4.671835205992509,-0.0300000000000002,-0.64377682403434,623690.0,133500.0,0.0240539413689233,110500.0,21500.0,9.0021617144026,,555002600.0,2569662038.0,0.465,0.01,500.0,0.0,T21,2569662038.0,3.60111537,64.0,16000.0,8.94420788,1.6384834,3.433476394849788,4.63
2026-05-19 11:41:00,2550.HK,2026-05-19,11:41:00,2.0,2.0,2.07,1.95,2.07,1035.0,500.0,2.022753737214792,0.0699999999999998,3.499999999999992,1285460.0,635500.0,0.1405804742317605,195000.0,423500.0,24.95067666505,,452054244.0,935752285.08,0.072,0.01,500.0,0.0,T21,935752285.08,1.77018776,-24.37223043,-165000.0,25.82395035,0.88136053,5.999999999999995,2.07
2026-05-19 11:41:00,2551.HK,2026-05-19,11:41:00,2.38,2.37,2.37,2.27,2.29,245030.0,107000.0,2.272941176470588,-0.0899999999999998,-3.781512605042011,270480.0,119000.0,0.0468233609522829,117000.0,0.0,18.49115265758,,537146709.0,1230065963.61,0.116,0.01,1000.0,0.0,T21,581995812.47,4.27849943,25.20325203,31000.0,17.79190739,0.83414986,4.201680672268911,2.29
2026-05-19 11:41:37,2555.HK,2026-05-19,11:41:37,5.53,5.56,5.62,5.5,5.52,3312.0,600.0,5.532469416288011,-0.0100000000000006,-0.1808318264014588,6331358.0,1144400.0,0.0774481235799725,696600.0,330600.0,9.109838298515,,1477634250.0,8156541060.0,0.545,0.01,200.0,0.0,T21,8156541059.999999,1.30675648,30.22452504,35000.0,9.09336481,1.84099138,2.169981916817362,5.52
2026-05-19 11:41:32,2556.HK,2026-05-19,11:41:32,42.26,42.32,45.28,42.04,44.86,4486.0,100.0,44.13907445628519,2.600000000000001,6.15238996687175,314371730.0,7122300.0,2.779218316314167,2987500.0,3673500.0,109.26327529156,,256269900.0,11496267714.0,0.347,0.02,100.0,0.0,T21,11496267714.0,3.23412091,69.15422886,13900.0,115.98557808,5.53405575,7.666824420255566,44.86
2026-05-19 11:40:52,2559.HK,2026-05-19,11:40:52,1.22,1.22,1.22,1.12,1.21,1210.0,1000.0,1.161817391304348,-0.01,-0.8196721311475417,668045.0,575000.0,0.0564644218929689,410500.0,164000.0,8.5879627842867,,1018340365.0,1232191841.65,0.128,0.01,500.0,0.0,T21,1232191841.65,1.37241242,29.89352989,182500.0,8.51756965,0.7554008,8.1967213114754,1.21
2026-05-19 11:41:00,2560.HK,2026-05-19,11:41:00,1.74,1.74,1.75,1.73,1.74,1740.0,1000.0,1.74,0.0,0.0,45240.0,26000.0,0.0140259415182973,14000.0,12000.0,8.2785557377915,,579894000.0,1009015560.0,0.189,0.01,1000.0,0.0,T21,322545192.0,0.42405632,-14.60674157,-26000.0,8.27855574,0.65845669,1.149425287356323,1.74
2026-05-19 11:41:00,2561.HK,2026-05-19,11:41:00,23.68,23.3,23.5,22.22,22.94,2294.0,100.0,22.48434782608696,-0.7399999999999984,-3.124999999999993,103428.0,4600.0,0.0040376780668692,4000.0,500.0,亏损,,113926864.0,2613482260.16,-2.224,0.02,100.0,0.0,T21,2613482260.16,0.32877666,76.0,1900.0,,3.07746205,5.405405405405411,22.94
2026-05-19 11:41:39,2562.HK,2026-05-19,11:41:39,2.43,2.46,2.8,2.42,2.55,1275.0,500.0,2.640470884688944,0.1199999999999996,4.938271604938257,202883580.0,76836136.0,16.70745503498008,37745500.0,37300000.0,亏损,,459891323.0,1172722873.65,-0.112,0.01,500.0,0.0,T21,1172722873.65,4.08573782,43.20767343,968500.0,,2.56321806,15.63786008230452,2.55
2026-05-19 11:41:00,2563.HK,2026-05-19,11:41:00,4.41,4.41,4.41,4.41,4.41,2646.0,600.0,4.41,0.0,0.0,2646.0,600.0,0.0001645693220841,600.0,0.0,亏损,,364588000.0,1607833080.0,-0.361,0.01,200.0,0.0,T21,1607833080.0,0.07904008,20.0,200.0,,2.16608041,0.0,4.41
2026-05-19 11:41:39,2565.HK,2026-05-19,11:41:39,18.61,21.4,26.8,17.42,19.62,91233.0,4650.0,21.28212642028847,1.010000000000002,5.427189682966156,800914520.0,37633200.0,13.2371280781343,18098500.0,15888750.0,亏损,,391091532.0,7673215857.84,-0.533,0.01,50.0,0.0,T21,5577972651.18,6.90154585,36.93693694,8200.0,,15.3527255,50.40300913487372,19.62
2026-05-19 11:41:00,2566.HK,2026-05-19,11:41:00,6.7,6.7,6.7,6.7,6.7,16080.0,2400.0,6.7,0.0,0.0,16080.0,2400.0,0.00097799989242,2400.0,0.0,10.659775998719,,245398800.0,1644171960.0,0.564,0.01,200.0,0.0,T21,1644171960.0,0.26337809,78.72340426,7400.0,10.659776,0.89513455,0.0,6.7
2026-05-19 11:41:33,2567.HK,2026-05-19,11:41:33,0.46,0.47,0.47,0.435,0.44,8800.0,20000.0,0.4451576782449726,-0.02,-4.347826086956525,974005.0,2188000.0,0.1092077792923757,1111000.0,906000.0,亏损,,2003520275.0,881548921.0,-0.029,0.005,1000.0,0.0,T21,881548921.0,0.37642633,30.86419753,725000.0,,2.20035079,7.608695652173908,0.44
2026-05-19 11:41:00,2569.HK,2026-05-19,11:41:00,1.07,,,,1.07,0.0,,,0.0,0.0,,,1000000000.0,,,17.19141882007,,1000000000.0,1070000000.0,0.056,0.01,5000.0,0.0,T21,1070000000.0,,21.21212121,35000.0,17.19141882,1.91541623,,1.07
2026-05-19 11:41:37,2570.HK,2026-05-19,11:41:37,39.44,39.26,40.02,38.06,38.54,770.8,20.0,39.12309095187669,-0.8999999999999986,-2.281947261663282,13300286.0,339960.0,0.547003288117924,128380.0,191080.0,亏损,,93233641.0,3593224524.14,-6.466,0.02,20.0,0.0,T21,2395243078.9,1.50229596,88.46153846,5520.0,,1.79325267,4.969574036511159,38.54
2026-05-19 11:41:00,2571.HK,2026-05-19,11:41:00,13.94,13.88,13.88,13.88,13.88,11104.0,800.0,13.88,-0.0599999999999987,-0.4304160688665619,11104.0,800.0,0.0023999952000096,,,29.643010025435,,133333400.0,1850667592.0,0.422,0.01,200.0,0.0,T21,462667592.0,0.88239099,38.70967742,4800.0,29.51542175,1.84556464,0.0,13.88
2026-05-19 11:41:00,2573.HK,2026-05-19,11:41:00,4.95,4.95,4.95,4.88,4.88,1952.0,400.0,4.902291666666667,-0.0700000000000002,-1.41414141414142,47062.0,9600.0,0.0099759710033438,9200.0,400.0,32.73182560187,,96231234.0,469608421.92,0.136,0.01,200.0,0.0,T21,469608421.92,0.98074227,-62.16216216,-4600.0,32.2689513,0.63630634,1.41414141414142,4.88
2026-05-19 11:41:39,2575.HK,2026-05-19,11:41:39,19.31,19.61,22.5,19.61,19.88,9940.0,500.0,20.50588726207906,0.5700000000000003,2.951838425686175,70027605.0,3415000.0,0.6593328644186319,1757500.0,1287000.0,亏损,,517947790.0,10296802065.2,-0.474,0.01,500.0,0.0,T21,10296802065.2,4.05347442,9.09090909,1000.0,,6.74310904,14.96633868461937,19.88
2026-05-19 11:41:38,2576.HK,2026-05-19,11:41:38,4.74,4.79,4.79,4.49,4.52,39776.0,8800.0,4.690116054158607,-0.2200000000000006,-4.641350210970478,1454874.0,310200.0,0.1546418480093673,4800.0,305400.0,亏损,,563779000.0,2548281080.0,-0.076,0.01,200.0,0.0,T21,906678249.16,1.32650016,-55.88235294,-7600.0,,2.03828474,6.329113924050629,4.52
2026-05-19 11:41:39,2577.HK,2026-05-19,11:41:39,71.45,70.5,70.65,65.0,66.1,6610.0,100.0,66.72640144193944,-5.350000000000009,-7.487753673897843,409445210.0,6136180.0,1.167592598218187,3338700.0,2615183.0,亏损,,915100653.0,60488153163.3,-0.919,0.05,100.0,0.0,T21,34738272460.70001,0.62640909,42.81045752,26200.0,,12.89098679,7.907627711686502,66.1
2026-05-19 11:41:37,2579.HK,2026-05-19,11:41:37,36.98,37.56,37.56,35.4,35.86,14344.0,400.0,36.09411461212457,-1.119999999999998,-3.028664142779874,39176552.0,1085400.0,1.041396818817678,554800.0,480400.0,15.29744323909,,1042253858.0,37375223347.88,0.533,0.02,200.0,0.0,T21,3737522844.0,1.44468422,-58.69565217,-10800.0,18.22757146,1.34856201,5.840995132504067,35.86
2026-05-19 11:41:12,2580.HK,2026-05-19,11:41:12,9.94,9.9,10.1,9.89,10.06,4024.0,400.0,10.01770776874436,0.120000000000001,1.207243460764598,8871682.0,885600.0,0.0557600033042964,346800.0,508600.0,6.3384909404176,,1588235200.0,15977646112.0,1.407,0.01,200.0,0.0,T21,15977646112.0,0.94518867,52.70655271,74000.0,6.41501196,1.43973544,2.112676056338019,10.06
2026-05-19 11:41:00,2581.HK,2026-05-19,11:41:00,3.14,,,,3.14,0.0,,,0.0,0.0,,,311945001.0,,,9.2583937223118,,311945001.0,979507303.14,0.304,0.01,500.0,0.0,T21,979507303.1400001,,96.20160701,1975500.0,9.25839372,0.39027645,,3.14
2026-05-19 11:40:05,2582.HK,2026-05-19,11:40:05,28.16,27.78,28.9,27.6,27.74,11096.0,400.0,28.15584685863874,-0.4200000000000017,-1.491477272727279,21511067.0,764000.0,0.7530892727401122,378800.0,322600.0,亏损,,126671639.0,3513871265.86,-3.023,0.02,50.0,0.0,T21,2814189601.04,1.03729821,-39.63636364,-10900.0,,2.59166844,4.616477272727263,27.74
2026-05-19 11:41:20,2583.HK,2026-05-19,11:41:20,81.05,81.15,83.85,77.5,78.75,7875.0,100.0,79.44844236760125,-2.299999999999997,-2.837754472547807,5100590.0,64200.0,0.1091372715682107,43700.0,16600.0,41.986356755669,,58825000.0,4632468750.0,1.732,0.05,100.0,0.0,T21,4632468750.0,0.3191186,88.23529412,1500.0,40.79488704,4.03422844,7.834669956816772,78.75
2026-05-19 11:41:00,2585.HK,2026-05-19,11:41:00,16.15,16.15,16.25,15.29,15.55,3110.0,200.0,15.64827751196173,-0.5999999999999979,-3.715170278637759,1308196.0,83600.0,0.0306200786418849,34000.0,46000.0,40.992989015896,,273023466.0,4245514896.3,0.354,0.01,200.0,0.0,T21,4245514896.3,1.24607918,45.45454545,1000.0,39.47002967,1.63314027,5.944272445820439,15.55
2026-05-19 11:41:34,2586.HK,2026-05-19,11:41:34,6.49,6.55,6.56,6.37,6.37,1911.0,300.0,6.462959325811394,-0.1200000000000001,-1.848998459167953,9279517.0,1435800.0,0.1531532969429593,823200.0,521600.0,40.828350382388,,937492061.0,5971824428.57,0.143,0.01,100.0,0.0,T21,5971824428.57,0.56065886,69.55875062,140300.0,40.07343481,5.95891416,2.927580893682581,6.37
2026-05-19 11:41:39,2587.HK,2026-05-19,11:41:39,3.72,3.81,4.6,3.74,4.0,10000.0,2500.0,4.234872524428138,0.2799999999999998,7.526881720430103,282794200.0,66777500.0,7.608195830762235,30134000.0,31965500.0,52.618139005072,,877704800.0,3510819200.0,0.063,0.01,500.0,0.0,T21,3510819200.0,19.35242324,40.81632653,240000.0,56.57864409,11.38623588,23.11827956989245,4.0
2026-05-19 11:41:38,2589.HK,2026-05-19,11:41:38,158.5,158.5,161.0,151.8,153.5,18420.0,120.0,155.7403415154749,-5.0,-3.154574132492114,4377861.0,28110.0,0.0473019496312147,10860.0,12570.0,29.847223529519,,105203020.0,16148663570.0,4.765,0.1,30.0,0.0,T21,9122002441.0,0.42996627,17.64705882,90.0,28.90567074,7.52733965,5.804416403785482,153.5
2026-05-19 11:41:36,2590.HK,2026-05-19,11:41:36,17.84,17.9,18.07,17.38,17.55,175500.0,10000.0,17.59566084107046,-0.2899999999999991,-1.625560538116587,25774124.0,1464800.0,0.1430258564844127,761000.0,596000.0,亏损,,1337286998.0,23469386814.9,-0.008,0.01,200.0,0.0,T21,17973840976.65,0.80534818,21.9858156,6200.0,,6.18017922,3.867713004484312,17.55
2026-05-19 11:41:38,2591.HK,2026-05-19,11:41:38,12.04,12.38,18.91,12.16,14.32,71600.0,5000.0,15.77661847723818,2.280000000000001,18.93687707641197,523165290.0,33160800.0,7.890067646180499,20534600.0,10649200.0,亏损,,456819349.0,6541653077.68,-0.747,0.01,200.0,0.0,T21,6018486498.400002,18.73184402,-42.26804124,-8200.0,,5.57255454,56.06312292358805,14.32
2026-05-19 11:41:00,2592.HK,2026-05-19,11:41:00,1.38,1.45,1.45,1.38,1.39,1390.0,1000.0,1.411903114186851,0.01,0.724637681159421,204020.0,144500.0,0.0169619437639115,53000.0,75000.0,亏损,,851907081.0,1184150842.59,-0.079,0.01,500.0,0.0,T21,1184150842.59,0.47325267,-3.22580645,-5000.0,,2.51498255,5.072463768115947,1.39
2026-05-19 11:41:00,2593.HK,2026-05-19,11:41:00,1.18,1.18,1.18,1.1,1.11,10656.0,9600.0,1.119578947368421,-0.0699999999999998,-5.932203389830495,85088.0,76000.0,0.056999886000228,76000.0,0.0,亏损,,133333600.0,148000296.0,-0.173,0.01,800.0,0.0,T21,148000296.0,0.90982368,-7.29613734,-13600.0,,1.02653943,6.77966101694914,1.11
2026-05-19 11:41:37,2595.HK,2026-05-19,11:41:37,34.44,34.44,35.7,33.52,34.62,6924.0,200.0,34.8571593257205,0.1799999999999997,0.5226480836236925,12820463.2,367800.0,0.1088072260778083,163400.0,187200.0,亏损,,370366630.0,12822092730.6,-4.845,0.02,200.0,0.0,T21,11702564672.4,1.15910184,25.0,1600.0,,6.34071655,6.329849012775841,34.62
2026-05-19 11:41:00,2596.HK,2026-05-19,11:41:00,2.64,,,,2.64,0.0,,,0.0,0.0,,,688400000.0,,,19.398762182349,,4588400000.0,12113376000.0,0.122,0.01,1000.0,0.0,T21,1817376000.0,,77.77777778,70000.0,19.39876218,0.96463444,,2.64
2026-05-19 11:41:00,2597.HK,2026-05-19,11:41:00,44.16,43.9,43.9,43.9,43.9,21950.0,500.0,43.9,-0.259999999999998,-0.5887681159420245,43900.0,1000.0,0.0032851511169513,1000.0,0.0,66.07499449109,,121754291.0,5345013374.9,0.6,0.02,500.0,0.0,T21,1336316000.0,0.1569996,-50.0,-1000.0,65.68596599,3.84178425,0.0,43.9
2026-05-19 11:41:32,2598.HK,2026-05-19,11:41:32,5.44,5.51,5.52,5.33,5.35,2675.0,500.0,5.390023350846469,-0.0900000000000007,-1.654411764705896,4616555.0,856500.0,0.1835166033909703,422500.0,375500.0,3.3069957594863,,1127106500.0,6030019775.0,1.476,0.01,500.0,0.0,T21,2496926662.4,1.25512985,-26.15384615,-17000.0,3.25228443,1.75979767,3.49264705882352,5.35
2026-05-19 11:40:02,2603.HK,2026-05-19,11:40:02,15.26,15.26,15.58,15.23,15.26,15260.0,1000.0,15.36438759689922,0.0,0.0,14865045.0,967500.0,1.42467972316301,341500.0,599000.0,22.279252757981,,450405288.0,6873184694.88,0.161,0.01,500.0,0.0,T21,1036306600.0,1.04543553,66.95652174,38500.0,22.27925276,2.18824801,2.293577981651374,15.26
2026-05-19 11:41:00,2605.HK,2026-05-19,11:41:00,1.3,1.33,1.33,1.3,1.3,2080.0,1600.0,1.3205,0.0,0.0,10564.0,8000.0,0.0051749568159556,8000.0,0.0,亏损,,154590662.0,200967860.6,-0.825,0.01,400.0,0.0,T21,200967860.6,0.33117728,30.76923077,22400.0,,0.50609199,2.30769230769231,1.3
2026-05-19 11:41:28,2609.HK,2026-05-19,11:41:28,5.24,5.41,5.55,5.14,5.36,12864.0,2400.0,5.345267827801512,0.1200000000000001,2.290076335877865,48796950.0,9129000.0,0.6923951244543375,3288000.0,5389200.0,亏损,,1318466823.0,7066982171.28,-0.01,0.01,600.0,0.0,T21,7066982171.280002,6.44075039,11.20689655,15600.0,,4.17104099,7.824427480916032,5.36
2026-05-19 11:41:35,2610.HK,2026-05-19,11:41:35,33.88,33.9,33.98,32.74,32.98,6596.0,200.0,33.11863729508197,-0.9000000000000057,-2.656434474616309,9697137.0,292800.0,0.0471926802347771,195200.0,80800.0,6.6118272177874,,620435200.0,20461952896.0,0.658,0.02,100.0,0.0,T21,20461952896.0,0.50281966,5.55555556,800.0,6.43618836,1.41060689,3.659976387249099,32.98
2026-05-19 11:41:00,2613.HK,2026-05-19,11:41:00,31.5,29.18,29.2,29.18,29.2,61320.0,2100.0,29.1975,-2.300000000000001,-7.301587301587303,70074.0,2400.0,0.024,2400.0,0.0,200.57712725415,,40000000.0,1168000000.0,0.141,0.02,100.0,0.0,T21,292000000.0,0.61128456,-36.84210526,-2100.0,185.9318132,2.14222307,0.0634920634920621,29.2
2026-05-19 11:41:35,2617.HK,2026-05-19,11:41:35,49.8,47.38,53.8,45.24,47.7,238500.0,5000.0,48.66636953589267,-2.099999999999994,-4.216867469879507,133486985.0,2742900.0,0.8880962092117273,1199000.0,1211400.0,亏损,,404082633.0,19274741594.1,-0.732,0.02,500.0,0.0,T21,14732224802.1,4.58008892,50.0,3000.0,,41.53954854,17.18875502008031,47.7
2026-05-19 11:41:00,2619.HK,2026-05-19,11:41:00,1.59,1.59,1.59,1.59,1.59,1590.0,1000.0,1.59,0.0,0.0,4770.0,3000.0,0.0043975373790677,3000.0,0.0,7.6757710800815,,272879509.0,433878419.31,0.186,0.01,1000.0,0.0,T21,108469800.0,0.20126702,60.0,15000.0,7.67577108,0.34698142,0.0,1.59
2026-05-19 11:41:00,2621.HK,2026-05-19,11:41:00,3.12,3.11,3.11,3.1,3.1,6200.0,2000.0,3.105,-0.02,-0.6410256410256416,12420.0,4000.0,0.0017669514697944,1200.0,2800.0,0.79891780382481,,226378600.0,701773660.0,3.504,0.01,400.0,0.0,T21,701773660.0,0.1807676,71.42857143,2000.0,0.79379654,0.48087539,0.3205128205128136,3.1
2026-05-19 11:41:00,2625.HK,2026-05-19,11:41:00,3.37,3.37,3.37,3.37,3.37,33700.0,10000.0,3.366774193548387,0.0,0.0,104370.0,31000.0,0.0131556854639415,1000.0,0.0,19.454667124184,,235639565.0,794105334.05,0.155,0.01,1000.0,0.0,T21,794105334.05,2.5863672,0.0,0.0,19.45466712,0.98861879,0.0,3.37
2026-05-19 11:41:00,2627.HK,2026-05-19,11:41:00,29.32,,,,29.32,0.0,,,0.0,0.0,,,296361845.0,,,,,393442600.0,11535737032.0,-0.309,,200.0,0.0,T11,8689329295.4,,,,,312.49955135,,29.32
2026-05-19 11:41:00,2629.HK,2026-05-19,11:41:00,12.41,,,,12.41,0.0,,,0.0,0.0,,,298230331.0,,,,,298230331.0,3701038407.71,-0.095,,100.0,0.0,T11,3701038407.71,,,,,4.51340906,,12.41
2026-05-19 11:41:00,2630.HK,2026-05-19,11:41:00,79.95,79.95,81.25,79.8,80.65,16130.0,200.0,80.48611111111111,0.7000000000000028,0.8755472170106351,1448750.0,18000.0,0.0269957618003761,3400.0,13000.0,亏损,,167597800.0,13516762570.0,-2.123,0.05,200.0,0.0,T21,5377510776.450001,1.10925573,-66.66666667,-800.0,,27.18194963,1.813633520950598,80.65
2026-05-19 11:41:30,2631.HK,2026-05-19,11:41:30,109.9,106.0,107.0,100.0,104.3,10430.0,100.0,103.3679232464016,-5.600000000000009,-5.095541401273892,426004020.0,4121240.0,7.505787005418203,1948540.0,1854900.0,亏损,,484618544.0,50545714139.2,-0.125,0.1,100.0,0.0,T21,5726852250.0,0.66452384,62.98200514,24500.0,,6.26453618,6.369426751592357,104.3
2026-05-19 11:41:21,2632.HK,2026-05-19,11:41:21,119.5,119.5,119.5,114.6,116.3,5815.0,50.0,116.6574041811847,-3.200000000000003,-2.677824267782429,6696135.0,57400.0,0.0526426669237291,43800.0,10550.0,亏损,,123395266.0,14350869435.8,-5.482,0.1,50.0,0.0,T21,12681006472.7,0.78619752,76.92307692,2000.0,,,4.100418410041846,116.3
2026-05-19 11:41:39,2635.HK,2026-05-19,11:41:39,17.26,17.5,18.5,17.15,17.6,44000.0,2500.0,17.69351581156766,0.3399999999999998,1.969872537659327,165223820.0,9338100.0,3.068253484572712,4828700.0,3806700.0,49.768231667014,,378666000.0,6664521600.0,0.311,0.01,100.0,0.0,T21,5356485728.0,0.71701493,-88.63636364,-7800.0,50.7486024,5.84443762,7.821552723059104,17.6
2026-05-19 11:41:36,2637.HK,2026-05-19,11:41:36,219.8,213.2,229.6,213.2,227.0,22700.0,100.0,224.7811656441718,7.199999999999989,3.275705186533207,9159832.5,40750.0,0.051774124550375,18050.0,20950.0,87.691402788363,,78707270.0,17866550290.0,2.249,0.2,50.0,0.0,T21,17866550290.0,0.56848935,-56.8627451,-1450.0,90.56391462,10.05967702,7.461328480436763,227.0
2026-05-19 11:41:38,2643.HK,2026-05-19,11:41:38,22.92,22.6,23.1,22.5,22.9,43510.0,1900.0,22.82532959326788,-0.0200000000000031,-0.0872600349040275,6509784.0,285200.0,0.0489160799557064,144700.0,131800.0,亏损,,583039361.0,13351601366.9,-1.09,0.02,100.0,0.0,T21,13351601366.9,0.44054871,-33.07692308,-8600.0,,,2.617801047120425,22.9
2026-05-19 11:41:39,2648.HK,2026-05-19,11:41:39,82.0,82.35,83.05,80.65,82.85,1557580.0,18800.0,82.41630594405595,0.8499999999999943,1.036585365853652,47142127.0,572000.0,1.430189500108764,393200.0,147500.0,10.695859724357,,333288932.0,27612988016.2,1.69,0.05,100.0,0.0,T21,3313560895.0,2.47965175,14.72868217,1900.0,15.95668457,1.51630689,2.926829268292673,82.85
2026-05-19 11:41:00,2649.HK,2026-05-19,11:41:00,3.9,,,,3.9,0.0,,,0.0,0.0,,,87653705.0,,,,,90336000.0,352310400.0,0.444,,500.0,0.0,T11,341849449.5,,,,8.28481202,0.86200158,,3.9
2026-05-19 11:41:03,2650.HK,2026-05-19,11:41:03,19.3,19.44,19.98,18.71,19.22,46128.0,2400.0,19.4103961902615,-0.0800000000000018,-0.4145077720207349,34441807.0,1774400.0,0.5935559142365895,998100.0,697900.0,亏损,,298944035.0,5745704352.7,-0.548,0.01,50.0,0.0,T21,5745704352.7,0.45776682,-79.80980249,-54550.0,,21.40911918,6.580310880829013,19.22
2026-05-19 11:41:00,2651.HK,2026-05-19,11:41:00,12.6,12.6,12.79,12.6,12.77,1277.0,100.0,12.68606060606061,0.1699999999999999,1.349206349206349,41864.0,3300.0,0.0193819620888821,300.0,2500.0,19.815643345387,,49379042.0,630570366.34,0.571,0.01,100.0,0.0,T21,217423807.8,0.86419279,-20.0,-600.0,20.08299726,1.76754366,1.507936507936504,12.77
2026-05-19 11:41:27,2652.HK,2026-05-19,11:41:27,20.7,20.68,20.8,20.3,20.68,31020.0,1500.0,20.52786026200873,-0.0199999999999995,-0.0966183574879206,2350440.0,114500.0,0.0378858584518284,55500.0,57500.0,3079.4792483906,,411978387.0,8519713043.16,0.006,0.02,500.0,0.0,T21,6249983758.48,0.76258729,0.0,0.0,3076.50390612,5.20666812,2.415458937198068,20.68
2026-05-19 11:41:31,2655.HK,2026-05-19,11:41:31,28.18,28.22,28.54,27.5,27.66,27660.0,1000.0,27.74838345585505,-0.5199999999999996,-1.845280340667138,37368748.0,1346700.0,0.3412050601619998,870800.0,428100.0,127.27569072559,,517711575.0,14319902164.5,0.199,0.02,100.0,0.0,T21,10917107144.4,0.51157876,59.84251969,15200.0,124.92709743,12.20772554,3.690560681334277,27.66
2026-05-19 11:41:27,2656.HK,2026-05-19,11:41:27,18.66,19.18,19.66,18.12,18.32,4580.0,250.0,18.92058617080229,-0.3399999999999998,-1.822079314040728,153644620.0,8120500.0,2.413562841100956,3863000.0,3635750.0,亏损,,336452810.0,6163815479.2,-0.217,0.01,250.0,0.0,T21,6163815479.2,0.61154269,57.44680851,6750.0,,23.13980784,8.252947481243297,18.32
2026-05-19 11:41:00,2657.HK,2026-05-19,11:41:00,48.86,52.0,52.0,48.86,50.05,2502.5,50.0,49.69568259385665,1.189999999999998,2.435530085959881,728041.75,14650.0,0.0135411708021633,6400.0,5550.0,17.247204219838,,141759235.0,7095049711.75,2.542,0.02,50.0,0.0,T21,5414838278.85,0.5696138,-30.0,-300.0,17.66726507,3.46950582,6.426524764633649,50.05
2026-05-19 11:41:00,2658.HK,2026-05-19,11:41:00,53.55,56.0,56.0,51.05,52.35,13087.5,250.0,52.64007633587787,-1.199999999999996,-2.240896358543409,7240642.5,137550.0,0.2331734305495607,92250.0,38900.0,亏损,,393268511.0,20587606550.85,-0.141,0.05,50.0,0.0,T21,3088148801.1,0.3619738,-20.79207921,-1050.0,,6.80452982,9.243697478991605,52.35
2026-05-19 11:41:34,2659.HK,2026-05-19,11:41:34,26.88,28.42,30.18,26.82,27.26,8178.0,300.0,28.13779320118461,0.3800000000000025,1.413690476190486,294248440.0,10457410.0,6.77612670477832,4738700.0,4680010.0,亏损,,325981465.0,8886254735.9,-1.213,0.02,100.0,0.0,T21,4206960835.0,3.29622682,-94.8630137,-110800.0,,5.0088922,12.5,27.26
2026-05-19 11:41:30,2661.HK,2026-05-19,11:41:30,28.42,29.9,31.0,26.9,27.58,27580.0,1000.0,28.47530609113691,-0.8400000000000034,-2.955665024630553,111355532.0,3910600.0,1.894907323424314,1786400.0,1576400.0,亏损,,206374209.0,5691800684.22,-1.84,0.02,200.0,0.0,T21,5691800684.219999,1.53112038,14.96062992,3800.0,,5.0961787,14.42646023926812,27.58
2026-05-19 11:41:35,2665.HK,2026-05-19,11:41:35,7.53,7.3,7.6,7.28,7.3,25550.0,3500.0,7.36171958964338,-0.2300000000000004,-3.054448871181945,7534720.0,1023500.0,0.0787606885988135,640500.0,334500.0,亏损,,1299506160.0,9486394968.0,-0.252,0.01,500.0,0.0,T21,9486394968.0,0.19567734,47.73869347,47500.0,,26.98218588,4.249667994687907,7.3
2026-05-19 11:41:00,2670.HK,2026-05-19,11:41:00,311.6,298.8,302.6,280.0,298.0,14900.0,50.0,293.2620320855615,-13.60000000000003,-4.364569961489096,2742000.0,9350.0,0.0149361886086306,6050.0,2450.0,亏损,,69753182.0,20786448236.0,-4.228,0.2,50.0,0.0,T21,18654692124.0,0.82540491,-37.5,-300.0,,21.6676193,7.252888318356875,298.0
2026-05-19 11:41:00,2671.HK,2026-05-19,11:41:00,3.866,3.8,3.9,3.8,3.92,9408.0,2400.0,3.857142857142857,0.0539999999999998,1.396792550439727,48600.0,12600.0,0.0104520941330529,5400.0,7200.0,7.0691718179793,,120550005.0,472556019.6,0.545,0.01,300.0,0.0,T21,472556019.6,5.35922766,-85.71428571,-3600.0,6.45947635,0.67939855,2.586652871184689,3.92
2026-05-19 11:41:25,2675.HK,2026-05-19,11:41:25,50.4,49.96,52.5,49.96,50.5,5050.0,100.0,51.14490299823633,0.1000000000000014,0.1984126984127012,2899916.0,56700.0,0.0172991774793339,35300.0,21100.0,亏损,,391880500.0,19789965250.0,-0.226,0.05,100.0,0.0,T21,16551943024.0,0.83543596,46.93877551,2300.0,,14.81459556,5.039682539682539,50.5
2026-05-19 11:41:35,2676.HK,2026-05-19,11:41:35,202.4,194.8,202.6,190.3,198.8,1988000.0,10000.0,196.0794002142092,-3.599999999999994,-1.778656126482211,54921840.0,280100.0,1.393879074396616,122900.0,139800.0,亏损,,162623433.0,32329538480.4,-0.22,0.1,100.0,0.0,T21,3994886000.0,0.80362177,22.58064516,700.0,,3.75234446,6.077075098814221,198.8
2026-05-19 11:41:00,2677.HK,2026-05-19,11:41:00,26.6,25.66,25.9,25.6,25.62,3843.0,150.0,25.68,-0.9800000000000004,-3.684210526315791,69336.0,2700.0,0.004180831815201,2000.0,200.0,11.413057167464,,64580450.0,1654551129.0,2.091,0.02,50.0,0.0,T21,1654551129.0,0.45023986,82.69230769,8600.0,10.99257611,,1.12781954887217,25.62
2026-05-19 11:41:38,2685.HK,2026-05-19,11:41:38,14.17,14.2,16.97,14.0,14.45,21675.0,1500.0,15.40695209703947,0.2799999999999993,1.976005645730412,74939415.0,4864000.0,0.944287246589238,1860500.0,2478500.0,33.562827058768,,515097500.0,7443158875.0,0.379,0.01,500.0,0.0,T21,7443158875.0,10.6227468,63.63636364,3500.0,34.22603042,5.11796158,20.95977417078334,14.45
2026-05-19 11:41:17,2687.HK,2026-05-19,11:41:17,128.6,128.7,130.0,128.2,128.4,25680.0,200.0,128.7039845758355,-0.1999999999999886,-0.1555209953343613,10013170.0,77800.0,0.1255794734055603,2600.0,74900.0,59.076912793347,,66666700.0,8560004280.0,1.953,0.1,100.0,0.0,T21,7954739520.0,0.8328572,-9.09090909,-100.0,58.98503579,7.49654494,1.39968895800934,128.4
2026-05-19 11:40:42,2691.HK,2026-05-19,11:40:42,10.19,10.23,10.3,10.0,10.04,10040.0,1000.0,10.11587231352718,-0.1500000000000003,-1.472031403336608,8001655.0,791000.0,0.7347272406394263,469000.0,277500.0,7.8721411959004,,717724893.0,7205957925.72,0.285,0.01,500.0,0.0,T21,1080896360.0,0.31062596,94.53551913,86500.0,10.56247687,1.10346628,2.944062806673216,10.04
2026-05-19 11:41:32,2692.HK,2026-05-19,11:41:32,73.8,75.0,79.35,72.5,75.25,534275.0,7100.0,75.93296327134794,1.450000000000003,1.964769647696481,164151880.0,2161800.0,8.082008950101502,958100.0,1103800.0,106.26564600373,,267544900.0,20132753725.0,0.153,0.05,100.0,0.0,T21,2012809575.0,2.27675812,75.10373444,18100.0,74.02934862,3.4562278,9.281842818428176,75.25
2026-05-19 11:41:00,2693.HK,2026-05-19,11:41:00,3.86,3.76,3.78,3.7,3.72,37200.0,10000.0,3.730588235294118,-0.1399999999999996,-3.626943005181339,63420.0,17000.0,0.0699588477366255,7000.0,10000.0,8.6702348861632,,97194316.0,361562855.52,0.4,0.01,500.0,0.0,T21,90396000.0,4.09739893,57.89473684,5500.0,8.35577041,0.53343649,2.072538860103617,3.72
2026-05-19 11:41:00,2695.HK,2026-05-19,11:41:00,2.09,2.09,2.18,2.09,2.16,17280.0,8000.0,2.137946768060837,0.0700000000000002,3.349282296650732,562280.0,263000.0,0.7285318559556787,44000.0,198000.0,7.6410048108236,,144170000.0,311407200.0,0.245,0.01,1000.0,0.0,T21,77976000.0,4.16425215,-49.01960784,-100000.0,7.89692363,0.83589233,4.306220095693795,2.16
2026-05-19 11:41:33,2698.HK,2026-05-19,11:41:33,25.8,25.8,26.86,25.5,26.7,48060.0,1800.0,26.30896953831509,0.8999999999999986,3.48837209302325,22110058.0,840400.0,0.1353793157996392,295400.0,500400.0,16.981677528184,,620774300.0,16574673810.0,0.195,0.02,200.0,0.0,T21,16574673810.0,0.96490335,-33.33333333,-7600.0,17.57406163,3.3412199,5.271317829457362,26.7
2026-05-19 11:41:02,2701.HK,2026-05-19,11:41:02,14.9,14.88,14.9,14.2,14.8,2960.0,200.0,14.57148642018574,-0.0999999999999996,-0.671140939597313,83159473.0,5707000.0,6.007368421052632,3246200.0,2193400.0,亏损,,678126700.0,10036275160.0,-0.023,0.01,200.0,0.0,T21,1406000000.0,0.66148481,46.25550661,21000.0,,5.08016698,4.697986577181215,14.8
2026-05-19 11:41:34,2706.HK,2026-05-19,11:41:34,58.2,58.95,59.55,57.2,58.6,11720.0,200.0,58.59925604463732,0.3999999999999986,0.6872852233676952,18904120.0,322600.0,0.080563257540606,124800.0,171400.0,亏损,,400430680.0,23465237848.0,-0.513,0.05,200.0,0.0,T21,23465237848.0,0.34826187,-8.98876404,-3200.0,,,4.037800687285214,58.6
2026-05-19 11:41:31,2714.HK,2026-05-19,11:41:31,37.32,37.1,37.8,36.54,36.6,3660.0,100.0,36.93634512546277,-0.7199999999999989,-1.929260450160769,35916902.0,972400.0,0.313451835147028,719800.0,228400.0,亏损,,5772994747.0,211291607740.2,-0.21,0.02,100.0,0.0,T21,11354165460.0,0.89120889,18.5483871,4600.0,19.09545582,2.13423349,3.376205787781345,36.6
2026-05-19 11:41:29,2715.HK,2026-05-19,11:41:29,15.3,15.3,15.66,15.0,15.38,24608.0,1600.0,15.34503138537707,0.08,0.5228758169934644,34713530.0,2262200.0,2.337466418681546,1046600.0,1074000.0,33.356986612302,,967798453.0,14884740207.14,0.101,0.01,200.0,0.0,T21,1488476400.0,0.71021078,47.5308642,30800.0,103.723465,4.05289125,4.313725490196079,15.38
2026-05-19 11:41:36,2718.HK,2026-05-19,11:41:36,230.6,230.6,246.8,230.6,246.8,19744.0,80.0,240.9939504373178,16.20000000000002,7.025151777970519,16532185.0,68600.0,0.0471603550586262,28200.0,39760.0,亏损,,145461161.0,35899814534.8,-44.101,0.2,40.0,0.0,T21,35899814534.8,0.86750322,-57.2519084,-3000.0,,13.50469527,7.025151777970519,246.8
2026-05-19 11:41:00,2720.HK,2026-05-19,11:41:00,24.36,24.3,24.34,24.0,24.02,12010.0,500.0,24.28033333333334,-0.3399999999999998,-1.395730706075533,728410.0,30000.0,0.0234000234000234,29000.0,0.0,37.93736521135,,128205000.0,3079484100.0,0.576,0.02,500.0,0.0,T21,3079484100.0,1.55251696,33.33333333,500.0,37.40786176,97.21227594,1.395730706075533,24.02
2026-05-19 11:41:25,2726.HK,2026-05-19,11:41:25,105.1,105.9,108.4,103.1,107.5,5375.0,50.0,105.713604030824,2.400000000000006,2.283539486203621,8916942.5,84350.0,0.0709278713496395,28350.0,48500.0,3376.2837218774,,425584810.0,45750367075.0,0.028,0.1,50.0,0.0,T21,12784290332.5,0.6685572,7.5,300.0,3453.38249383,13.64048582,5.042816365366329,107.5
2026-05-19 11:41:00,2729.HK,2026-05-19,11:41:00,32.5,32.5,32.94,32.04,32.68,65360.0,2000.0,32.48170308967596,0.1799999999999997,0.553846153846153,8620644.0,265400.0,0.0620261959061313,14200.0,200200.0,亏损,,427883729.0,13983240263.72,-0.403,0.02,200.0,0.0,T21,13983240263.72,1.36737072,25.0,400.0,,,2.769230769230765,32.68
2026-05-19 11:41:35,2768.HK,2026-05-19,11:41:35,59.8,60.5,60.6,58.15,58.9,23560.0,400.0,59.31657953696789,-0.8999999999999986,-1.505016722408024,15884980.0,267800.0,0.8926666666666666,153200.0,75000.0,15.47214133948,,301250000.0,17743625000.0,0.852,0.05,200.0,0.0,T21,1767000000.0,0.53376343,52.94117647,3600.0,15.82172471,2.26824442,4.096989966555189,58.9
2026-05-19 11:41:34,2788.HK,2026-05-19,11:41:34,20.32,20.58,20.58,19.58,19.91,9955.0,500.0,19.76727355317112,-0.4100000000000001,-2.017716535433072,38642964.0,1954896.0,0.0942118554216867,915398.0,934500.0,13.855080635185,,2075000000.0,41313250000.0,1.316,0.01,500.0,0.0,T21,41313250000.0,0.74862244,14.85148515,7500.0,13.57552438,3.85242633,4.921259842519684,19.91
2026-05-19 11:41:35,2865.HK,2026-05-19,11:41:35,41.76,42.32,42.36,38.68,39.1,15640.0,400.0,39.64856970229942,-2.659999999999997,-6.369731800766276,125338248.0,3161230.0,3.84979230170628,1746600.0,1239830.0,202.26954009732,,311266052.0,12170502633.2,0.046,0.02,100.0,0.0,T21,3210669130.0,0.79910687,-37.26415094,-15800.0,,2.66323534,8.812260536398467,39.1
2026-05-19 11:41:00,2881.HK,2026-05-19,11:41:00,10.7,10.7,10.7,10.25,10.25,5125.0,500.0,10.30625,-0.4499999999999993,-4.205607476635508,164900.0,16000.0,0.0171489817792068,15500.0,500.0,14.334613739574,,93300000.0,956325000.0,0.67,0.01,500.0,0.0,T21,956325000.0,0.56511336,-45.0,-9000.0,13.73175615,1.24111254,4.205607476635508,10.25
2026-05-19 11:40:37,2889.HK,2026-05-19,11:40:37,164.7,159.1,167.0,157.1,158.0,12640.0,80.0,162.6023998753312,-6.699999999999989,-4.06800242865816,41736784.0,256680.0,0.3368517596744585,137400.0,93520.0,亏损,,155193093.0,24520508694.0,-7.045,0.1,20.0,0.0,T21,12039551178.0,0.5857548,55.55555556,1900.0,,10.22380139,6.010928961748638,158.0
2026-05-19 11:41:00,2898.HK,2026-05-19,11:41:00,6.39,,,,6.39,0.0,,,0.0,0.0,,,156666800.0,,,,,156666800.0,1001100852.0,-0.244,,200.0,0.0,T11,1001100852.0,,,,,1.89664044,,6.39
2026-05-19 11:41:39,3200.HK,2026-05-19,11:41:39,156.8,154.4,159.8,151.0,156.4,31280.0,200.0,154.9076775431862,-0.4000000000000057,-0.2551020408163301,104918970.0,677300.0,1.167366144141194,274900.0,317800.0,52.333751891982,,489007741.0,76480810692.4,0.66,0.1,100.0,0.0,T21,9074249800.0,0.41458483,68.75,2200.0,65.95228962,6.02005076,5.612244897959191,156.4
2026-05-19 11:41:31,3268.HK,2026-05-19,11:41:31,25.5,25.48,25.6,24.4,24.98,9992.0,400.0,24.89163328882955,-0.5199999999999996,-2.039215686274508,27965750.0,1123500.0,2.791304347826087,693600.0,390300.0,36.381022929077,,302007700.0,7544152346.0,0.155,0.02,100.0,0.0,T21,1005445000.0,1.88397983,-25.0,-800.0,46.47729316,2.43968582,4.705882352941187,24.98
2026-05-19 11:41:34,3277.HK,2026-05-19,11:41:34,85.0,85.0,88.0,82.05,86.45,17290.0,200.0,85.58798001363219,1.450000000000003,1.70588235294118,75968319.0,887605.0,0.2949514276618751,403400.0,420905.0,115.4005568011,,445088300.0,38477883535.0,0.661,0.05,100.0,0.0,T21,26015623270.0,1.18040322,-85.50724638,-5900.0,117.36915453,22.13698238,7.000000000000004,86.45
2026-05-19 11:41:36,3288.HK,2026-05-19,11:41:36,31.9,32.38,32.38,31.54,31.68,19008.0,600.0,31.80020046828384,-0.2199999999999988,-0.6896551724137895,20209409.0,635512.0,0.2182207260105952,278886.0,302626.0,16.836173126575,,5851824944.0,185385814225.92,0.418,0.02,100.0,0.0,T21,9225988992.0,0.79861245,66.66666667,21200.0,22.45933054,3.88926211,2.633228840125403,31.68
2026-05-19 11:41:35,3296.HK,2026-05-19,11:41:35,110.2,110.2,110.2,100.8,102.3,10230.0,100.0,103.4415157378741,-7.900000000000006,-7.168784029038118,80187863.0,775200.0,1.324037288934587,452500.0,282900.0,24.601752952635,,1074280544.0,109898899651.2,0.987,0.1,100.0,0.0,T21,5989480860.0,2.00565135,70.58823529,7200.0,22.66686164,3.61894582,8.529945553539024,102.3
2026-05-19 11:41:33,3317.HK,2026-05-19,11:41:33,277.0,277.0,277.0,245.6,248.8,124400.0,500.0,255.9538336992116,-28.19999999999999,-10.18050541516245,350945980.0,1371130.0,0.513194499199339,805419.0,455801.0,亏损,,322694400.0,80286366720.0,-0.292,0.2,100.0,0.0,T21,66473265892.8,0.73870905,96.52173913,11100.0,,30.55089473,11.33574007220217,248.8
2026-05-19 11:41:00,3355.HK,2026-05-19,11:41:00,43.32,43.32,45.76,42.52,43.4,4340.0,100.0,44.07572424477149,0.0799999999999983,0.1846722068328677,5690176.0,129100.0,0.03182344912451,91100.0,29700.0,24.844679781202,,405675700.0,17606325380.0,0.384,0.02,100.0,0.0,T21,17606325380.0,0.72682368,24.52830189,1300.0,23.77191534,7.31481295,7.47922437673129,43.4
2026-05-19 11:41:00,3378.HK,2026-05-19,11:41:00,29.96,30.5,30.48,29.02,29.68,2968.0,100.0,29.63067357512954,-0.2800000000000011,-0.9345794392523402,571872.0,19300.0,0.0141683789238242,7700.0,9400.0,亏损,,136218830.0,4042974874.4,-0.962,0.02,100.0,0.0,T21,4042974874.4,0.63852226,16.12903226,500.0,,5.19956415,4.873164218958614,29.68
2026-05-19 11:41:14,3625.HK,2026-05-19,11:41:14,118.7,118.0,119.9,109.7,117.2,35160.0,300.0,117.2409867909868,-1.5,-1.263689974726201,15088915.0,128700.0,0.1160611706396801,62800.0,54200.0,亏损,,112000000.0,13126400000.0,-0.528,0.1,100.0,0.0,T21,12996284560.0,2.28241259,76.74418605,3300.0,,107.11104468,8.593091828138167,117.2
2026-05-19 11:40:40,3636.HK,2026-05-19,11:40:40,23.1,22.32,22.66,21.82,21.86,4372.0,200.0,22.10930817610063,-1.240000000000002,-5.367965367965376,703076.0,31800.0,0.0752121550411065,20800.0,4600.0,9.6182903486421,,152577043.0,3335334159.98,2.155,0.02,200.0,0.0,T21,924249544.0,0.27859821,97.46835443,15400.0,9.10198385,3.63593049,3.636363636363636,21.86
2026-05-19 11:41:20,3677.HK,2026-05-19,11:41:20,7.65,7.67,7.74,7.54,7.62,4572.0,600.0,7.617224177256436,-0.0300000000000002,-0.3921568627451012,7013178.3,920700.0,0.0619877385748543,393900.0,492000.0,21.687322801306,,2554421103.0,19464688804.86,0.317,0.01,300.0,0.0,T21,11317938291.18,0.4401436,-23.89380531,-48600.0,21.60227448,2.1585533,2.614379084967323,7.62
2026-05-19 11:41:29,3696.HK,2026-05-19,11:41:29,52.35,54.8,54.8,50.0,50.05,50050.0,1000.0,51.68434802129433,-2.300000000000004,-4.393505253104115,80581067.0,1559100.0,0.2723785032197651,828200.0,615900.0,亏损,,572402000.0,28648720100.0,-0.616,0.02,500.0,0.0,T21,28648720100.0,1.21854535,-73.91304348,-17000.0,,8.1421478,9.16905444126074,50.05
2026-05-19 11:41:38,3750.HK,2026-05-19,11:41:38,674.5,674.5,674.5,646.5,654.0,65400.0,100.0,656.7301531575021,-20.5,-3.039288361749444,1137333160.0,1731812.0,0.7933163628268033,884652.0,711076.0,33.165391346416,,4626492821.0,3025726304934.0,4.482,0.5,100.0,0.0,T21,142768396200.0,1.14922143,-13.48088531,-6700.0,33.99213521,7.46645013,4.151223128243143,654.0
2026-05-19 11:41:39,3858.HK,2026-05-19,11:41:39,71.85,70.6,73.5,69.9,70.75,28300.0,400.0,71.27409533316695,-1.099999999999994,-1.530967292971461,114238120.0,1602800.0,0.3517226245336844,743600.0,558800.0,107.30874737808,,455700000.0,32240775000.0,0.67,0.05,400.0,0.0,T21,32240775000.0,0.82531423,31.03448276,10800.0,105.66588555,20.1145924,5.010438413361162,70.75
2026-05-19 11:40:31,3880.HK,2026-05-19,11:40:31,22.22,22.22,22.6,22.16,22.2,2220.0,100.0,22.36248908296944,-0.0199999999999995,-0.090009000900088,1024202.0,45800.0,0.0322990126939351,5300.0,40500.0,13.007013132126,,141800000.0,3147960000.0,1.533,0.02,100.0,0.0,T21,3147960000.0,1.09718247,80.625,25800.0,12.99530565,1.78244487,1.980198019801986,22.2
2026-05-19 11:41:31,3881.HK,2026-05-19,11:41:31,24.04,23.6,24.16,23.32,23.62,2362.0,100.0,23.64210640021604,-0.4199999999999981,-1.747088186356066,8754672.0,370300.0,0.0872445910473997,285400.0,74100.0,亏损,,437893100.0,10343035022.0,-2.329,0.02,100.0,0.0,T21,10025247290.4,0.35483291,15.68627451,4800.0,,5.36201952,3.494176372712146,23.62
2026-05-19 11:40:54,3887.HK,2026-05-19,11:40:54,3.88,4.09,4.09,3.64,3.7,1480.0,400.0,3.770066425120773,-0.1799999999999997,-4.639175257731951,2497292.0,662400.0,0.0239473470547963,422800.0,228400.0,亏损,,2766068402.0,10234453087.4,-0.393,0.01,400.0,0.0,T21,10234453087.4,2.11156138,35.23809524,29600.0,,3.62211391,11.59793814432989,3.7
2026-05-19 11:41:29,3986.HK,2026-05-19,11:41:29,588.0,568.0,589.0,550.5,576.5,57650.0,100.0,568.6123749258196,-11.5,-1.95578231292517,523154090.0,920054.0,2.766821739928007,467933.0,381793.0,62.179446723817,,701102451.0,404185563001.5,2.084,0.5,100.0,0.0,T21,19170412150.0,0.92244992,-38.94736842,-3700.0,124.65369321,14.09908075,6.547619047619048,576.5
2026-05-19 11:41:25,6031.HK,2026-05-19,11:41:25,21.84,21.74,21.74,21.12,21.24,8496.0,400.0,21.30473370259907,-0.6000000000000014,-2.747252747252754,20000884.0,938800.0,0.1302777185690433,601400.0,299000.0,17.841644398254,,9195004437.0,195301894241.88,0.27,0.02,200.0,0.0,T21,15305849856.0,0.60234494,23.69668246,40000.0,20.48041884,1.90094215,2.838827838827827,21.24
2026-05-19 11:41:38,6082.HK,2026-05-19,11:41:38,47.42,47.78,47.78,43.74,45.74,18296.0,400.0,44.94537082390594,-1.68,-3.542808941374947,160486930.0,3570711.0,0.2973497611462772,1711700.0,1730100.0,亏损,,2438858500.0,111553387790.0,-6.763,0.02,200.0,0.0,T21,54926669693.76,1.3517048,-17.56756757,-5200.0,,,8.519611978068324,45.74
2026-05-19 11:41:00,6086.HK,2026-05-19,11:41:00,1.02,1.02,1.04,1.01,1.04,520.0,500.0,1.016824644549763,0.02,1.960784313725492,107275.0,105500.0,0.00761486286025,61000.0,42500.0,107.17445424475,,1385448457.0,1440866395.28,0.009,0.01,500.0,0.0,T21,1440866395.28,0.18660173,-0.30864198,-1000.0,109.27591413,8.41059667,2.941176470588238,1.04
2026-05-19 11:41:38,6090.HK,2026-05-19,11:41:38,38.38,38.0,39.44,36.92,37.44,3744.0,100.0,37.40641563667721,-0.9400000000000048,-2.44919228764983,39041076.0,1043700.0,1.150065181379395,561200.0,421000.0,47.938321270166,,90751378.0,3397731592.32,0.718,0.02,100.0,0.0,T21,3397731592.32,0.76293369,-6.38297872,-1500.0,46.7642196,2.78585932,6.565919749869713,37.44
2026-05-19 11:41:36,6166.HK,2026-05-19,11:41:36,138.6,135.0,135.9,125.6,131.5,6575.0,50.0,129.6230240153699,-7.099999999999994,-5.122655122655119,506015880.0,3903750.0,8.812225940619763,1899320.0,1810500.0,91.039212529126,,352650373.0,46373524049.5,0.336,0.1,50.0,0.0,T21,10133653000.0,0.97061028,25.42372881,750.0,117.65636956,5.4058988,7.43145743145744,131.5
2026-05-19 11:41:22,6168.HK,2026-05-19,11:41:22,17.69,18.0,18.49,17.7,18.36,9180.0,500.0,18.14585817604516,0.6699999999999982,3.787450537026558,10286887.0,566900.0,0.2071330021833586,176900.0,339000.0,9.080073792416,,440616028.0,8089710274.08,1.748,0.01,100.0,0.0,T21,5024927891.88,0.53953091,-89.01098901,-8100.0,9.4239771,1.70820999,4.46579988694177,18.36
2026-05-19 11:41:37,6181.HK,2026-05-19,11:41:37,542.5,543.5,543.5,521.0,527.0,210800.0,400.0,527.7002304852899,-15.5,-2.857142857142857,182703540.0,346226.0,0.241202617555501,181334.0,149400.0,17.67501078362,,176744500.0,93144351500.0,27.542,0.5,100.0,0.0,T21,75646402120.0,0.8469876,21.14285714,3700.0,17.17001048,7.53325032,4.147465437788019,527.0
2026-05-19 11:40:36,6600.HK,2026-05-19,11:40:36,106.4,107.2,108.4,104.4,105.1,10510.0,100.0,105.7275033377837,-1.300000000000011,-1.221804511278206,7918990.0,74900.0,0.0332362869254482,52100.0,18700.0,亏损,,225356100.0,23684926110.0,-0.11,0.1,100.0,0.0,T21,23684926110.0,0.66470531,13.79310345,800.0,,12.80142236,3.759398496240602,105.1
2026-05-19 11:41:26,6603.HK,2026-05-19,11:41:26,8.93,8.93,13.36,8.93,9.93,11916.0,1200.0,11.02362167073112,1.0,11.19820828667413,403439750.0,36597750.0,13.7241493879253,19271750.0,14628400.0,13.436702397444,,266666800.0,2648001324.0,0.085,0.01,200.0,0.0,T21,2648001324.0,62.68273581,94.96062992,120600.0,14.94137232,1.99152986,49.60806270996641,9.93
2026-05-19 11:41:39,6613.HK,2026-05-19,11:41:39,23.56,24.38,24.38,22.34,22.88,59488.0,2600.0,23.0580574046846,-0.6799999999999997,-2.886247877758912,523886120.0,22720306.0,7.533377852167408,10741722.0,10444100.0,亏损,,5278740870.0,120777591105.6,-0.028,0.02,200.0,0.0,T21,6900498176.0,1.71006421,53.63881402,119400.0,31.38790235,1.94961889,8.658743633276737,22.88
2026-05-19 11:41:08,6636.HK,2026-05-19,11:41:08,97.85,97.85,102.0,96.5,99.65,9965.0,100.0,98.96644104217027,1.800000000000011,1.839550332141044,18422603.0,186150.0,0.1656839910440393,65900.0,110950.0,亏损,,112914783.0,11251958125.95,-0.405,0.05,50.0,0.0,T21,11195920247.4,1.11053193,-92.0,-3450.0,,46.84107871,5.620848237097599,99.65
2026-05-19 11:41:40,6651.HK,2026-05-19,11:41:40,71.15,70.0,75.85,65.5,66.6,26640.0,400.0,69.18929955680967,-4.550000000000011,-6.394940267041477,688910660.0,9956896.0,2.521231264111792,4806722.0,3879220.0,亏损,,414003771.0,27572651148.6,-0.439,0.05,200.0,0.0,T21,26301802735.8,2.3127873,38.58921162,18600.0,,34.14933484,14.5467322557976,66.6
2026-05-19 11:41:30,6656.HK,2026-05-19,11:41:30,533.0,533.0,537.5,473.6,479.0,47900.0,100.0,493.2793633369924,-54.0,-10.1313320825516,113243130.0,229572.0,0.1619346028744175,140947.0,71500.0,40.774144726703,,248832930.0,119190973470.0,11.73,0.2,100.0,0.0,T21,67907035339.0,2.26095211,-5.26315789,-100.0,36.64318072,28.23539698,11.98874296435272,479.0
2026-05-19 11:41:00,6657.HK,2026-05-19,11:41:00,11.5,11.6,11.9,11.6,11.9,1190.0,100.0,11.73168831168831,0.4000000000000003,3.478260869565221,180668.0,15400.0,0.0068169719263904,3100.0,12300.0,亏损,,225906754.0,2688290372.6,-0.043,0.01,100.0,0.0,T21,2688290372.6,2.76844081,0.0,0.0,,2.57379017,2.60869565217392,11.9
2026-05-19 11:41:00,6676.HK,2026-05-19,11:41:00,0.96,0.97,1.02,0.92,1.0,1500.0,1500.0,0.978892773892774,0.04,4.166666666666671,839890.0,858000.0,0.0800580048424007,237000.0,616000.0,亏损,,1071722936.0,1071722936.0,-0.553,0.01,500.0,0.0,T21,1071722936.0,0.19782306,-13.81443299,-67000.0,,1.74370839,10.41666666666666,1.0
2026-05-19 11:41:40,6681.HK,2026-05-19,11:41:40,3.05,3.45,4.75,3.45,4.01,24060.0,6000.0,4.101401223339233,0.96,31.47540983606558,1407835500.0,343257200.0,25.27149817636743,155907000.0,161778200.0,亏损,,1358278000.0,5446694780.0,-0.232,0.01,1000.0,0.0,T21,5433112000.0,94.52565444,43.83954155,153000.0,,50.08341164,42.62295081967213,4.01
2026-05-19 11:41:40,6687.HK,2026-05-19,11:41:40,14.67,14.1,15.55,14.1,15.2,1520.0,100.0,15.21539448756341,0.5299999999999994,3.612815269256983,24896950.0,1636300.0,0.3750714877591181,537500.0,873100.0,亏损,,436263500.0,6631205200.0,-3.794,0.01,100.0,0.0,T21,6631205200.0,1.1395177,15.78947368,1200.0,,4.85954677,9.884117246080445,15.2
2026-05-19 11:41:38,6693.HK,2026-05-19,11:41:38,35.534,35.98,36.06,34.9,35.04,7008.0,200.0,35.4018684248512,-0.4939999999999998,-1.390217819553104,83387685.0,2355460.0,1.292724289140493,1059000.0,1224800.0,15.215647725585,,1900411178.0,66590407677.12,0.52,0.02,200.0,0.0,T21,8286952992.0,0.97451495,21.85430464,19800.0,16.49252546,4.10847523,3.264479090448595,35.04
2026-05-19 11:41:37,6809.HK,2026-05-19,11:41:37,440.8,425.4,430.6,403.6,419.6,755280.0,1800.0,414.3815661174862,-21.19999999999999,-4.80943738656987,945571080.0,2281885.0,3.011455192118616,1010784.0,1122107.0,140.12646062853,,1222200021.0,512835128811.6,0.693,0.2,100.0,0.0,T21,31794560600.0,1.0147439,85.54216867,14200.0,177.49974685,21.68869735,6.125226860254084,419.6
2026-05-19 11:41:34,6810.HK,2026-05-19,11:41:34,70.45,70.4,71.3,69.0,69.7,6970.0,100.0,69.68862903225806,-0.75,-1.06458481192335,4320695.0,62000.0,0.0203918843931186,31600.0,26500.0,114.34454809358,,402626800.0,28063087960.0,0.553,0.05,100.0,0.0,T21,21191763922.8,0.9262387,80.64516129,10000.0,113.1272534,12.03454618,3.264726756564936,69.7
2026-05-19 11:41:30,6831.HK,2026-05-19,11:41:30,7.81,7.81,8.06,7.73,7.73,3092.0,400.0,7.887165404040404,-0.0799999999999991,-1.024327784891155,4997308.0,633600.0,0.0940820378739597,396800.0,228400.0,9.7018040763921,,673454800.0,5205805604.0,0.722,0.01,400.0,0.0,T21,5205805604.0,0.91871522,20.57416268,17200.0,9.6024258,2.66629854,4.225352112676058,7.73
2026-05-19 11:41:38,6871.HK,2026-05-19,11:41:38,53.75,55.0,56.3,45.5,46.6,4660.0,100.0,51.49602562301858,-7.149999999999999,-13.30232558139535,102658357.0,1993520.0,0.8138345405370204,1178050.0,698950.0,亏损,,244953968.0,11414854908.8,-0.624,0.02,100.0,0.0,T21,11414854908.8,0.40951873,-41.25874126,-5900.0,,57.79165086,20.09302325581395,46.6
2026-05-19 11:41:00,6883.HK,2026-05-19,11:41:00,2.03,,,,2.03,0.0,,,0.0,0.0,,,1358000000.0,,,9.4793852465064,,1358000000.0,2756740000.0,0.098,,1000.0,0.0,T11,2756740000.0,,,,10.57629073,1.63653009,,2.03
2026-05-19 11:41:40,6887.HK,2026-05-19,11:41:40,38.2,38.18,38.78,37.44,38.32,7664.0,200.0,38.3477796327212,0.1199999999999974,0.3141361256544435,4594064.0,119800.0,0.1062878093596299,63200.0,49900.0,72.554616389751,,576656047.0,22097459721.04,0.473,0.02,100.0,0.0,T21,4319155722.24,0.77982194,33.33333333,1200.0,72.78253665,4.56412938,3.50785340314137,38.32
2026-05-19 11:41:38,6936.HK,2026-05-19,11:41:38,33.2,33.66,33.66,33.0,33.04,13216.0,400.0,33.14140240875195,-0.1600000000000037,-0.4819277108433845,13150607.9,396803.0,0.1653345833333333,264800.0,124400.0,14.59973704339,,5039430409.0,166502780713.36,0.501,0.02,200.0,0.0,T21,7929600000.0,0.6258069,75.58823529,102800.0,12.94900953,1.46189158,1.987951807228905,33.04
2026-05-19 11:41:00,6938.HK,2026-05-19,11:41:00,59.2,59.2,62.5,57.35,57.6,23040.0,400.0,59.1943143812709,-1.600000000000002,-2.702702702702705,3539820.0,59800.0,0.0350620219611384,24200.0,31600.0,亏损,,170554910.0,9823962816.0,-1.63,0.05,200.0,0.0,T21,9823962816.0,0.98760907,7.69230769,200.0,,,8.699324324324321,57.6
2026-05-19 11:41:00,6959.HK,2026-05-19,11:41:00,3.86,3.8,3.82,3.69,3.83,1149.0,300.0,3.798785985271145,-0.0299999999999998,-0.7772020725388551,1702236.0,448100.0,0.2216561139691333,6800.0,441300.0,4.9574589075873,,202160000.0,774272800.0,0.699,0.01,100.0,0.0,T21,774272800.0,349.23001326,-25.7918552,-5700.0,4.91892943,1.35511461,3.367875647668391,3.83
2026-05-19 11:40:13,6960.HK,2026-05-19,11:40:13,14.03,14.03,14.23,13.75,14.04,7020.0,500.0,13.93396610169492,0.0099999999999997,0.071275837491089,2055260.0,147500.0,0.0977881967326145,78000.0,57000.0,20.969891506279,,425609500.0,5975557380.0,0.6,0.01,500.0,0.0,T21,2117740248.0,0.56546448,37.70491803,11500.0,20.98483797,1.562434,3.421240199572348,14.04
2026-05-19 11:41:00,6980.HK,2026-05-19,11:41:00,23.2,23.4,23.84,23.0,23.34,46680.0,2000.0,23.43715976331361,0.1400000000000005,0.6034482758620715,396088.0,16900.0,0.0318946909022281,13400.0,3400.0,7.9619983540918,,85000000.0,1983900000.0,2.615,0.02,100.0,0.0,T21,1236713662.5,0.87594287,20.0,1500.0,8.0100449,1.04768099,3.620689655172413,23.34
2026-05-19 11:41:40,7489.HK,2026-05-19,11:41:40,5.75,5.75,5.85,5.69,5.71,22840.0,4000.0,5.773547944608239,-0.04,-0.6956521739130441,12315537.8,2133097.0,0.2409240457511283,1302236.0,779868.0,18.663462472625,,3680000000.0,21012800000.0,0.277,0.01,1000.0,0.0,T21,5055528530.59,1.3645875,67.7148847,323000.0,18.53362969,1.78546995,2.782608695652161,5.71
2026-05-19 11:41:00,7618.HK,2026-05-19,11:41:00,15.1,15.1,15.36,14.8,14.99,11992.0,800.0,14.99283722837228,-0.1099999999999994,-0.7284768211920492,7313506.0,487800.0,0.0179665175250135,180600.0,289000.0,15.900192076924,,2715050367.0,40698605001.33,0.852,0.01,200.0,0.0,T21,40698605001.32999,0.50633309,69.23076923,5400.0,15.78436286,3.25806666,3.70860927152317,14.99
2026-05-19 11:41:37,7630.HK,2026-05-19,11:41:37,38.16,37.44,39.0,36.98,38.04,7608.0,200.0,38.10982396365701,-0.1199999999999974,-0.3144654088050247,6711140.0,176100.0,0.0637661966954336,46100.0,109800.0,亏损,,276165130.0,10505321545.2,-1.072,0.02,200.0,0.0,T21,10505321545.2,0.09623282,86.36363636,7600.0,,,5.293501048218039,38.04
2026-05-19 11:41:40,7666.HK,2026-05-19,11:41:40,23.36,23.32,23.32,20.3,20.32,10160.0,500.0,21.18245044811015,-3.039999999999999,-13.01369863013698,81541843.0,3849500.0,0.3656002030706597,2364160.0,1131800.0,亏损,,1152513850.0,23419081432.0,-0.34,0.02,500.0,0.0,T21,21395458575.52,0.32643482,31.76470588,13500.0,,20.19004416,12.92808219178082,20.32
2026-05-19 11:56:40,7688.HK,,,,,,,,0.0,,,,,,,,,,,,,0.0,,,,,,,,,,0.0,0.0,,
2026-05-19 11:41:26,8529.HK,2026-05-19,11:41:26,0.53,0.53,0.56,0.51,0.53,5300.0,10000.0,0.5317131474103586,0.0,0.0,667300.0,1255000.0,0.2444297288875039,1020000.0,225000.0,21.251323701679,,513440000.0,272123200.0,0.025,0.01,5000.0,0.0,T21,272123200.0,0.41362776,67.97520661,3290000.0,21.2513237,3.26702043,9.433962264150953,0.53
2026-05-19 11:41:00,8549.HK,2026-05-19,11:41:00,0.29,0.29,0.29,0.265,0.27,10800.0,40000.0,0.2741755319148936,-0.0199999999999999,-6.896551724137918,257725.0,940000.0,0.235,590000.0,120000.0,亏损,,400000000.0,108000000.0,-0.009,0.005,5000.0,0.0,T21,108000000.0,1.07507479,49.53271028,1060000.0,35.80901857,2.11881033,8.620689655172404,0.27
2026-05-19 11:41:00,8610.HK,2026-05-19,11:41:00,0.56,0.56,0.56,0.56,0.56,6720.0,12000.0,0.56,0.0,0.0,13440.0,24000.0,0.0048,24000.0,0.0,23.209186043318,,500000000.0,280000000.0,0.013,0.01,4000.0,0.0,T21,280000000.0,0.34401587,-20.88888889,-188000.0,23.20918604,2.64957743,0.0,0.56
2026-05-19 11:41:00,8629.HK,2026-05-19,11:41:00,8.18,,,,8.18,0.0,,,0.0,0.0,,,10179000.0,,,12.577142853608,,33929000.0,277539220.0,0.599,,500.0,0.0,T21,83264220.0,,,,12.26233952,1.283687,,8.18
2026-05-19 11:41:00,8637.HK,2026-05-19,11:41:00,3.6,3.57,3.58,3.51,3.55,24850.0,7000.0,3.555977011494253,-0.0500000000000002,-1.388888888888896,618740.0,174000.0,0.116,74000.0,93000.0,8.8222283493143,,150000000.0,532500000.0,0.067,0.01,1000.0,0.0,T21,532500000.0,0.68397961,44.48979592,109000.0,8.6996974,1.10002432,1.944444444444452,3.55
2026-05-19 11:41:40,9606.HK,2026-05-19,11:41:40,222.8,222.8,227.8,209.6,210.8,21080.0,100.0,216.0842019339445,-12.0,-5.385996409335727,172067850.0,796300.0,0.8805918939940316,533500.0,235100.0,亏损,,90427814.0,19062183191.2,-28.695,0.2,100.0,0.0,T21,19062183191.2,1.7592504,9.73451327,1100.0,,7.04890874,8.16876122082586,210.8
2026-05-19 11:41:00,9609.HK,2026-05-19,11:41:00,6.01,6.02,6.59,6.02,6.04,22952.0,3800.0,6.113333333333333,0.0300000000000002,0.4991680532445965,84364.0,13800.0,0.0208351768564546,10000.0,3800.0,18.077871108397,,160926487.0,971995981.48,0.298,0.01,200.0,0.0,T21,400054199.56,0.95436072,68.25396825,8600.0,18.16811007,0.75472768,9.48419301164726,6.04
2026-05-19 11:41:39,9611.HK,2026-05-19,11:41:39,25.549,25.54,25.54,24.18,24.36,65772.0,2700.0,24.61255126371006,-1.189,-4.653802497162316,10322504.0,419400.0,1.101996416015471,255500.0,118900.0,195.24557510809,,522590644.0,12730308087.84,0.03,0.02,100.0,0.0,T21,1273031676.0,1.09533522,78.32512315,15900.0,25.24547385,1.55386486,5.323104622490115,24.36
2026-05-19 11:41:00,9639.HK,2026-05-19,11:41:00,0.91,0.93,0.96,0.93,0.95,4750.0,5000.0,0.9325,0.0399999999999999,4.395604395604387,93250.0,100000.0,0.01,40000.0,60000.0,23.685580426861,,1000000000.0,950000000.0,0.019,0.01,5000.0,0.0,T21,950000000.0,0.87940994,71.01449275,245000.0,25.58784712,2.5614685,3.296703296703287,0.95
2026-05-19 11:41:40,9660.HK,2026-05-19,11:41:40,5.97,5.97,6.07,5.83,5.94,3564.0,600.0,5.930706385698368,-0.0299999999999993,-0.5025125628140596,421142580.0,71010526.0,0.4846511290028393,33112698.0,36872101.0,亏损,,14651884985.0,87032196810.9,-0.715,0.01,600.0,0.0,T21,87032196810.90002,0.86736494,2.73431788,224400.0,,6.17899359,4.020100502512566,5.94
2026-05-19 11:41:00,9678.HK,2026-05-19,11:41:00,283.8,280.2,286.6,278.0,279.4,178816.0,640.0,281.7886919452546,-4.400000000000034,-1.550387596899237,25118644.0,89140.0,0.2053449441455532,45460.0,41840.0,亏损,,72975593.0,20389380684.2,-4.476,0.2,20.0,0.0,T21,12128721310.2,0.69976243,25.16129032,780.0,,26.34693372,3.030303030303038,279.4
2026-05-19 11:41:00,9680.HK,2026-05-19,11:41:00,8.3,8.3,8.36,8.3,8.36,5016.0,600.0,8.32,0.0599999999999987,0.7228915662650447,4992.0,600.0,0.0002939535921354,0.0,600.0,亏损,,204113852.0,1706391802.72,-1.436,0.01,100.0,0.0,T21,1706391802.72,0.60536126,43.58974359,3400.0,,1.89880633,0.7228915662650447,8.36
2026-05-19 11:41:00,9879.HK,2026-05-19,11:41:00,8.7,8.75,9.05,8.68,8.79,26370.0,3000.0,8.799318181818181,0.0899999999999998,1.034482758620688,2323020.0,264000.0,0.0290448214403591,62000.0,183000.0,38.199679264982,,908940000.0,7989582600.0,0.104,0.01,1000.0,0.0,T21,7989582599.999999,1.44431716,-7.69230769,-1000.0,23.25219487,2.65347565,4.252873563218403,8.79
2026-05-19 11:41:00,9881.HK,2026-05-19,11:41:00,17.7,,,,17.7,0.0,,,0.0,0.0,,,94733000.0,,,,,94733000.0,1676774100.0,-0.068,,500.0,0.0,T11,1676774100.0,,,,78.37678791,4.97906633,,17.7
2026-05-19 11:41:37,9887.HK,2026-05-19,11:41:37,62.35,62.6,65.5,60.9,61.3,12260.0,200.0,63.12127913752914,-1.050000000000005,-1.684041700080199,21663223.0,343200.0,0.2239058787369211,167100.0,147000.0,亏损,,198891800.0,12192067340.0,-1.063,0.05,100.0,0.0,T21,9395983758.3,0.83598509,24.13793103,2800.0,,8.64303665,7.377706495589417,61.3
2026-05-19 11:41:25,9903.HK,2026-05-19,11:41:25,479.4,486.0,486.6,431.0,453.4,272040.0,600.0,446.4795341522506,-26.0,-5.423445974134335,210086480.0,470540.0,0.1919772450620704,248317.0,183233.0,亏损,,254317736.0,115307661502.4,-3.947,0.2,100.0,0.0,T21,111129230931.0,1.32589203,5.26315789,100.0,,43.97212112,11.59783062161035,453.4
2026-05-19 11:41:27,9927.HK,2026-05-19,11:41:27,66.9,66.85,67.45,66.1,66.65,6665.0,100.0,66.83091212193379,-0.25,-0.3736920777279521,28062300.0,419900.0,0.3865806166508622,139500.0,272700.0,34.044245820082,,1741985086.0,116103305981.9,0.433,0.05,100.0,0.0,T21,7239456350.000001,0.90293843,-4.41176471,-1200.0,17.34902014,2.47776203,2.017937219730954,66.65
2026-05-19 11:41:29,9973.HK,2026-05-19,11:41:29,27.76,27.76,27.78,27.14,27.44,10976.0,400.0,27.40535828025478,-0.3200000000000003,-1.152737752161384,34421130.0,1256000.0,0.0533384979041711,684800.0,507900.0,8.522505552082,,5808604533.0,159388108385.52,0.718,0.02,100.0,0.0,T21,64614942966.56001,0.89197455,0.0,0.0,7.61207843,2.54924101,2.305475504322768,27.44
2026-05-19 11:41:37,9980.HK,2026-05-19,11:41:37,165.6,165.5,174.5,164.1,164.3,49290.0,300.0,169.6201803833145,-1.299999999999983,-0.7850241545893618,15045310.0,88700.0,0.2769600465617611,44300.0,38500.0,21.311060763525,,734199310.0,120628946633.0,2.175,0.1,100.0,0.0,T21,9559369963.0,1.64421951,85.71428571,2400.0,22.7780207,5.19615413,6.28019323671498,164.3
2026-05-19 11:41:16,9981.HK,2026-05-19,11:41:16,14.68,14.68,14.74,14.21,14.27,11416.0,800.0,14.48727096546864,-0.4100000000000001,-2.792915531335151,16445950.0,1135200.0,0.8109220166184723,611000.0,499800.0,19.583130877626,,1399887362.0,19976392655.74,0.165,0.01,200.0,0.0,T21,1997640176.0,1.03150963,-30.51146384,-34600.0,15.74686097,1.92459775,3.610354223433238,14.27
