time,thscode,preClose,open,high,low,close,changeRatio,volume,amount
2025-09-01,HSCE.HK,8947.79,9084.5,9139.02,9061.85,9121.87,1.9455083322251,36606557.0,159814660000.0
2025-09-02,HSCE.HK,9121.87,9111.88,9182.7,9070.11,9108.12,-0.15073663623796,31260798.0,112791585000.0
2025-09-03,HSCE.HK,9108.12,9173.25,9214.33,9026.27,9050.02,-0.63789234221772,25646939.0,83186101000.0
2025-09-04,HSCE.HK,9050.02,9102.18,9106.28,8911.95,8937.09,-1.2478425462043,29617881.0,103428657000.0
2025-09-05,HSCE.HK,8937.09,8960.02,9083.91,8947.63,9057.22,1.3441735508985,31963645.0,107364219000.0
2025-09-08,HSCE.HK,9057.22,9059.22,9136.28,9031.29,9121.66,0.71147658994703,29343223.0,115857056000.0
2025-09-09,HSCE.HK,9121.66,9141.56,9279.7,9127.51,9242.4,1.3236625789604,28338310.0,119958241000.0
2025-09-10,HSCE.HK,9242.4,9277.64,9370.12,9269.4,9328.16,0.92789751579677,29547673.0,119141880000.0
2025-09-11,HSCE.HK,9328.16,9232.62,9325.55,9190.66,9260.25,-0.72801066877069,33068416.0,116513538000.0
2025-09-12,HSCE.HK,9260.25,9420.33,9440.77,9345.26,9364.94,1.1305310331795,26609462.0,114533272000.0
2025-09-15,HSCE.HK,9364.94,9342.3,9418.84,9322.34,9384.76,0.21164043763227,23609463.0,103317082000.0
2025-09-16,HSCE.HK,9384.76,9407.84,9447.59,9342.0,9386.39,0.017368584811963,22982767.0,91536104000.0
2025-09-17,HSCE.HK,9386.39,9434.78,9607.71,9434.78,9596.77,2.2413302664816,30875217.0,141105840000.0
2025-09-18,HSCE.HK,9596.77,9574.74,9666.67,9365.63,9456.52,-1.4614292100363,34672864.0,161718220000.0
2025-09-19,HSCE.HK,9456.52,9472.31,9512.14,9418.36,9472.35,0.16739773193521,32832689.0,129305197000.0
2025-09-22,HSCE.HK,9472.35,9432.26,9442.2,9319.39,9370.73,-1.072806642491,27168603.0,101560206000.0
2025-09-23,HSCE.HK,9370.73,9392.71,9401.19,9233.91,9290.34,-0.8578840709315,25833774.0,97938558000.0
2025-09-24,HSCE.HK,9290.34,9262.76,9460.89,9260.37,9442.99,1.6431045580678,25585321.0,120542617000.0
2025-09-25,HSCE.HK,9442.99,9437.49,9501.97,9403.73,9444.22,0.013025535344203,31277978.0,128498948000.0
2025-09-26,HSCE.HK,9444.22,9366.82,9421.76,9282.5,9303.1,-1.4942472750529,30035722.0,125695613000.0
2025-09-29,HSCE.HK,9303.1,9362.59,9477.83,9361.04,9454.12,1.6233298577893,29655196.0,118571103000.0
2025-09-30,HSCE.HK,9454.12,9475.47,9570.03,9430.58,9555.33,1.0705385588505,29356805.0,121268110000.0
2025-10-02,HSCE.HK,9555.33,9567.16,9770.21,9567.16,9724.38,1.7691696676096,19184789.0,93960383000.0
2025-10-03,HSCE.HK,9724.38,9693.78,9711.99,9595.56,9658.34,-0.67911784607347,11781151.9,51857120000.0
2025-10-06,HSCE.HK,9658.34,9587.08,9644.29,9537.2,9573.38,-0.87965426771061,8759495.1,43485799000.0
2025-10-08,HSCE.HK,9573.38,9564.37,9564.37,9408.45,9523.87,-0.51716321717093,17895964.0,64738422000.0
2025-10-09,HSCE.HK,9523.87,9556.83,9623.48,9440.95,9530.13,0.065729582617134,31584317.0,132079426000.0
2025-10-10,HSCE.HK,9530.13,9440.76,9475.03,9341.32,9358.32,-1.8028085660951,26909878.0,126306711000.0
2025-10-13,HSCE.HK,9358.32,9134.84,9228.07,9017.61,9222.54,-1.4509014438489,43880613.0,194815470000.0
2025-10-14,HSCE.HK,9222.54,9251.66,9308.34,9039.14,9079.16,-1.554669321033,40618261.0,149255580000.0
2025-10-15,HSCE.HK,9079.16,9187.27,9281.05,9121.51,9250.91,1.8916948263936,29702795.0,102479862000.0
2025-10-16,HSCE.HK,9250.91,9245.19,9329.31,9186.59,9259.46,0.092423339974114,29054435.0,92120747000.0
2025-10-17,HSCE.HK,9259.46,9259.65,9259.65,8973.2,9011.97,-2.6728340529577,35367387.0,116455868000.0
2025-10-20,HSCE.HK,9011.97,9265.63,9265.63,9172.26,9232.67,2.448965098641,25420404.0,83398362000.0
2025-10-21,HSCE.HK,9232.67,9357.18,9435.92,9298.26,9302.66,0.7580689009788,26489204.0,102782462000.0
2025-10-22,HSCE.HK,9302.66,9261.44,9274.69,9156.98,9223.78,-0.84792951693386,25033752.0,77909986000.0
2025-10-23,HSCE.HK,9223.78,9191.79,9338.06,9144.32,9300.74,0.83436508676485,28098338.0,93255983000.0
2025-10-24,HSCE.HK,9300.74,9380.43,9394.7,9317.43,9363.94,0.67951582347212,23507646.0,86654238000.0
2025-10-27,HSCE.HK,9363.94,9486.35,9486.35,9398.41,9467.22,1.1029545255523,28304026.0,102352327000.0
2025-10-28,HSCE.HK,9467.22,9489.77,9489.77,9347.1,9375.79,-0.96575341018798,23884318.0,87316492000.0
2025-10-30,HSCE.HK,9375.79,9431.47,9473.02,9293.62,9346.86,-0.30856066528794,38156023.0,130610783000.0
2025-10-31,HSCE.HK,9346.86,9313.83,9320.22,9168.58,9168.58,-1.9073785207011,31367963.0,95759283000.0
2025-11-03,HSCE.HK,9168.58,9198.85,9287.98,9172.23,9258.73,0.98324931450671,28908538.0,82764974000.0
2025-11-04,HSCE.HK,9258.73,9241.36,9311.35,9158.31,9173.21,-0.92366879690844,30002364.0,92271638000.0
2025-11-05,HSCE.HK,9173.21,9075.1,9182.36,9006.5,9163.24,-0.10868605428197,23635572.0,79373711000.0
2025-11-06,HSCE.HK,9163.24,9203.32,9365.81,9201.14,9355.97,2.1032953409493,23537402.0,85093385000.0
2025-11-07,HSCE.HK,9355.97,9313.07,9324.73,9244.69,9267.56,-0.94495813902781,22618556.0,76987871000.0
2025-11-10,HSCE.HK,9267.56,9291.72,9449.47,9288.85,9443.24,1.8956445925357,27326024.0,84601604000.0
2025-11-11,HSCE.HK,9443.24,9484.71,9493.44,9382.31,9461.49,0.19325994044417,21533368.0,79818513000.0
2025-11-12,HSCE.HK,9461.49,9490.25,9575.82,9473.88,9538.99,0.81910988649779,29572102.0,94149468000.0
2025-11-13,HSCE.HK,9538.99,9491.64,9645.9,9464.58,9599.06,0.62973123989017,28165678.0,100010725000.0
2025-11-14,HSCE.HK,9599.06,9439.21,9522.63,9381.95,9397.96,-2.0949968017702,24371013.0,90026905000.0
2025-11-17,HSCE.HK,9397.96,9364.2,9391.95,9286.18,9328.4,-0.74016063060493,21527384.0,79349036000.0
2025-11-18,HSCE.HK,9328.4,9261.58,9274.5,9132.62,9174.84,-1.6461558252219,26861736.0,92542357000.0
2025-11-19,HSCE.HK,9174.84,9192.45,9242.53,9116.16,9151.04,-0.25940506864424,26172075.0,83953217000.0
2025-11-20,HSCE.HK,9151.04,9203.07,9216.43,9085.68,9143.34,-0.084143441619758,26178943.0,83143746000.0
2025-11-21,HSCE.HK,9143.34,9012.37,9025.78,8902.02,8919.78,-2.4450583703548,34285954.0,115502228000.0
2025-11-24,HSCE.HK,8919.78,8991.62,9099.74,8948.21,9079.42,1.7897302399835,38205503.0,126310875000.0
2025-11-25,HSCE.HK,9079.42,9157.6,9218.11,9101.39,9158.31,0.86888810078176,24906144.0,93278677000.0
2025-11-26,HSCE.HK,9158.31,9216.48,9242.42,9160.38,9162.37,0.044331323137143,20461560.0,85772426000.0
2025-11-27,HSCE.HK,9162.37,9156.98,9240.56,9118.08,9164.87,0.027285516738573,21617328.0,83306818000.0
2025-11-28,HSCE.HK,9164.87,9196.22,9196.22,9112.54,9130.18,-0.3785105517045,16298510.0,56464716000.0
2025-12-01,HSCE.HK,9130.18,9158.34,9222.87,9125.89,9172.84,0.46724160969444,20973169.0,76253297000.0
2025-12-02,HSCE.HK,9172.84,9224.1,9248.48,9147.13,9182.65,0.10694615844165,20968770.0,71667852000.0
2025-12-03,HSCE.HK,9182.65,9132.53,9136.37,9016.11,9028.55,-1.6781647999216,19366294.0,57991883000.0
2025-12-04,HSCE.HK,9028.55,9051.9,9130.66,8999.25,9106.48,0.86315078279458,19214488.0,65850828000.0
2025-12-05,HSCE.HK,9106.48,9077.14,9214.09,9045.74,9198.3,1.0082929957569,26493063.0,89016616000.0
2025-12-08,HSCE.HK,9198.3,9198.6,9219.02,9083.53,9083.53,-1.2477305589076,28202830.0,91365619000.0
2025-12-09,HSCE.HK,9083.53,9083.11,9099.17,8919.25,8936.41,-1.6196346574515,26363837.0,80055560000.0
2025-12-10,HSCE.HK,8936.41,8936.87,8954.69,8867.12,8954.69,0.20455641583142,25094307.0,70997155000.0
2025-12-11,HSCE.HK,8954.69,9006.27,9031.57,8907.64,8934.28,-0.22792525481061,20640742.0,61625111000.0
2025-12-12,HSCE.HK,8934.28,9013.06,9084.95,8969.0,9079.35,1.6237458418585,27381866.0,95060963000.0
2025-12-15,HSCE.HK,9079.35,8980.13,9008.58,8915.48,8917.7,-1.7804137961418,25556892.0,81859464000.0
2025-12-16,HSCE.HK,8917.7,8886.24,8894.56,8707.51,8757.93,-1.7916054588066,27190689.0,83913651000.0
2025-12-17,HSCE.HK,8757.93,8768.33,8868.08,8736.13,8843.57,0.97785663963973,22310614.0,67387093000.0
2025-12-18,HSCE.HK,8843.57,8788.92,8848.34,8756.41,8841.51,-0.023293760325293,23696230.0,58362371000.0
2025-12-19,HSCE.HK,8841.51,8893.1,8924.16,8850.52,8901.23,0.67545023417945,29551512.0,80981240000.0
2025-12-22,HSCE.HK,8901.23,8944.74,8966.52,8891.73,8939.68,0.43196277368409,20756128.0,67229116000.0
2025-12-23,HSCE.HK,8939.68,8966.0,8985.24,8895.38,8913.83,-0.2891602383978,19703047.0,61772319000.0
2025-12-24,HSCE.HK,8913.83,8922.07,8937.87,8890.8,8915.12,0.014471893675344,11552208.4,34271747000.0
2025-12-29,HSCE.HK,8915.12,8967.79,9053.06,8887.96,8891.71,-0.26258760398067,26968983.0,85824751000.0
2025-12-30,HSCE.HK,8891.71,8902.45,9020.79,8895.66,8991.02,1.1168830292486,28856066.0,76502161000.0
2025-12-31,HSCE.HK,8991.02,8970.49,8981.52,8882.93,8913.68,-0.86019161340983,15279505.0,46347438000.0
2026-01-02,HSCE.HK,8913.68,8949.76,9172.83,8941.75,9168.99,2.8642491092343,12801586.9,52244102000.0
2026-01-05,HSCE.HK,9168.99,9166.25,9196.84,9112.9,9148.47,-0.22379782287908,32783360.0,113911766000.0
2026-01-06,HSCE.HK,9148.47,9192.41,9309.81,9181.2,9244.24,1.04684171233,33393314.0,117245746000.0
2026-01-07,HSCE.HK,9244.24,9216.74,9219.21,9092.71,9138.75,-1.1411430252784,32176582.0,109066429000.0
2026-01-08,HSCE.HK,9138.75,9099.63,9099.63,8968.1,9039.34,-1.0877855286554,27655896.0,94055721000.0
2026-01-09,HSCE.HK,9039.34,9070.91,9103.58,9024.59,9048.53,0.10166671460528,27085922.0,89895055000.0
2026-01-12,HSCE.HK,9048.53,9116.01,9220.08,9036.14,9220.08,1.8958880613757,27898320.0,121138498000.0
2026-01-13,HSCE.HK,9220.08,9335.53,9389.77,9238.39,9285.41,0.70856218167304,29139290.0,116118908000.0
2026-01-14,HSCE.HK,9285.41,9328.05,9370.33,9241.49,9315.56,0.32470294795814,32059056.0,138401850000.0
2026-01-15,HSCE.HK,9315.56,9305.13,9389.45,9233.11,9266.86,-0.52278123913108,25939712.0,119296807000.0
2026-01-16,HSCE.HK,9266.86,9330.22,9355.95,9186.21,9220.81,-0.4969320783955,24057638.0,95558878000.0
2026-01-19,HSCE.HK,9220.81,9151.07,9193.93,9119.39,9134.45,-0.9365771553692,22482679.0,74172411000.0
2026-01-20,HSCE.HK,9134.45,9119.42,9150.34,9045.86,9094.76,-0.43450891952992,22488150.0,90080117000.0
2026-01-21,HSCE.HK,9094.76,9067.54,9161.26,9061.39,9122.95,0.30995870149405,24763665.0,88771979000.0
2026-01-22,HSCE.HK,9122.95,9173.54,9180.92,9075.13,9114.3,-0.094815821636658,24923153.0,89861117000.0
2026-01-23,HSCE.HK,9114.3,9201.85,9210.0,9130.99,9160.81,0.51029700580407,20954881.0,87547351000.0
2026-01-26,HSCE.HK,9160.81,9188.19,9202.2,9097.01,9147.21,-0.14845848784114,23150536.0,85370958000.0
2026-01-27,HSCE.HK,9147.21,9173.2,9271.43,9150.51,9244.88,1.0677572724361,24808573.0,90070369000.0
2026-01-28,HSCE.HK,9244.88,9302.93,9512.24,9270.45,9512.24,2.8919791279065,42603709.0,132095552000.0
2026-01-29,HSCE.HK,9512.24,9452.21,9585.82,9432.43,9552.58,0.42408517867506,37136241.0,115003907000.0
2026-01-30,HSCE.HK,9552.58,9487.76,9525.65,9313.45,9317.09,-2.4651978837131,37461752.0,108784311000.0
2026-02-02,HSCE.HK,9317.09,9191.35,9200.7,8990.4,9080.19,-2.542639386332,37757186.0,128438844000.0
2026-02-03,HSCE.HK,9080.19,9133.88,9178.39,8919.66,9053.11,-0.29823164493254,26864763.0,129621560000.0
2026-02-04,HSCE.HK,9053.11,9039.66,9118.15,8957.24,9048.38,-0.052247238794198,23340813.0,111221481000.0
2026-02-05,HSCE.HK,9048.38,8978.46,9108.27,8915.17,9093.34,0.49688452518573,25248646.0,132186678000.0
2026-02-06,HSCE.HK,9093.34,8922.14,9089.34,8918.12,9031.38,-0.6813777995764,23079138.0,92087977000.0
2026-02-09,HSCE.HK,9031.38,9170.57,9206.5,9123.47,9168.33,1.5163795566126,20936135.0,88676224000.0
2026-02-10,HSCE.HK,9168.33,9226.56,9311.38,9205.58,9242.75,0.8117072574831,19855829.0,87226382000.0
2026-02-11,HSCE.HK,9242.75,9258.27,9292.76,9220.85,9268.18,0.27513456492927,20604319.0,79870212000.0
2026-02-12,HSCE.HK,9268.18,9250.27,9252.16,9146.51,9175.18,-1.0034332522674,22272081.0,90886097000.0
2026-02-13,HSCE.HK,9175.18,9062.56,9106.9,8979.13,9032.71,-1.5527760763277,20635013.0,87444127000.0
2026-02-16,HSCE.HK,9032.71,9025.6,9085.64,8949.3,9070.32,0.41637559492113,6762375.4,27454743000.0
2026-02-20,HSCE.HK,9070.32,9052.67,9072.51,8945.41,8959.56,-1.2211256052708,13786268.0,56613956000.0
2026-02-23,HSCE.HK,8959.56,9091.15,9235.68,9090.75,9197.38,2.6543714200251,14748918.0,60146557000.0
2026-02-24,HSCE.HK,9197.38,9130.13,9130.13,8977.57,9007.86,-2.0605868192898,20866122.0,90010807000.0
2026-02-25,HSCE.HK,9007.86,9069.19,9105.7,9016.54,9034.75,0.29851707286747,20576161.0,71508419000.0
2026-02-26,HSCE.HK,9034.75,9078.96,9078.96,8814.29,8814.29,-2.4401339273361,22461014.0,89355363000.0
2026-02-27,HSCE.HK,8814.29,8817.53,8892.3,8790.72,8859.49,0.51280364045203,26638268.0,90779788000.0
2026-03-02,HSCE.HK,8859.49,8771.05,8802.43,8625.08,8701.91,-1.7786576879708,39553221.0,125584346000.0
2026-03-03,HSCE.HK,8701.91,8744.02,8755.34,8586.42,8608.71,-1.0710292338119,39178200.0,113688110000.0
2026-03-04,HSCE.HK,8608.71,8516.84,8543.31,8364.58,8483.95,-1.4492299078491,39367223.0,121317751000.0
2026-03-05,HSCE.HK,8483.95,8577.42,8603.98,8432.8,8451.43,-0.38331201857626,27622632.0,94998380000.0
2026-03-06,HSCE.HK,8451.43,8469.51,8641.91,8450.73,8628.13,2.0907704376656,28214201.0,107460390000.0
2026-03-09,HSCE.HK,8628.13,8438.85,8588.67,8402.71,8581.46,-0.54090515557832,44106353.0,129322059000.0
2026-03-10,HSCE.HK,8581.46,8676.55,8717.69,8605.45,8710.26,1.5009101015445,29858027.0,105948988000.0
2026-03-11,HSCE.HK,8710.26,8765.7,8783.78,8677.03,8704.52,-0.065899295773028,27211137.0,93111253000.0
2026-03-12,HSCE.HK,8704.52,8668.9,8745.38,8622.41,8699.55,-0.057096772711203,25015586.0,74265352000.0
2026-03-13,HSCE.HK,8699.55,8670.94,8730.07,8640.48,8671.48,-0.32266036749027,24232474.0,66527242000.0
2026-03-16,HSCE.HK,8671.48,8682.4,8820.49,8621.84,8816.32,1.6703031085812,27369336.0,84544704000.0
2026-03-17,HSCE.HK,8816.32,8839.81,8959.86,8813.84,8826.73,0.11807647635294,25022305.0,86386986000.0
2026-03-18,HSCE.HK,8826.73,8833.95,8868.89,8763.6,8835.5,0.09935729313121,21818863.0,78322790000.0
2026-03-19,HSCE.HK,8835.5,8692.21,8770.16,8672.54,8695.88,-1.5802161733914,30775075.0,119891673000.0
2026-03-20,HSCE.HK,8695.88,8624.7,8698.49,8529.49,8574.07,-1.4007782996085,39465288.0,125486718000.0
2026-03-23,HSCE.HK,8574.07,8433.85,8433.85,8242.67,8307.82,-3.1052930521911,42936698.0,134154725000.0
2026-03-24,HSCE.HK,8307.82,8396.89,8508.78,8328.37,8499.53,2.3075849019358,33818613.0,100616922000.0
2026-03-25,HSCE.HK,8499.53,8559.96,8610.39,8459.53,8582.74,0.97899530915238,40845073.0,156535920000.0
2026-03-26,HSCE.HK,8582.74,8547.82,8557.62,8365.67,8389.93,-2.2464853881161,35557401.0,116504638000.0
2026-03-27,HSCE.HK,8389.93,8377.46,8509.7,8353.73,8453.77,0.76091218877869,30837586.0,89479930000.0
2026-03-30,HSCE.HK,8453.77,8301.1,8424.63,8286.24,8399.12,-0.64645714278954,35707515.0,102452553000.0
2026-03-31,HSCE.HK,8399.12,8411.36,8469.78,8310.39,8374.3,-0.29550714836794,33628319.0,90753797000.0
2026-04-01,HSCE.HK,8374.3,8547.93,8565.27,8478.9,8504.81,1.5584586174367,32654863.0,97852580000.0
2026-04-02,HSCE.HK,8504.81,8477.35,8500.81,8380.57,8456.92,-0.56309312024607,27577786.0,82599908000.0
2026-04-08,HSCE.HK,8456.92,8598.19,8691.97,8585.11,8677.31,2.6060315102898,41252628.0,140433560000.0
2026-04-09,HSCE.HK,8677.31,8623.71,8659.48,8592.53,8611.83,-0.75461174027434,23871067.0,78332905000.0
2026-04-10,HSCE.HK,8611.83,8655.31,8724.91,8641.3,8655.04,0.50175166021625,21027224.0,75282448000.0
2026-04-13,HSCE.HK,8655.04,8606.65,8607.8,8553.73,8602.06,-0.61212888675271,18351692.0,63915125000.0
2026-04-14,HSCE.HK,8602.06,8674.32,8707.1,8592.45,8671.61,0.80852725974942,22245532.0,70955877000.0
2026-04-15,HSCE.HK,8671.61,8776.2,8794.47,8708.79,8718.26,0.537962385301,24634216.0,84240094000.0
2026-04-16,HSCE.HK,8718.26,8779.3,8907.07,8779.3,8905.11,2.1432028868146,23300639.0,88865378000.0
2026-04-17,HSCE.HK,8905.11,8840.57,8874.29,8780.28,8845.02,-0.67478110882404,24375406.0,74603280000.0
2026-04-20,HSCE.HK,8845.02,8856.25,8923.95,8803.96,8899.06,0.61096526633065,25634173.0,78960419000.0
2026-04-21,HSCE.HK,8899.06,8936.38,8958.47,8887.48,8943.54,0.49982807172894,21134242.0,57569527000.0
2026-04-22,HSCE.HK,8943.54,8878.43,8878.43,8782.03,8801.78,-1.5850546875175,22256132.0,67865344000.0
2026-04-23,HSCE.HK,8801.78,8799.16,8799.16,8703.32,8732.63,-0.78563654169954,21969017.0,73016741000.0
2026-04-24,HSCE.HK,8732.63,8680.33,8789.85,8646.43,8775.62,0.4922915547779,24223930.0,76710354000.0
2026-04-27,HSCE.HK,8775.62,8788.49,8828.11,8734.23,8756.32,-0.21992748090734,21920275.0,88243332000.0
2026-04-28,HSCE.HK,8756.32,8711.58,8730.47,8624.94,8644.81,-1.2734801834561,28597118.0,84379435000.0
2026-04-29,HSCE.HK,8644.81,8700.37,8814.73,8688.2,8805.6,1.8599599065798,33292299.0,91406179000.0
2026-04-30,HSCE.HK,8805.6,8757.9,8787.55,8668.4,8681.83,-1.4055828109385,37528127.0,111371959000.0
2026-05-04,HSCE.HK,8681.83,8788.89,8867.75,8773.38,8774.39,1.0661346743716,15551148.0,59813943000.0
2026-05-05,HSCE.HK,8774.39,8736.35,8739.81,8633.29,8730.49,-0.50031968034245,12897737.7,38224475000.0
2026-05-06,HSCE.HK,8730.49,8786.0,8810.95,8706.6,8800.75,0.80476582643128,30730712.0,116780449000.0
2026-05-07,HSCE.HK,8800.75,8915.03,8945.56,8895.93,8919.48,1.3490895662301,32632567.0,120304931000.0
2026-05-08,HSCE.HK,8919.48,8863.45,8917.77,8840.78,8889.07,-0.34093915788813,25706819.0,92747089000.0
2026-05-11,HSCE.HK,8889.07,8853.02,8898.57,8816.86,8884.2,-0.05478638372742,26856698.0,95967944000.0
2026-05-12,HSCE.HK,8884.2,8902.3,8957.8,8872.53,8882.37,-0.020598365637873,25378591.0,87369022000.0
2026-05-13,HSCE.HK,8882.37,8877.61,8907.69,8815.19,8876.38,-0.067436956578048,23884050.0,91331321000.0
2026-05-14,HSCE.HK,8876.38,9070.0,9070.0,8853.37,8858.63,-0.19996890624331,27451369.0,113182919000.0
2026-05-15,HSCE.HK,8858.63,8835.46,8835.46,8646.42,8691.03,-1.8919404016196,25828141.0,91912539000.0
2026-05-18,HSCE.HK,8691.03,8647.46,8647.46,8539.8,8597.97,-1.0707591620326,25377510.0,90427498000.0
2025-09-01,HSCI.HK,3846.37,3917.83,3933.25,3903.29,3931.59,2.2155954835338,181003100.0,293229270000.0
2025-09-02,HSCI.HK,3931.59,3934.17,3945.96,3894.73,3908.95,-0.57584844808335,182878810.0,231955090000.0
2025-09-03,HSCI.HK,3908.95,3934.17,3952.41,3879.01,3890.56,-0.4704588188644,132176661.0,180088920000.0
2025-09-04,HSCI.HK,3890.56,3912.19,3913.21,3827.21,3838.21,-1.3455646487909,179400510.0,219375490000.0
2025-09-05,HSCI.HK,3838.21,3849.72,3909.71,3843.56,3902.87,1.684639454329,171374040.0,232109190000.0
2025-09-08,HSCI.HK,3902.87,3909.97,3942.96,3904.26,3941.4,0.98722222364568,157958580.0,229422980000.0
2025-09-09,HSCI.HK,3941.4,3952.62,3998.03,3947.73,3984.87,1.1029075962856,164407730.0,226427640000.0
2025-09-10,HSCI.HK,3984.87,4001.98,4031.85,3995.95,4017.83,0.82712861398239,139050770.0,220540880000.0
2025-09-11,HSCI.HK,4017.83,3982.14,4030.28,3962.09,4007.65,-0.25337060054805,149159370.0,239842920000.0
2025-09-12,HSCI.HK,4007.65,4079.4,4089.71,4051.6,4061.53,1.3444287799583,159849360.0,234338950000.0
2025-09-15,HSCI.HK,4061.53,4053.16,4081.95,4040.38,4065.65,0.1014396052719,137643220.0,211380770000.0
2025-09-16,HSCI.HK,4065.65,4079.4,4085.02,4038.8,4060.53,-0.12593312262492,143535490.0,212645820000.0
2025-09-17,HSCI.HK,4060.53,4079.95,4135.15,4076.19,4133.55,1.7982874156822,187611630.0,270383150000.0
2025-09-18,HSCI.HK,4133.55,4131.42,4157.21,4038.51,4080.37,-1.2865454633427,190970310.0,308394850000.0
2025-09-19,HSCI.HK,4080.37,4088.84,4097.16,4058.77,4078.81,-0.038231827015686,188479720.0,270678810000.0
2025-09-22,HSCI.HK,4078.81,4072.5,4076.57,4032.96,4057.67,-0.51828842235848,127656094.0,204011180000.0
2025-09-23,HSCI.HK,4057.67,4070.42,4073.06,3999.27,4029.74,-0.68832605904374,128570902.0,203614910000.0
2025-09-24,HSCI.HK,4029.74,4018.24,4095.54,4012.49,4089.53,1.4837185525617,124211652.0,222750710000.0
2025-09-25,HSCI.HK,4089.53,4096.84,4111.53,4071.23,4083.95,-0.13644599746182,147559000.0,239541740000.0
2025-09-26,HSCI.HK,4083.95,4050.37,4073.5,4019.47,4029.59,-1.3310642882503,142412560.0,242699200000.0
2025-09-29,HSCI.HK,4029.59,4056.61,4122.9,4056.61,4112.18,2.0495881715013,125152302.0,222471410000.0
2025-09-30,HSCI.HK,4112.18,4124.74,4163.14,4110.64,4158.21,1.1193576156686,134352350.0,234704070000.0
2025-10-02,HSCI.HK,4158.21,4172.16,4235.95,4171.65,4222.26,1.5403262461492,66782500.0,150952010000.0
2025-10-03,HSCI.HK,4222.26,4216.04,4221.45,4178.03,4204.46,-0.42157517538001,43809747.0,86673527000.0
2025-10-06,HSCI.HK,4204.46,4186.08,4201.1,4165.22,4179.58,-0.59175256751164,40630280.0,76301577000.0
2025-10-08,HSCI.HK,4179.58,4171.06,4171.06,4108.8,4162.31,-0.41319941238114,60543495.0,110000961000.0
2025-10-09,HSCI.HK,4162.31,4168.71,4177.69,4103.56,4142.49,-0.47617789160348,165470540.0,299870440000.0
2025-10-10,HSCI.HK,4142.49,4107.14,4112.56,4053.25,4061.51,-1.9548628964705,136597040.0,250707420000.0
2025-10-13,HSCI.HK,4061.51,3950.56,4008.34,3912.64,4007.68,-1.3253691361095,174443130.0,341162630000.0
2025-10-14,HSCI.HK,4007.68,4028.84,4048.62,3907.77,3922.92,-2.1149393165123,164508590.0,280702100000.0
2025-10-15,HSCI.HK,3922.92,3963.75,4014.19,3942.67,4002.86,2.0377677852212,134720620.0,213528610000.0
2025-10-16,HSCI.HK,4002.86,4002.56,4033.33,3968.1,4001.34,-0.037972849412669,132272605.0,204053640000.0
2025-10-17,HSCI.HK,4001.34,3999.88,3999.88,3876.84,3894.61,-2.6673564355941,146337770.0,233016080000.0
2025-10-20,HSCI.HK,3894.61,3988.32,3993.08,3960.01,3983.05,2.2708307121894,98497710.0,163975580000.0
2025-10-21,HSCI.HK,3983.05,4033.01,4065.59,4012.41,4014.29,0.78432357113267,108781279.0,191181620000.0
2025-10-22,HSCI.HK,4014.29,3996.99,3998.37,3952.91,3976.31,-0.94611998634877,88926819.0,159000230000.0
2025-10-23,HSCI.HK,3976.31,3967.68,4014.11,3934.83,3999.43,0.58144359971934,110286910.0,174830260000.0
2025-10-24,HSCI.HK,3999.43,4031.84,4043.61,4017.71,4035.56,0.90337873146924,89061186.0,162606300000.0
2025-10-27,HSCI.HK,4035.56,4092.58,4092.58,4065.76,4086.28,1.2568268096621,103735598.0,194333850000.0
2025-10-28,HSCI.HK,4086.28,4098.03,4098.03,4047.64,4064.21,-0.54010004209208,92810296.0,172552660000.0
2025-10-30,HSCI.HK,4064.21,4102.6,4104.43,4033.17,4060.81,-0.08365709449069,140976290.0,247160550000.0
2025-10-31,HSCI.HK,4060.81,4055.48,4056.81,3996.49,3996.49,-1.5839204493685,106442728.0,188565580000.0
2025-11-03,HSCI.HK,3996.49,4009.61,4036.07,3990.5,4028.52,0.80145327524904,103702714.0,165303960000.0
2025-11-04,HSCI.HK,4028.52,4030.02,4045.51,3978.34,3987.92,-1.007814284154,106859844.0,170543640000.0
2025-11-05,HSCI.HK,3987.92,3949.32,3992.9,3910.99,3986.86,-0.026580272422715,104657393.0,158398440000.0
2025-11-06,HSCI.HK,3986.86,4006.16,4071.79,4006.16,4071.01,2.1106835956116,126822676.0,166423290000.0
2025-11-07,HSCI.HK,4071.01,4052.27,4052.27,4019.26,4029.3,-1.0245614724602,134078411.0,152636380000.0
2025-11-10,HSCI.HK,4029.3,4043.52,4096.8,4040.71,4092.71,1.5737224828134,116237759.0,162247770000.0
2025-11-11,HSCI.HK,4092.71,4110.53,4114.43,4070.15,4100.35,0.18667337778636,93934544.0,145136880000.0
2025-11-12,HSCI.HK,4100.35,4104.89,4140.6,4102.02,4128.34,0.68262465399295,123576400.0,172310610000.0
2025-11-13,HSCI.HK,4128.34,4110.97,4180.36,4108.06,4162.71,0.83253801770203,103504321.0,186560480000.0
2025-11-14,HSCI.HK,4162.71,4099.37,4132.17,4073.81,4080.05,-1.9857256450726,100591067.0,162612210000.0
2025-11-17,HSCI.HK,4080.05,4062.13,4072.62,4029.0,4052.36,-0.67866815357655,93719189.0,149962260000.0
2025-11-18,HSCI.HK,4052.36,4022.07,4026.59,3963.12,3978.94,-1.8117837507033,118422311.0,179264540000.0
2025-11-19,HSCI.HK,3978.94,3985.2,3999.41,3952.96,3970.37,-0.21538399674286,88002771.0,143862120000.0
2025-11-20,HSCI.HK,3970.37,3995.86,4003.58,3941.74,3965.39,-0.12542911617809,94822068.0,157718330000.0
2025-11-21,HSCI.HK,3965.39,3904.2,3904.2,3853.74,3861.12,-2.6295017640131,119944560.0,200547680000.0
2025-11-24,HSCI.HK,3861.12,3893.05,3945.66,3878.95,3939.5,2.0299809381734,131683864.0,235734520000.0
2025-11-25,HSCI.HK,3939.5,3975.41,3995.55,3940.63,3966.73,0.69120446757203,89944604.0,165014360000.0
2025-11-26,HSCI.HK,3966.73,3982.23,3997.48,3964.01,3967.41,0.017142583437739,84835148.0,147667400000.0
2025-11-27,HSCI.HK,3967.41,3970.63,3992.42,3951.08,3964.68,-0.068810634645777,76378186.0,145338720000.0
2025-11-28,HSCI.HK,3964.68,3973.97,3974.66,3946.56,3957.64,-0.17756792477577,65509469.0,104572395000.0
2025-12-01,HSCI.HK,3957.64,3971.8,4007.74,3968.86,3989.5,0.80502521704855,78731168.0,136600180000.0
2025-12-02,HSCI.HK,3989.5,4013.64,4019.06,3980.04,3997.18,0.19250532648201,86732023.0,130408307000.0
2025-12-03,HSCI.HK,3997.18,3983.11,3983.11,3940.42,3947.14,-1.2518825772169,76590126.0,114292004000.0
2025-12-04,HSCI.HK,3947.14,3954.92,3979.83,3930.6,3972.31,0.63767690023663,78323126.0,124223066000.0
2025-12-05,HSCI.HK,3972.31,3957.66,3996.82,3945.15,3991.13,0.4737797402519,85537336.0,158581100000.0
2025-12-08,HSCI.HK,3991.13,3990.81,3999.08,3948.44,3950.62,-1.0150007641946,90410577.0,156483040000.0
2025-12-09,HSCI.HK,3950.62,3956.7,3960.77,3889.09,3898.68,-1.3147303461229,115322211.0,151489260000.0
2025-12-10,HSCI.HK,3898.68,3899.73,3913.16,3869.81,3913.16,0.3714077585234,115411827.0,136141400000.0
2025-12-11,HSCI.HK,3913.16,3940.9,3952.13,3894.94,3902.14,-0.28161383638798,114337690.0,124417645000.0
2025-12-12,HSCI.HK,3902.14,3935.53,3975.18,3925.03,3972.99,1.8156703757425,133081719.0,189004640000.0
2025-12-15,HSCI.HK,3972.99,3936.12,3947.9,3914.18,3917.3,-1.401715081085,99732981.0,149376670000.0
2025-12-16,HSCI.HK,3917.3,3909.01,3909.01,3830.11,3855.78,-1.5704694560029,108527236.0,146600930000.0
2025-12-17,HSCI.HK,3855.78,3857.43,3894.67,3845.35,3891.03,0.91421191043057,87964043.0,122769253000.0
2025-12-18,HSCI.HK,3891.03,3872.27,3894.34,3858.46,3890.85,-0.0046260244716769,85826760.0,112114912000.0
2025-12-19,HSCI.HK,3890.85,3910.04,3933.03,3898.62,3924.78,0.87204595396893,102759408.0,157434340000.0
2025-12-22,HSCI.HK,3924.78,3943.86,3955.85,3926.16,3945.12,0.51824560867105,80361054.0,127094701000.0
2025-12-23,HSCI.HK,3945.12,3954.8,3962.1,3930.56,3939.27,-0.14828446283003,73355230.0,114761377000.0
2025-12-24,HSCI.HK,3939.27,3939.15,3951.75,3934.74,3942.11,0.072094575898584,43703201.0,65493241000.0
2025-12-29,HSCI.HK,3942.11,3961.34,3976.55,3908.13,3909.41,-0.82950501127569,103936689.0,158903840000.0
2025-12-30,HSCI.HK,3909.41,3909.03,3944.54,3902.43,3934.64,0.64536592478149,94955377.0,139203250000.0
2025-12-31,HSCI.HK,3934.64,3928.88,3930.45,3896.69,3907.62,-0.68672102149117,60178416.0,85227891000.0
2026-01-02,HSCI.HK,3907.62,3918.77,4010.56,3918.62,4009.37,2.6038867648338,39942551.0,81732244000.0
2026-01-05,HSCI.HK,4009.37,4012.37,4032.07,3995.16,4021.69,0.30728019614054,114845596.0,196239980000.0
2026-01-06,HSCI.HK,4021.69,4040.69,4095.36,4040.69,4077.77,1.3944386563857,129339102.0,214533580000.0
2026-01-07,HSCI.HK,4077.77,4061.47,4063.6,4018.82,4048.16,-0.72613217518399,108883573.0,194584280000.0
2026-01-08,HSCI.HK,4048.16,4025.41,4025.85,3973.51,4004.72,-1.0730801154105,103409110.0,172919900000.0
2026-01-09,HSCI.HK,4004.72,4024.25,4033.02,4006.1,4024.6,0.49641423120718,109476216.0,168720340000.0
2026-01-12,HSCI.HK,4024.6,4046.77,4084.35,4019.7,4084.35,1.4846195895244,143855640.0,223667380000.0
2026-01-13,HSCI.HK,4084.35,4141.07,4163.41,4101.34,4123.73,0.96416810508403,159657820.0,219967140000.0
2026-01-14,HSCI.HK,4123.73,4145.92,4169.91,4116.45,4153.26,0.71609925965087,190374740.0,264743460000.0
2026-01-15,HSCI.HK,4153.26,4151.02,4181.18,4117.14,4136.72,-0.39824138146901,208711660.0,212770830000.0
2026-01-16,HSCI.HK,4136.72,4163.53,4174.94,4111.24,4127.44,-0.22433232125937,142081610.0,189190400000.0
2026-01-19,HSCI.HK,4127.44,4097.42,4105.3,4078.37,4082.86,-1.0800883840831,131652629.0,152868620000.0
2026-01-20,HSCI.HK,4082.86,4079.09,4095.87,4049.52,4075.82,-0.17242815085504,121622213.0,166254650000.0
2026-01-21,HSCI.HK,4075.82,4062.4,4111.4,4062.4,4097.2,0.52455702165453,122285696.0,168616600000.0
2026-01-22,HSCI.HK,4097.2,4121.5,4126.43,4084.94,4103.49,0.15351947671581,109704975.0,171927940000.0
2026-01-23,HSCI.HK,4103.49,4139.84,4143.96,4113.48,4122.58,0.4652137570702,117097363.0,168521110000.0
2026-01-26,HSCI.HK,4122.58,4135.95,4143.71,4102.46,4121.71,-0.021103289687523,117200722.0,178390300000.0
2026-01-27,HSCI.HK,4121.71,4136.29,4175.85,4128.39,4171.96,1.2191541860053,117197753.0,175798480000.0
2026-01-28,HSCI.HK,4171.96,4198.99,4268.72,4189.21,4268.72,2.3192935694494,142903410.0,240386630000.0
2026-01-29,HSCI.HK,4268.72,4243.14,4296.72,4239.5,4285.56,0.3944976480069,209561630.0,232255010000.0
2026-01-30,HSCI.HK,4285.56,4255.93,4269.24,4193.83,4196.05,-2.0886418577736,149180950.0,212548580000.0
2026-02-02,HSCI.HK,4196.05,4147.82,4147.91,4051.8,4093.87,-2.4351473409516,158494760.0,240105710000.0
2026-02-03,HSCI.HK,4093.87,4130.06,4147.23,4035.45,4109.45,0.38056899706146,119285209.0,219721080000.0
2026-02-04,HSCI.HK,4109.45,4103.35,4131.24,4066.22,4107.29,-0.052561778340164,131361661.0,199567050000.0
2026-02-05,HSCI.HK,4107.29,4073.68,4115.3,4035.94,4111.43,0.10079638885982,124086963.0,217052100000.0
2026-02-06,HSCI.HK,4111.43,4032.33,4085.84,4019.08,4060.82,-1.2309585715919,99034317.0,166654670000.0
2026-02-09,HSCI.HK,4060.82,4126.92,4150.56,4116.14,4137.6,1.8907511290823,107593699.0,164634890000.0
2026-02-10,HSCI.HK,4137.6,4162.05,4190.16,4149.7,4161.23,0.57110402165505,99355685.0,165332260000.0
2026-02-11,HSCI.HK,4161.23,4167.19,4184.04,4155.91,4175.91,0.35278030774555,112528182.0,156787390000.0
2026-02-12,HSCI.HK,4175.91,4164.61,4166.83,4127.95,4144.4,-0.75456607062892,112895965.0,170252410000.0
2026-02-13,HSCI.HK,4144.4,4085.53,4104.87,4057.06,4078.75,-1.5840652446675,97363823.0,169784320000.0
2026-02-16,HSCI.HK,4078.75,4069.65,4097.86,4044.27,4094.0,0.37388905914802,20931358.0,48966061000.0
2026-02-20,HSCI.HK,4094.0,4086.65,4092.02,4041.08,4051.53,-1.0373717635564,41725491.0,100757771000.0
2026-02-23,HSCI.HK,4051.53,4102.08,4158.36,4102.08,4148.74,2.3993404960595,44270812.0,104502951000.0
2026-02-24,HSCI.HK,4148.74,4121.71,4121.71,4057.74,4078.66,-1.6891875605606,98820572.0,178132360000.0
2026-02-25,HSCI.HK,4078.66,4101.57,4121.48,4087.99,4104.29,0.6283926583731,82079179.0,152832180000.0
2026-02-26,HSCI.HK,4104.29,4136.99,4137.18,4033.82,4035.18,-1.6838478762466,87645183.0,184878750000.0
2026-02-27,HSCI.HK,4035.18,4043.04,4079.78,4033.86,4068.51,0.8259854578978,123872054.0,193427790000.0
2026-03-02,HSCI.HK,4068.51,4017.22,4032.16,3950.07,3979.49,-2.1880246085176,125593118.0,230361010000.0
2026-03-03,HSCI.HK,3979.49,4001.92,4004.98,3911.76,3916.8,-1.5753274917138,134807500.0,222531400000.0
2026-03-04,HSCI.HK,3916.8,3871.41,3876.12,3795.01,3840.04,-1.9597630718954,126700363.0,223685260000.0
2026-03-05,HSCI.HK,3840.04,3892.8,3915.95,3835.81,3848.23,0.21327902834346,104367308.0,184130500000.0
2026-03-06,HSCI.HK,3848.23,3850.84,3920.99,3837.11,3914.33,1.7176728002224,105788757.0,203427940000.0
2026-03-09,HSCI.HK,3914.33,3807.57,3865.4,3777.85,3859.31,-1.4056045351312,125824753.0,251460800000.0
2026-03-10,HSCI.HK,3859.31,3912.97,3956.36,3899.61,3956.36,2.5146982232575,93153703.0,202873100000.0
2026-03-11,HSCI.HK,3956.36,3987.52,3992.84,3939.42,3951.42,-0.12486224711604,85612028.0,180817760000.0
2026-03-12,HSCI.HK,3951.42,3926.4,3957.85,3886.6,3918.3,-0.83817969236376,110299045.0,163667050000.0
2026-03-13,HSCI.HK,3918.3,3898.05,3915.8,3867.96,3874.31,-1.1226807544088,115887170.0,163366420000.0
2026-03-16,HSCI.HK,3874.31,3869.31,3927.56,3843.95,3922.91,1.2544169155282,93899239.0,171250500000.0
2026-03-17,HSCI.HK,3922.91,3941.39,3988.96,3920.89,3923.7,0.020138111758872,87600469.0,174693800000.0
2026-03-18,HSCI.HK,3923.7,3931.24,3966.34,3910.14,3952.42,0.73196217855596,93996653.0,165833870000.0
2026-03-19,HSCI.HK,3952.42,3876.16,3892.38,3841.66,3849.77,-2.5971430161774,98160012.0,205515160000.0
2026-03-20,HSCI.HK,3849.77,3821.04,3856.34,3784.72,3808.79,-1.0644791766781,115671714.0,236436940000.0
2026-03-23,HSCI.HK,3808.79,3735.08,3735.08,3643.54,3675.66,-3.4953357890564,131580162.0,248961060000.0
2026-03-24,HSCI.HK,3675.66,3735.68,3785.78,3696.4,3780.95,2.8645195692746,98539107.0,194869130000.0
2026-03-25,HSCI.HK,3780.95,3814.79,3837.8,3778.25,3824.66,1.1560586625055,111735086.0,250263150000.0
2026-03-26,HSCI.HK,3824.66,3818.1,3818.38,3737.05,3745.27,-2.0757400657836,90334950.0,197597490000.0
2026-03-27,HSCI.HK,3745.27,3728.3,3783.14,3718.46,3761.43,0.43147757037543,84968689.0,170523960000.0
2026-03-30,HSCI.HK,3761.43,3700.06,3736.21,3673.45,3727.78,-0.89460657250034,99180318.0,198563430000.0
2026-03-31,HSCI.HK,3727.78,3736.95,3760.62,3688.51,3721.24,-0.17543953774097,105011265.0,184454540000.0
2026-04-01,HSCI.HK,3721.24,3814.01,3831.88,3792.04,3813.67,2.4838494695317,102243919.0,203930260000.0
2026-04-02,HSCI.HK,3813.67,3810.49,3810.49,3751.78,3785.76,-0.73184098257059,78314914.0,160812360000.0
2026-04-08,HSCI.HK,3785.76,3888.08,3923.38,3873.9,3917.03,3.4674675626558,118008144.0,263570870000.0
2026-04-09,HSCI.HK,3917.03,3896.21,3910.16,3880.05,3893.34,-0.60479495944632,75369662.0,162625810000.0
2026-04-10,HSCI.HK,3893.34,3916.42,3944.94,3906.74,3915.37,0.56583807219508,92162787.0,172519990000.0
2026-04-13,HSCI.HK,3915.37,3889.72,3889.72,3853.32,3877.6,-0.96465978949627,72896120.0,144449850000.0
2026-04-14,HSCI.HK,3877.6,3919.21,3927.55,3878.77,3908.73,0.80281617495358,83421984.0,161630320000.0
2026-04-15,HSCI.HK,3908.73,3956.98,3967.75,3929.2,3929.8,0.53904976808324,78689298.0,174695930000.0
2026-04-16,HSCI.HK,3929.8,3958.47,4001.79,3957.5,4001.43,1.8227390706906,76032021.0,176430450000.0
2026-04-17,HSCI.HK,4001.43,3979.57,3988.45,3944.53,3967.73,-0.84219891388828,91194651.0,157139300000.0
2026-04-20,HSCI.HK,3967.73,3975.76,4005.27,3956.98,3995.96,0.71148994513236,87514291.0,158658870000.0
2026-04-21,HSCI.HK,3995.96,4007.9,4015.23,3988.25,4011.32,0.38438823211444,73010559.0,130154945000.0
2026-04-22,HSCI.HK,4011.32,3983.65,3983.65,3949.14,3961.51,-1.2417358874385,78503389.0,158801910000.0
2026-04-23,HSCI.HK,3961.51,3956.18,3956.91,3905.68,3915.58,-1.1594063879682,82780718.0,162389010000.0
2026-04-24,HSCI.HK,3915.58,3889.35,3927.2,3866.32,3921.99,0.16370499389618,81940136.0,162871520000.0
2026-04-27,HSCI.HK,3921.99,3922.53,3935.24,3901.59,3907.28,-0.37506469929805,78260434.0,165596620000.0
2026-04-28,HSCI.HK,3907.28,3893.62,3904.11,3855.07,3867.48,-1.0186114125427,89170523.0,171846650000.0
2026-04-29,HSCI.HK,3867.48,3888.38,3932.94,3884.01,3931.19,1.6473259073092,95812918.0,175558340000.0
2026-04-30,HSCI.HK,3931.19,3912.09,3917.79,3868.31,3873.84,-1.4588457947848,111462198.0,213039750000.0
2026-05-04,HSCI.HK,3873.84,3923.94,3958.8,3923.94,3930.32,1.457984841914,45174517.0,107328963000.0
2026-05-05,HSCI.HK,3930.32,3908.85,3908.85,3869.36,3897.27,-0.84089845101672,35179371.0,75607586000.0
2026-05-06,HSCI.HK,3897.27,3914.41,3942.3,3891.6,3940.54,1.1102643645424,107839444.0,219198270000.0
2026-05-07,HSCI.HK,3940.54,3993.38,4020.97,3993.38,4017.63,1.9563308582073,116445857.0,231845240000.0
2026-05-08,HSCI.HK,4017.63,3979.74,3993.9,3963.65,3983.3,-0.85448386237657,100522288.0,194733980000.0
2026-05-11,HSCI.HK,3983.3,3974.14,3982.23,3954.43,3978.38,-0.12351567795547,108859500.0,194104320000.0
2026-05-12,HSCI.HK,3978.38,3989.48,4001.14,3960.22,3962.06,-0.41021722409624,98497217.0,177453930000.0
2026-05-13,HSCI.HK,3962.06,3965.75,3976.48,3939.92,3966.63,0.11534403820235,102354051.0,188148060000.0
2026-05-14,HSCI.HK,3966.63,4037.74,4039.75,3954.98,3959.22,-0.18680844948988,113539475.0,210107920000.0
2026-05-15,HSCI.HK,3959.22,3958.31,3958.31,3868.33,3890.29,-1.7409994897985,153503840.0,198000600000.0
2026-05-18,HSCI.HK,3890.29,3871.06,3871.06,3815.42,3843.99,-1.1901426371813,177524100.0,188045900000.0
2025-09-01,HSI.HK,25077.62,25508.21,25638.34,25471.35,25617.42,2.1525168656356,254778710.0,380231040000.0
2025-09-02,HSI.HK,25617.42,25587.97,25724.73,25416.61,25496.55,-0.47182737371679,249594440.0,328118570000.0
2025-09-03,HSI.HK,25496.55,25660.65,25789.99,25276.87,25343.43,-0.6005518393665,190693730.0,267647480000.0
2025-09-04,HSI.HK,25343.43,25489.13,25494.45,25013.26,25058.51,-1.1242361432529,239920580.0,302232860000.0
2025-09-05,HSI.HK,25058.51,25136.24,25471.8,25090.65,25417.98,1.4345226432058,233276020.0,299945380000.0
2025-09-08,HSI.HK,25417.98,25440.01,25664.01,25387.81,25633.91,0.8495167593963,221417290.0,286043170000.0
2025-09-09,HSI.HK,25633.91,25711.07,26027.94,25675.28,25938.13,1.1867873453562,231487300.0,294032880000.0
2025-09-10,HSI.HK,25938.13,26042.41,26296.6,26017.5,26200.26,1.0105971401948,204926020.0,288208560000.0
2025-09-11,HSI.HK,26200.26,25987.49,26241.46,25878.97,26086.32,-0.43488118056843,212895400.0,325205330000.0
2025-09-12,HSI.HK,26086.32,26539.44,26585.95,26329.66,26388.16,1.1570815661235,251540220.0,320733870000.0
2025-09-15,HSI.HK,26388.16,26308.91,26532.75,26280.23,26446.56,0.22131137601107,206078440.0,290194970000.0
2025-09-16,HSI.HK,26446.56,26536.63,26601.59,26332.21,26438.51,-0.03043874137129,223563210.0,294069080000.0
2025-09-17,HSI.HK,26438.51,26554.19,26936.5,26540.57,26908.39,1.777255980008,267349570.0,360283600000.0
2025-09-18,HSI.HK,26908.39,26863.69,27058.03,26322.08,26544.85,-1.3510284338825,265564070.0,413314000000.0
2025-09-19,HSI.HK,26544.85,26583.03,26637.64,26414.11,26545.1,0.0009418022704969,270512720.0,376812280000.0
2025-09-22,HSI.HK,26545.1,26459.52,26479.14,26204.01,26344.14,-0.75705120719078,202377020.0,290537150000.0
2025-09-23,HSI.HK,26344.14,26435.58,26454.09,26003.67,26159.12,-0.70231937728846,207938140.0,294560770000.0
2025-09-24,HSI.HK,26159.12,26073.69,26562.88,26057.26,26518.65,1.3743963864228,200028600.0,288772440000.0
2025-09-25,HSI.HK,26518.65,26536.13,26640.53,26403.52,26484.68,-0.1280985268858,212477070.0,314889690000.0
2025-09-26,HSI.HK,26484.68,26272.3,26406.05,26072.93,26128.2,-1.3459856792682,213810450.0,323673670000.0
2025-09-29,HSI.HK,26128.2,26321.57,26687.72,26321.57,26622.88,1.8932800575623,196415670.0,309096140000.0
2025-09-30,HSI.HK,26622.88,26674.16,26888.4,26558.28,26855.56,0.87398508350712,202145490.0,314926140000.0
2025-10-02,HSI.HK,26855.56,26918.3,27381.84,26918.3,27287.12,1.606967048909,130357490.0,222467900000.0
2025-10-03,HSI.HK,27287.12,27221.46,27262.0,26972.71,27140.92,-0.53578391563492,94069431.0,134781010000.0
2025-10-06,HSI.HK,27140.92,27003.92,27145.17,26873.34,26957.77,-0.67481131811301,99224928.0,121257259000.0
2025-10-08,HSI.HK,26957.77,26900.64,26906.2,26517.45,26829.46,-0.47596666934988,130493523.0,173803300000.0
2025-10-09,HSI.HK,26829.46,26862.03,26978.41,26480.58,26752.59,-0.28651340727692,252191290.0,386818320000.0
2025-10-10,HSI.HK,26752.59,26523.89,26558.87,26247.04,26290.32,-1.727944845714,212584270.0,333736700000.0
2025-10-13,HSI.HK,26290.32,25634.0,25895.62,25336.09,25889.48,-1.5246676343232,253838670.0,490365530000.0
2025-10-14,HSI.HK,25889.48,25969.21,26102.68,25331.64,25441.35,-1.7309347271556,233760250.0,398910430000.0
2025-10-15,HSI.HK,25441.35,25714.89,25982.21,25593.45,25910.6,1.8444382864903,193328700.0,315813240000.0
2025-10-16,HSI.HK,25910.6,25890.01,26062.8,25687.32,25888.51,-0.085254683411423,182587680.0,275431240000.0
2025-10-17,HSI.HK,25888.51,25851.94,25859.82,25145.34,25247.1,-2.4775856161672,208164420.0,314623710000.0
2025-10-20,HSI.HK,25247.1,25884.46,25912.77,25710.61,25858.83,2.4229713511651,145882740.0,239160610000.0
2025-10-21,HSI.HK,25858.83,26160.24,26367.35,26017.72,26027.55,0.65246571480611,165745140.0,264656950000.0
2025-10-22,HSI.HK,26027.55,25897.62,25947.88,25653.75,25781.77,-0.94430708998734,152016380.0,227536450000.0
2025-10-23,HSI.HK,25781.77,25718.53,26080.84,25591.66,25967.98,0.72225452325422,180401520.0,245255670000.0
2025-10-24,HSI.HK,25967.98,26177.11,26239.96,26063.99,26160.15,0.74002675602801,148978300.0,226613800000.0
2025-10-27,HSI.HK,26160.15,26495.97,26495.97,26319.22,26433.7,1.0456744322949,155957600.0,267077170000.0
2025-10-28,HSI.HK,26433.7,26508.75,26519.24,26245.33,26346.14,-0.33124382890023,150308820.0,242699840000.0
2025-10-30,HSI.HK,26346.14,26545.92,26588.89,26138.79,26282.69,-0.24083224335709,203044270.0,353804450000.0
2025-10-31,HSI.HK,26282.69,26263.01,26283.96,25906.65,25906.65,-1.4307515707106,161486870.0,257612080000.0
2025-11-03,HSI.HK,25906.65,25999.17,26217.12,25920.27,26158.36,0.97160381600863,150509250.0,228675520000.0
2025-11-04,HSI.HK,26158.36,26148.07,26291.65,25911.79,25952.4,-0.78735822887979,157942790.0,239986430000.0
2025-11-05,HSI.HK,25952.4,25701.63,25980.9,25496.13,25935.41,-0.065466006997432,155688160.0,238824620000.0
2025-11-06,HSI.HK,25935.41,26061.58,26490.71,26061.58,26485.9,2.1225421152008,176684250.0,234653080000.0
2025-11-07,HSI.HK,26485.9,26350.74,26371.46,26167.23,26241.83,-0.92150918035634,183439570.0,209644290000.0
2025-11-10,HSI.HK,26241.83,26319.4,26668.89,26302.93,26649.06,1.5518353712374,162277550.0,214787850000.0
2025-11-11,HSI.HK,26649.06,26748.09,26788.43,26511.25,26696.41,0.17767981309659,137907120.0,210231450000.0
2025-11-12,HSI.HK,26696.41,26754.93,27016.4,26739.09,26922.73,0.84775443589606,176487270.0,236395160000.0
2025-11-13,HSI.HK,26922.73,26779.48,27188.81,26733.21,27073.03,0.55826433649188,152868420.0,270673070000.0
2025-11-14,HSI.HK,27073.03,26660.31,26881.88,26535.42,26572.46,-1.8489618635225,147677560.0,232788090000.0
2025-11-17,HSI.HK,26572.46,26441.7,26531.8,26252.36,26384.28,-0.70817681163129,143122500.0,217612720000.0
2025-11-18,HSI.HK,26384.28,26172.27,26188.82,25821.84,25930.03,-1.7216691150943,167058310.0,242111640000.0
2025-11-19,HSI.HK,25930.03,25954.23,26045.37,25742.07,25830.65,-0.38326218673869,128722515.0,211426430000.0
2025-11-20,HSI.HK,25830.65,25999.78,26046.76,25692.13,25835.57,0.019047139735153,139556580.0,245135670000.0
2025-11-21,HSI.HK,25835.57,25460.42,25483.67,25178.63,25220.02,-2.3825679092817,168130240.0,285702280000.0
2025-11-24,HSI.HK,25220.02,25452.87,25770.45,25369.29,25716.5,1.9685947909637,181721410.0,302641830000.0
2025-11-25,HSI.HK,25716.5,25948.9,26069.22,25740.54,25894.55,0.69235704703206,131602766.0,231148530000.0
2025-11-26,HSI.HK,25894.55,26046.74,26136.27,25907.06,25928.08,0.12948670666222,124749605.0,207077510000.0
2025-11-27,HSI.HK,25928.08,25945.54,26123.69,25822.66,25945.93,0.068844280023814,111948462.0,204728070000.0
2025-11-28,HSI.HK,25945.93,26011.06,26011.06,25807.55,25858.89,-0.33546687283902,105484547.0,146204010000.0
2025-12-01,HSI.HK,25858.89,25945.87,26179.72,25913.98,26033.26,0.67431355328863,115768430.0,200884230000.0
2025-12-02,HSI.HK,26033.26,26188.55,26264.13,25989.45,26095.05,0.23735022044877,123816865.0,178246770000.0
2025-12-03,HSI.HK,26095.05,25980.89,25996.88,25724.82,25760.73,-1.2811625193284,114949248.0,164360670000.0
2025-12-04,HSI.HK,25760.73,25804.01,25990.73,25649.3,25935.9,0.67998849411489,118970479.0,179305870000.0
2025-12-05,HSI.HK,25935.9,25833.11,26131.61,25758.17,26085.08,0.57518728866166,127959639.0,210472620000.0
2025-12-08,HSI.HK,26085.08,26067.86,26151.46,25755.01,25765.36,-1.2256815006893,126945825.0,206230250000.0
2025-12-09,HSI.HK,25765.36,25780.97,25820.31,25386.58,25434.23,-1.2851751343665,159187200.0,210235880000.0
2025-12-10,HSI.HK,25434.23,25435.49,25540.78,25257.61,25540.78,0.41892363165702,159765230.0,193391860000.0
2025-12-11,HSI.HK,25540.78,25710.61,25801.34,25471.5,25530.51,-0.040210205013318,148071910.0,182477060000.0
2025-12-12,HSI.HK,25530.51,25761.41,26006.47,25697.43,25976.79,1.7480261851408,170675570.0,242656950000.0
2025-12-15,HSI.HK,25976.79,25718.14,25824.44,25609.28,25628.88,-1.3393109772224,129280154.0,204288670000.0
2025-12-16,HSI.HK,25628.88,25547.92,25547.92,25086.54,25235.41,-1.535260222062,142056780.0,201527770000.0
2025-12-17,HSI.HK,25235.41,25243.59,25494.94,25168.19,25468.78,0.92477197715432,120068935.0,183140540000.0
2025-12-18,HSI.HK,25468.78,25330.83,25511.84,25261.38,25498.13,0.11523912806189,117395465.0,162377450000.0
2025-12-19,HSI.HK,25498.13,25634.22,25747.01,25545.92,25690.53,0.7545651386984,139531170.0,221186360000.0
2025-12-22,HSI.HK,25690.53,25795.94,25859.61,25671.33,25801.77,0.43300001985168,121460566.0,169777040000.0
2025-12-23,HSI.HK,25801.77,25875.85,25927.66,25726.45,25774.14,-0.10708567668032,108039614.0,157131430000.0
2025-12-24,HSI.HK,25774.14,25780.09,25890.87,25772.87,25818.93,0.17377883413375,63021794.0,92524183000.0
2025-12-29,HSI.HK,25818.93,25928.89,26082.94,25630.75,25635.23,-0.71149346622808,147998360.0,224508360000.0
2025-12-30,HSI.HK,25635.23,25636.4,25930.22,25611.23,25854.6,0.85573642210348,134301570.0,199769070000.0
2025-12-31,HSI.HK,25854.6,25801.49,25808.52,25554.31,25630.54,-0.86661561192205,85724051.0,118965851000.0
2026-01-02,HSI.HK,25630.54,25717.42,26345.63,25717.42,26338.47,2.7620565153914,73953373.0,140863940000.0
2026-01-05,HSI.HK,26338.47,26361.44,26445.5,26256.0,26347.24,0.033297302386966,163066850.0,283462310000.0
2026-01-06,HSI.HK,26347.24,26502.4,26858.13,26498.36,26710.45,1.3785504667662,179442190.0,291758190000.0
2026-01-07,HSI.HK,26710.45,26601.83,26616.94,26313.51,26458.95,-0.94157904490565,157423490.0,276133710000.0
2026-01-08,HSI.HK,26458.95,26302.78,26305.69,25960.34,26149.31,-1.1702656379032,151284930.0,268274750000.0
2026-01-09,HSI.HK,26149.31,26272.54,26299.32,26114.41,26231.79,0.31541941259635,159105530.0,245129970000.0
2026-01-12,HSI.HK,26231.79,26376.84,26608.48,26187.76,26608.48,1.436005701479,202739940.0,306223400000.0
2026-01-13,HSI.HK,26608.48,26958.52,27143.66,26729.54,26848.47,0.90193051237801,221235130.0,315192470000.0
2026-01-14,HSI.HK,26848.47,26971.97,27097.72,26780.27,26999.81,0.5636820273185,252685120.0,340393440000.0
2026-01-15,HSI.HK,26999.81,26972.36,27206.84,26808.35,26923.62,-0.28218717094677,257838680.0,290455330000.0
2026-01-16,HSI.HK,26923.62,27094.85,27176.31,26741.54,26844.96,-0.29215982100475,189517430.0,255078620000.0
2026-01-19,HSI.HK,26844.96,26641.6,26715.58,26533.67,26563.9,-1.0469749256471,177512360.0,225688500000.0
2026-01-20,HSI.HK,26563.9,26544.9,26638.55,26363.86,26487.51,-0.28757072568412,163367660.0,237765790000.0
2026-01-21,HSI.HK,26487.51,26397.04,26692.78,26397.04,26585.06,0.36828678875441,167245530.0,250451420000.0
2026-01-22,HSI.HK,26585.06,26750.51,26779.22,26499.14,26629.96,0.1688918512879,161049290.0,234860060000.0
2026-01-23,HSI.HK,26629.96,26861.36,26895.94,26689.73,26749.51,0.44893045276823,181962190.0,240872170000.0
2026-01-26,HSI.HK,26749.51,26844.04,26911.44,26619.83,26765.52,0.059851563636127,182817150.0,261698850000.0
2026-01-27,HSI.HK,26765.52,26863.15,27188.9,26829.71,27126.95,1.3503567276107,167746360.0,254372620000.0
2026-01-28,HSI.HK,27126.95,27325.89,27826.91,27258.1,27826.91,2.5803121987544,210619130.0,361523100000.0
2026-01-29,HSI.HK,27826.91,27627.11,28056.1,27611.9,27968.09,0.50735061851999,298305040.0,331994170000.0
2026-01-30,HSI.HK,27968.09,27785.98,27887.24,27384.02,27387.11,-2.0772959469166,205077960.0,301612400000.0
2026-02-02,HSI.HK,27387.11,27097.34,27100.09,26507.62,26775.57,-2.2329482738412,207887150.0,347885740000.0
2026-02-03,HSI.HK,26775.57,26995.76,27126.48,26431.8,26834.77,0.22109706721463,165803240.0,335152490000.0
2026-02-04,HSI.HK,26834.77,26797.05,27004.22,26593.18,26847.32,0.046767682376258,178864540.0,285432800000.0
2026-02-05,HSI.HK,26847.32,26627.95,26919.39,26410.77,26885.24,0.1412431482919,177377430.0,315112240000.0
2026-02-06,HSI.HK,26885.24,26354.34,26710.34,26295.03,26559.95,-1.2099203875435,142718110.0,247865330000.0
2026-02-09,HSI.HK,26559.95,26982.49,27111.54,26879.1,27027.16,1.7590771066964,148345900.0,255141610000.0
2026-02-10,HSI.HK,27027.16,27202.96,27397.65,27104.82,27183.15,0.57716016037202,138448740.0,234039590000.0
2026-02-11,HSI.HK,27183.15,27246.18,27325.98,27133.77,27266.38,0.30618232250493,150198590.0,217217520000.0
2026-02-12,HSI.HK,27266.38,27210.56,27215.63,26932.56,27032.54,-0.85761292844888,155748690.0,238705040000.0
2026-02-13,HSI.HK,27032.54,26640.16,26774.44,26444.46,26567.12,-1.7217028070614,134650400.0,257577590000.0
2026-02-16,HSI.HK,26567.12,26501.2,26734.41,26382.41,26705.94,0.52252558802008,47510665.0,84996586000.0
2026-02-20,HSI.HK,26705.94,26657.84,26694.34,26356.96,26413.35,-1.0955989566366,76215876.0,165372680000.0
2026-02-23,HSI.HK,26413.35,26798.97,27156.28,26798.97,27081.91,2.5311442887782,90586992.0,172963350000.0
2026-02-24,HSI.HK,27081.91,26913.68,26913.68,26480.86,26590.32,-1.8151969340419,157707460.0,250992140000.0
2026-02-25,HSI.HK,26590.32,26745.2,26870.03,26632.53,26765.72,0.65963854515478,158606350.0,236765140000.0
2026-02-26,HSI.HK,26765.72,27019.74,27024.07,26373.01,26381.02,-1.4372862004086,153992600.0,259276860000.0
2026-02-27,HSI.HK,26381.02,26447.05,26701.5,26375.7,26630.54,0.94583151068458,207336150.0,288420380000.0
2026-03-02,HSI.HK,26630.54,26305.58,26403.85,25882.95,26059.85,-2.1429907166734,254176580.0,357678660000.0
2026-03-03,HSI.HK,26059.85,26190.24,26218.93,25727.0,25768.08,-1.1196150399945,423816210.0,370545420000.0
2026-03-04,HSI.HK,25768.08,25469.34,25470.05,24958.43,25249.48,-2.0125674865958,302178140.0,364303860000.0
2026-03-05,HSI.HK,25249.48,25583.65,25736.6,25236.68,25321.34,0.28459992047361,228567710.0,321872070000.0
2026-03-06,HSI.HK,25321.34,25358.56,25806.72,25267.63,25757.29,1.7216703381417,186923670.0,292766020000.0
2026-03-09,HSI.HK,25757.29,25075.74,25442.62,24906.0,25408.46,-1.354296201192,244368360.0,392330380000.0
2026-03-10,HSI.HK,25408.46,25740.29,25959.9,25611.79,25959.9,2.170300758094,168289530.0,330928750000.0
2026-03-11,HSI.HK,25959.9,26112.08,26149.64,25819.1,25898.76,-0.23551708596722,152691130.0,254481340000.0
2026-03-12,HSI.HK,25898.76,25719.47,25932.58,25521.15,25716.76,-0.7027363472228,182228630.0,242180290000.0
2026-03-13,HSI.HK,25716.76,25583.55,25697.17,25419.87,25465.6,-0.97663935892391,191466260.0,246542130000.0
2026-03-16,HSI.HK,25465.6,25436.27,25856.73,25317.81,25834.02,1.446735988942,156056390.0,264453400000.0
2026-03-17,HSI.HK,25834.02,25938.43,26250.14,25844.95,25868.54,0.13362225468588,159384810.0,268258760000.0
2026-03-18,HSI.HK,25868.54,25923.03,26117.95,25791.82,26025.42,0.60645092455932,150145710.0,240373870000.0
2026-03-19,HSI.HK,26025.42,25550.56,25737.83,25449.06,25500.58,-2.0166437275556,165652680.0,306213500000.0
2026-03-20,HSI.HK,25500.58,25337.28,25563.88,25121.46,25277.32,-0.87550949821534,198674120.0,342517510000.0
2026-03-23,HSI.HK,25277.32,24789.14,24789.14,24203.54,24382.47,-3.540130045432,219559800.0,368677380000.0
2026-03-24,HSI.HK,24382.47,24759.82,25077.09,24555.5,25063.71,2.7939745234999,158502810.0,303073360000.0
2026-03-25,HSI.HK,25063.71,25280.52,25390.3,25015.2,25335.95,1.0861919484386,176236130.0,350932900000.0
2026-03-26,HSI.HK,25335.95,25267.16,25278.03,24793.1,24856.43,-1.8926466147904,151689030.0,261662370000.0
2026-03-27,HSI.HK,24856.43,24768.66,25095.57,24712.92,24951.88,0.38400526543836,136930260.0,263080820000.0
2026-03-30,HSI.HK,24951.88,24532.85,24811.86,24409.57,24750.79,-0.80591121791224,161365290.0,285434880000.0
2026-03-31,HSI.HK,24750.79,24818.2,24988.53,24559.57,24788.14,0.1509042741666,169816160.0,255759570000.0
2026-04-01,HSI.HK,24788.14,25357.23,25429.76,25203.69,25294.03,2.0408550217967,164315600.0,291421120000.0
2026-04-02,HSI.HK,25294.03,25254.49,25254.49,24901.77,25116.53,-0.70174661768014,156934520.0,243627540000.0
2026-04-08,HSI.HK,25116.53,25772.56,25934.18,25668.67,25893.02,3.0915496686843,190215900.0,372437020000.0
2026-04-09,HSI.HK,25893.02,25756.41,25854.8,25653.63,25752.4,-0.54308072214056,127768988.0,244977180000.0
2026-04-10,HSI.HK,25752.4,25891.88,26073.97,25843.65,25893.54,0.54806542302853,153160800.0,246316510000.0
2026-04-13,HSI.HK,25893.54,25708.64,25717.38,25508.53,25660.85,-0.89864112825053,131479852.0,207908970000.0
2026-04-14,HSI.HK,25660.85,25929.4,25995.09,25668.53,25872.32,0.82409585029335,146104170.0,236775980000.0
2026-04-15,HSI.HK,25872.32,26168.25,26216.58,25947.32,25947.32,0.28988509727771,138411570.0,245587760000.0
2026-04-16,HSI.HK,25947.32,26122.8,26403.07,26122.8,26394.26,1.7224900297988,133949857.0,256227930000.0
2026-04-17,HSI.HK,26394.26,26210.97,26280.96,26015.44,26160.33,-0.88629118603816,138292980.0,238042050000.0
2026-04-20,HSI.HK,26160.33,26204.61,26411.69,26094.64,26361.07,0.76734506024961,131659622.0,241462800000.0
2026-04-21,HSI.HK,26361.07,26442.29,26529.49,26342.02,26487.48,0.47953288694275,114756572.0,205177370000.0
2026-04-22,HSI.HK,26487.48,26303.6,26303.6,26073.45,26163.24,-1.2241255113737,126898256.0,228302620000.0
2026-04-23,HSI.HK,26163.24,26098.81,26115.07,25840.55,25915.2,-0.94804771886051,132065903.0,255379330000.0
2026-04-24,HSI.HK,25915.2,25733.61,26004.59,25639.26,25978.07,0.24259893807495,128798558.0,236722580000.0
2026-04-27,HSI.HK,25978.07,25976.97,26086.02,25858.24,25925.65,-0.20178558299365,122862201.0,251634240000.0
2026-04-28,HSI.HK,25925.65,25814.37,25896.66,25609.61,25679.78,-0.94836580760753,132166938.0,262333400000.0
2026-04-29,HSI.HK,25679.78,25842.63,26132.94,25811.46,26111.84,1.6824910493782,140023670.0,258280790000.0
2026-04-30,HSI.HK,26111.84,26008.32,26072.24,25734.16,25776.53,-1.2841301110914,164463830.0,291552650000.0
2026-05-04,HSI.HK,25776.53,26138.34,26326.44,26091.86,26095.88,1.238917728647,87337983.0,176979140000.0
2026-05-05,HSI.HK,26095.88,25945.75,25945.75,25690.36,25898.61,-0.75594308373583,70941368.0,122234723000.0
2026-05-06,HSI.HK,25898.61,26029.65,26213.78,25877.82,26213.78,1.2169378974393,153501220.0,304737060000.0
2026-05-07,HSI.HK,26213.78,26531.35,26669.26,26518.79,26626.28,1.5735998394737,158335050.0,312489070000.0
2026-05-08,HSI.HK,26626.28,26359.79,26470.49,26274.8,26393.71,-0.87346035570872,143787800.0,279754470000.0
2026-05-11,HSI.HK,26393.71,26310.87,26427.14,26219.26,26406.84,0.049746701013238,157643300.0,288491380000.0
2026-05-12,HSI.HK,26406.84,26497.03,26592.37,26328.84,26347.91,-0.22316187775592,137927170.0,262647120000.0
2026-05-13,HSI.HK,26347.91,26369.99,26458.9,26220.12,26388.44,0.1538262427646,151797490.0,277770700000.0
2026-05-14,HSI.HK,26388.44,26836.66,26844.8,26366.86,26389.04,0.0022737228877576,155435730.0,306701930000.0
2026-05-15,HSI.HK,26389.04,26391.02,26391.02,25847.15,25962.73,-1.6154812755599,197275360.0,325385520000.0
2026-05-18,HSI.HK,25962.73,25838.96,25838.96,25505.71,25675.18,-1.1075491675952,219527950.0,292712400000.0
2025-09-01,HSTECH.HK,5674.31,5792.25,5820.39,5747.34,5798.96,2.1967428638901,33816424.0,147123930000.0
2025-09-02,HSTECH.HK,5798.96,5792.84,5798.76,5690.81,5728.46,-1.2157352352836,30449061.0,102283678000.0
2025-09-03,HSTECH.HK,5728.46,5785.33,5799.78,5665.64,5683.74,-0.78066356402943,20586042.0,71420626000.0
2025-09-04,HSTECH.HK,5683.74,5725.64,5725.98,5553.61,5578.86,-1.8452638579527,35759799.0,94587353000.0
2025-09-05,HSTECH.HK,5578.86,5602.56,5709.74,5585.88,5687.45,1.9464550105219,31154880.0,99496785000.0
2025-09-08,HSTECH.HK,5687.45,5693.99,5766.43,5666.09,5753.75,1.1657245338421,24352066.0,95153477000.0
2025-09-09,HSTECH.HK,5753.75,5786.76,5863.49,5768.89,5828.74,1.3033239191831,21544328.0,101348034000.0
2025-09-10,HSTECH.HK,5828.74,5869.81,5957.48,5862.38,5902.69,1.268713306821,19838241.0,96218622000.0
2025-09-11,HSTECH.HK,5902.69,5845.38,5931.55,5805.07,5888.77,-0.23582468332234,24778351.0,95805494000.0
2025-09-12,HSTECH.HK,5888.77,6004.74,6042.61,5976.52,5989.27,1.7066382283567,32762629.0,101641410000.0
2025-09-15,HSTECH.HK,5989.27,5982.4,6077.71,5972.97,6043.61,0.9072892021899,25633567.0,86343188000.0
2025-09-16,HSTECH.HK,6043.61,6070.77,6116.9,6010.44,6077.66,0.56340498476904,19507388.0,76171923000.0
2025-09-17,HSTECH.HK,6077.66,6133.1,6351.52,6133.1,6334.24,4.2216905848633,54105557.0,134475320000.0
2025-09-18,HSTECH.HK,6334.24,6334.32,6461.04,6179.19,6271.22,-0.99491020232892,40209183.0,150645090000.0
2025-09-19,HSTECH.HK,6271.22,6298.91,6367.98,6228.73,6294.42,0.3699439662458,33521029.0,107466433000.0
2025-09-22,HSTECH.HK,6294.42,6251.88,6284.5,6204.47,6257.91,-0.58003755707436,21228165.0,83829958000.0
2025-09-23,HSTECH.HK,6257.91,6271.36,6274.09,6093.39,6167.06,-1.4517626491912,22336295.0,82250139000.0
2025-09-24,HSTECH.HK,6167.06,6133.64,6331.86,6114.37,6323.15,2.5310277506624,22113522.0,111342833000.0
2025-09-25,HSTECH.HK,6323.15,6314.74,6448.64,6304.56,6379.19,0.88626712951614,30715991.0,115317456000.0
2025-09-26,HSTECH.HK,6379.19,6317.6,6357.43,6172.25,6195.11,-2.8856328154515,33636241.0,121595918000.0
2025-09-29,HSTECH.HK,6195.11,6236.69,6338.74,6236.69,6324.25,2.0845473284574,24458984.0,100895665000.0
2025-09-30,HSTECH.HK,6324.25,6345.96,6475.92,6326.61,6465.66,2.2359963632051,25519174.0,107277239000.0
2025-10-02,HSTECH.HK,6465.66,6483.22,6715.46,6481.58,6682.86,3.3592858269689,16367335.0,83782379000.0
2025-10-03,HSTECH.HK,6682.86,6653.26,6665.56,6561.09,6622.85,-0.89796883370293,7960540.8,44494881000.0
2025-10-06,HSTECH.HK,6622.85,6548.8,6604.6,6508.43,6550.3,-1.0954498441004,8548749.8,38920396000.0
2025-10-08,HSTECH.HK,6550.3,6543.4,6543.4,6405.16,6514.19,-0.55127246080333,13863819.0,53194353000.0
2025-10-09,HSTECH.HK,6514.19,6540.81,6605.73,6417.81,6471.34,-0.65779475268605,28681958.0,124024637000.0
2025-10-10,HSTECH.HK,6471.34,6380.88,6380.88,6241.75,6259.75,-3.2696473991476,21732691.0,110082545000.0
2025-10-13,HSTECH.HK,6259.75,6107.65,6199.16,5952.83,6145.51,-1.824993010903,39080121.0,182845350000.0
2025-10-14,HSTECH.HK,6145.51,6180.08,6205.98,5894.47,5923.26,-3.6164614490905,30038585.0,129197955000.0
2025-10-15,HSTECH.HK,5923.26,6000.9,6095.18,5939.48,6075.27,2.5663232746832,20544790.0,81614016000.0
2025-10-16,HSTECH.HK,6075.27,6066.47,6094.72,5940.72,6003.56,-1.180359062231,16157795.0,69378139000.0
2025-10-17,HSTECH.HK,6003.56,5999.48,5999.48,5732.75,5760.38,-4.0505966459901,22464195.0,96648570000.0
2025-10-20,HSTECH.HK,5760.38,5984.8,5984.8,5887.81,5933.17,2.9996284967311,12988583.4,62867499000.0
2025-10-21,HSTECH.HK,5933.17,6042.07,6115.0,5999.0,6007.94,1.2602032303136,16662249.0,75525057000.0
2025-10-22,HSTECH.HK,6007.94,5958.63,5979.51,5867.12,5923.09,-1.4122977260092,11565597.2,51485607000.0
2025-10-23,HSTECH.HK,5923.09,5882.92,5992.66,5818.47,5951.45,0.47880413770514,14164340.0,65076525000.0
2025-10-24,HSTECH.HK,5951.45,6032.41,6066.36,5994.59,6059.89,1.8220769728386,15003922.0,72394615000.0
2025-10-27,HSTECH.HK,6059.89,6184.65,6184.74,6098.81,6171.08,1.8348517877387,17903497.0,86510453000.0
2025-10-28,HSTECH.HK,6171.08,6198.68,6198.68,6070.05,6093.44,-1.2581266164107,15037139.0,72825377000.0
2025-10-30,HSTECH.HK,6093.44,6125.63,6162.47,5991.08,6051.76,-0.68401428421383,21082453.0,103914010000.0
2025-10-31,HSTECH.HK,6051.76,6012.57,6014.49,5908.08,5908.08,-2.3741853609529,13168160.0,74140517000.0
2025-11-03,HSTECH.HK,5908.08,5936.28,5948.84,5855.16,5922.48,0.24373400495592,12851855.6,60961417000.0
2025-11-04,HSTECH.HK,5922.48,5911.07,5961.02,5798.75,5818.29,-1.7592292418041,14647893.0,66260700000.0
2025-11-05,HSTECH.HK,5818.29,5716.54,5805.55,5651.15,5785.85,-0.55755213301502,17041183.0,64759117000.0
2025-11-06,HSTECH.HK,5785.85,5822.19,5955.13,5792.95,5944.22,2.7371950534494,13413243.0,66676492000.0
2025-11-07,HSTECH.HK,5944.22,5894.98,5899.5,5817.64,5837.36,-1.7977127360697,13579284.0,58914081000.0
2025-11-10,HSTECH.HK,5837.36,5858.41,5924.48,5803.22,5915.56,1.3396466895994,11390269.9,55927122000.0
2025-11-11,HSTECH.HK,5915.56,5962.02,5970.68,5856.72,5924.39,0.14926735592235,12053074.5,62342947000.0
2025-11-12,HSTECH.HK,5924.39,5939.69,5973.6,5876.72,5933.99,0.16204199926067,13842113.0,65229938000.0
2025-11-13,HSTECH.HK,5933.99,5885.22,6025.53,5869.96,5981.3,0.79727131323107,13138830.1,76021235000.0
2025-11-14,HSTECH.HK,5981.3,5848.48,5907.94,5795.8,5812.8,-2.8171133365656,12483125.0,72024525000.0
2025-11-17,HSTECH.HK,5812.8,5771.51,5834.38,5721.83,5756.88,-0.96201486374897,14123183.0,64438228000.0
2025-11-18,HSTECH.HK,5756.88,5684.81,5739.13,5613.99,5645.73,-1.9307333138784,17512491.0,76307390000.0
2025-11-19,HSTECH.HK,5645.73,5666.89,5688.05,5579.31,5606.9,-0.68777642572351,16771380.0,67980862000.0
2025-11-20,HSTECH.HK,5606.9,5646.28,5660.53,5510.11,5574.59,-0.5762542581462,15084088.0,67271515000.0
2025-11-21,HSTECH.HK,5574.59,5451.51,5475.45,5361.74,5395.49,-3.2127923309158,20206108.0,93835647000.0
2025-11-24,HSTECH.HK,5395.49,5456.61,5565.53,5410.07,5545.56,2.7813970556891,21054946.0,105370547000.0
2025-11-25,HSTECH.HK,5545.56,5624.61,5671.55,5559.13,5612.03,1.1986165508984,17000062.0,79410315000.0
2025-11-26,HSTECH.HK,5612.03,5649.77,5669.58,5609.86,5618.36,0.11279340987129,13195647.1,71699094000.0
2025-11-27,HSTECH.HK,5618.36,5613.0,5679.45,5587.74,5598.05,-0.36149338953003,12218994.6,62995290000.0
2025-11-28,HSTECH.HK,5598.05,5622.36,5631.27,5571.31,5599.11,0.018935164923491,8904528.5,43084062000.0
2025-12-01,HSTECH.HK,5599.11,5611.02,5666.28,5584.96,5644.76,0.81530814718769,10706810.2,57413654000.0
2025-12-02,HSTECH.HK,5644.76,5687.49,5689.06,5596.5,5624.04,-0.36706609315543,11526193.0,55248320000.0
2025-12-03,HSTECH.HK,5624.04,5595.53,5600.88,5524.25,5534.92,-1.5846259983926,10159040.6,43793724000.0
2025-12-04,HSTECH.HK,5534.92,5546.3,5643.23,5501.88,5615.43,1.4545829027339,13236164.4,54923335000.0
2025-12-05,HSTECH.HK,5615.43,5592.19,5686.01,5552.03,5662.46,0.83751377899822,15549065.0,66308070000.0
2025-12-08,HSTECH.HK,5662.46,5666.99,5706.54,5644.67,5662.55,0.0015894152011696,12924750.2,58172734000.0
2025-12-09,HSTECH.HK,5662.55,5656.07,5668.24,5543.83,5554.68,-1.9049721415263,11634766.1,55124212000.0
2025-12-10,HSTECH.HK,5554.68,5552.35,5582.96,5502.17,5581.1,0.47563496006971,13856034.0,50222940000.0
2025-12-11,HSTECH.HK,5581.1,5611.93,5626.77,5516.21,5534.59,-0.83334826467901,12903249.1,46454565000.0
2025-12-12,HSTECH.HK,5534.59,5591.15,5649.28,5549.64,5638.05,1.8693344945154,20755512.0,76466809000.0
2025-12-15,HSTECH.HK,5638.05,5562.67,5582.46,5494.31,5498.42,-2.4765654791994,13396230.1,56964428000.0
2025-12-16,HSTECH.HK,5498.42,5467.76,5480.59,5348.31,5402.51,-1.7443192771742,18056699.0,60849568000.0
2025-12-17,HSTECH.HK,5402.51,5407.36,5479.99,5381.73,5457.95,1.0261896785013,13642361.0,46661775000.0
2025-12-18,HSTECH.HK,5457.95,5397.34,5432.9,5367.13,5418.29,-0.72664645150652,17746540.0,38857690000.0
2025-12-19,HSTECH.HK,5418.29,5461.92,5505.14,5432.41,5479.04,1.1212024457901,16951467.0,58802979000.0
2025-12-22,HSTECH.HK,5479.04,5512.54,5552.72,5498.85,5526.83,0.87223309192851,16622152.0,50260954000.0
2025-12-23,HSTECH.HK,5526.83,5534.54,5534.54,5466.63,5488.89,-0.68646945898462,14025282.0,42566288000.0
2025-12-24,HSTECH.HK,5488.89,5492.83,5523.28,5484.11,5499.3,0.18965583205347,6705047.4,24945366000.0
2025-12-29,HSTECH.HK,5499.3,5547.79,5619.63,5483.01,5483.01,-0.29621951884785,14020840.0,60028279000.0
2025-12-30,HSTECH.HK,5483.01,5503.61,5597.87,5503.61,5578.38,1.7393730815738,16294310.0,50666770000.0
2025-12-31,HSTECH.HK,5578.38,5566.24,5581.97,5493.15,5515.98,-1.1186043259871,8192387.8,30355296000.0
2026-01-02,HSTECH.HK,5515.98,5547.85,5753.28,5530.99,5736.44,3.9967512572562,8779788.6,43962060000.0
2026-01-05,HSTECH.HK,5736.44,5755.28,5786.6,5707.73,5741.63,0.090474231404852,18028832.0,82634627000.0
2026-01-06,HSTECH.HK,5741.63,5787.01,5875.32,5784.54,5825.26,1.4565550200901,22728891.0,84328128000.0
2026-01-07,HSTECH.HK,5825.26,5809.01,5810.83,5687.01,5738.52,-1.4890322492043,19669390.0,83189034000.0
2026-01-08,HSTECH.HK,5738.52,5713.53,5713.53,5614.59,5678.34,-1.0487024528973,20289391.0,75426915000.0
2026-01-09,HSTECH.HK,5678.34,5699.97,5737.22,5661.28,5687.14,0.15497486941606,17397904.0,69318209000.0
2026-01-12,HSTECH.HK,5687.14,5737.43,5863.61,5698.16,5863.2,3.0957563907342,30467662.0,103760084000.0
2026-01-13,HSTECH.HK,5863.2,5976.22,6001.02,5827.58,5869.79,0.11239596124983,28728854.0,94924118000.0
2026-01-14,HSTECH.HK,5869.79,5894.63,5965.61,5837.53,5908.26,0.65538971581607,33635481.0,122315499000.0
2026-01-15,HSTECH.HK,5908.26,5875.78,5903.23,5788.09,5828.35,-1.3525132610955,20559713.0,96913582000.0
2026-01-16,HSTECH.HK,5828.35,5883.37,5894.76,5791.76,5822.18,-0.10586186485026,17259955.0,74580099000.0
2026-01-19,HSTECH.HK,5822.18,5777.07,5803.51,5741.51,5749.98,-1.2400853288631,13662564.0,56486545000.0
2026-01-20,HSTECH.HK,5749.98,5737.11,5762.89,5662.19,5683.44,-1.1572214164223,15320623.0,66323035000.0
2026-01-21,HSTECH.HK,5683.44,5643.62,5783.73,5641.33,5746.3,1.1060202975663,17807115.0,66229982000.0
2026-01-22,HSTECH.HK,5746.3,5795.0,5807.16,5712.75,5762.44,0.28087639002488,12917605.6,63998440000.0
2026-01-23,HSTECH.HK,5762.44,5817.51,5822.78,5757.29,5798.01,0.61727323841985,11895705.0,61428499000.0
2026-01-26,HSTECH.HK,5798.01,5801.15,5801.15,5686.47,5725.99,-1.2421503239905,12055720.9,57207120000.0
2026-01-27,HSTECH.HK,5725.99,5734.9,5769.03,5682.78,5754.72,0.50174729610077,10395823.8,59064649000.0
2026-01-28,HSTECH.HK,5754.72,5786.66,5901.32,5772.67,5900.16,2.5273167069814,16812101.0,81991127000.0
2026-01-29,HSTECH.HK,5900.16,5853.59,5898.72,5805.6,5841.1,-1.0009898036663,16436522.0,71317329000.0
2026-01-30,HSTECH.HK,5841.1,5789.49,5801.1,5716.52,5718.18,-2.1043981441852,14110593.0,63064291000.0
2026-02-02,HSTECH.HK,5718.18,5644.38,5644.38,5470.01,5526.31,-3.3554382688198,18789304.0,87093258000.0
2026-02-03,HSTECH.HK,5526.31,5563.79,5579.3,5338.5,5467.26,-1.0685249289309,16885363.0,103256195000.0
2026-02-04,HSTECH.HK,5467.26,5419.93,5432.47,5320.72,5366.44,-1.8440681438234,16404953.0,90066932000.0
2026-02-05,HSTECH.HK,5366.44,5295.89,5421.74,5267.63,5406.13,0.73959645500556,16667754.0,103464697000.0
2026-02-06,HSTECH.HK,5406.13,5275.12,5397.32,5275.12,5346.2,-1.1085563980149,12712044.3,67456931000.0
2026-02-09,HSTECH.HK,5346.2,5447.63,5459.9,5392.32,5417.6,1.3355280386069,12426647.9,60121464000.0
2026-02-10,HSTECH.HK,5417.6,5461.96,5522.5,5441.48,5451.03,0.61706290608386,12375527.3,60028436000.0
2026-02-11,HSTECH.HK,5451.03,5462.7,5521.81,5450.21,5499.99,0.89817887628577,15479454.0,57788068000.0
2026-02-12,HSTECH.HK,5499.99,5474.25,5476.48,5393.12,5408.98,-1.6547302813278,23777567.0,71230296000.0
2026-02-13,HSTECH.HK,5408.98,5323.14,5381.69,5310.84,5360.42,-0.89776630714108,15456516.0,66609339000.0
2026-02-16,HSTECH.HK,5360.42,5350.25,5368.23,5253.64,5367.52,0.13245230784156,5279937.3,21227798000.0
2026-02-20,HSTECH.HK,5367.52,5330.61,5341.72,5211.5,5211.5,-2.906742778788,9675553.2,45370867000.0
2026-02-23,HSTECH.HK,5211.5,5303.5,5420.96,5303.5,5385.35,3.3358917777991,10459422.5,46831547000.0
2026-02-24,HSTECH.HK,5385.35,5330.26,5330.26,5239.69,5270.7,-2.1289238396762,19061643.0,68862266000.0
2026-02-25,HSTECH.HK,5270.7,5316.09,5325.58,5252.2,5260.5,-0.1935226819967,15891520.0,51907682000.0
2026-02-26,HSTECH.HK,5260.5,5284.51,5284.51,5109.33,5109.33,-2.8736812090106,17902306.0,67351913000.0
2026-02-27,HSTECH.HK,5109.33,5117.24,5185.26,5100.17,5137.84,0.55799879827688,40967472.0,71456588000.0
2026-03-02,HSTECH.HK,5137.84,5046.4,5088.25,4966.85,4989.37,-2.8897357644458,27089221.0,84837790000.0
2026-03-03,HSTECH.HK,4989.37,5018.4,5031.42,4859.54,4876.53,-2.2616081789885,20248515.0,71908918000.0
2026-03-04,HSTECH.HK,4876.53,4816.2,4881.69,4750.18,4829.5,-0.96441527069453,18618156.0,80209601000.0
2026-03-05,HSTECH.HK,4829.5,4907.05,4916.24,4769.92,4796.33,-0.68682058184077,13430132.0,63925307000.0
2026-03-06,HSTECH.HK,4796.33,4818.81,4977.08,4798.23,4947.5,3.15178480213,20649858.0,84330606000.0
2026-03-09,HSTECH.HK,4947.5,4760.16,4947.49,4760.16,4941.73,-0.11662455785751,18724001.0,74213815000.0
2026-03-10,HSTECH.HK,4941.73,5040.8,5060.53,4960.79,5060.53,2.4040164072096,14976932.0,77433794000.0
2026-03-11,HSTECH.HK,5060.53,5104.58,5124.55,5035.9,5054.85,-0.11224120793671,11134202.3,65540663000.0
2026-03-12,HSTECH.HK,5054.85,5024.53,5088.59,4973.32,5027.64,-0.53829490489332,14808813.0,46553641000.0
2026-03-13,HSTECH.HK,5027.64,5006.29,5046.29,4963.02,4978.08,-0.98575076974486,21523693.0,43982217000.0
2026-03-16,HSTECH.HK,4978.08,4988.47,5127.25,4935.85,5111.78,2.6857744351236,16369185.0,59203281000.0
2026-03-17,HSTECH.HK,5111.78,5137.33,5232.33,5094.32,5107.64,-0.080989400952299,14056470.0,59397989000.0
2026-03-18,HSTECH.HK,5107.64,5112.97,5136.02,5053.74,5108.3,0.012921819078867,13175420.8,56697428000.0
2026-03-19,HSTECH.HK,5108.3,5000.99,5069.24,4981.92,4996.28,-2.1929017481354,15700766.0,88265899000.0
2026-03-20,HSTECH.HK,4996.28,4948.04,4997.7,4835.87,4872.38,-2.4798450046835,19086420.0,86915949000.0
2026-03-23,HSTECH.HK,4872.38,4780.04,4806.61,4657.55,4712.48,-3.2817637376395,21031733.0,82887355000.0
2026-03-24,HSTECH.HK,4712.48,4773.58,4840.61,4693.49,4830.89,2.512689709028,14322625.0,60000377000.0
2026-03-25,HSTECH.HK,4830.89,4878.64,4955.47,4806.72,4922.94,1.9054459944234,22536327.0,95584643000.0
2026-03-26,HSTECH.HK,4922.94,4889.55,4902.42,4745.55,4761.54,-3.278528684079,15563155.0,68379997000.0
2026-03-27,HSTECH.HK,4761.54,4740.78,4836.78,4722.5,4778.01,0.34589649567157,12613069.5,53142657000.0
2026-03-30,HSTECH.HK,4778.01,4645.26,4727.42,4619.67,4690.08,-1.8403059014108,13480034.0,61094922000.0
2026-03-31,HSTECH.HK,4690.08,4693.61,4742.04,4623.65,4649.82,-0.85840753249412,12128266.4,52205759000.0
2026-04-01,HSTECH.HK,4649.82,4777.67,4792.65,4708.89,4756.45,2.293207048875,14214948.0,55289431000.0
2026-04-02,HSTECH.HK,4756.45,4732.95,4742.78,4629.15,4679.1,-1.6262128267931,13211548.0,52899535000.0
2026-04-08,HSTECH.HK,4679.1,4817.01,4930.67,4809.8,4923.25,5.217883781069,22888472.0,96068511000.0
2026-04-09,HSTECH.HK,4923.25,4868.39,4889.89,4809.96,4821.67,-2.0632712131214,13550075.0,52618598000.0
2026-04-10,HSTECH.HK,4821.67,4844.15,4935.97,4844.14,4860.26,0.80034510864493,13223929.1,55192504000.0
2026-04-13,HSTECH.HK,4860.26,4826.86,4843.99,4791.86,4822.01,-0.78699493442738,10131140.8,43252800000.0
2026-04-14,HSTECH.HK,4822.01,4888.22,4900.49,4801.9,4851.96,0.62111028388576,10991972.8,42580140000.0
2026-04-15,HSTECH.HK,4851.96,4961.5,4973.43,4905.58,4911.79,1.2331099184659,11348204.5,53189707000.0
2026-04-16,HSTECH.HK,4911.79,4976.17,5095.76,4976.17,5092.08,3.6705559480352,13740776.0,66005947000.0
2026-04-17,HSTECH.HK,5092.08,5055.58,5072.38,5000.84,5042.68,-0.97013401203437,13305597.9,45328666000.0
2026-04-20,HSTECH.HK,5042.68,5059.58,5103.03,5020.2,5065.63,0.45511513718895,13268440.4,52707206000.0
2026-04-21,HSTECH.HK,5065.63,5092.53,5092.53,5017.39,5061.5,-0.08152983932897,8734889.3,33431105000.0
2026-04-22,HSTECH.HK,5061.5,5009.76,5009.76,4940.09,4963.94,-1.927491850242,10230273.0,47650884000.0
2026-04-23,HSTECH.HK,4963.94,4962.08,4962.08,4846.09,4865.52,-1.9826992268238,10955004.5,49837762000.0
2026-04-24,HSTECH.HK,4865.52,4826.62,4911.68,4775.59,4902.2,0.75387625577532,14180690.0,61939138000.0
2026-04-27,HSTECH.HK,4902.2,4929.58,4975.23,4900.52,4939.84,0.76781853045572,11653772.0,69893512000.0
2026-04-28,HSTECH.HK,4939.84,4923.78,4934.76,4813.56,4827.19,-2.2804382328173,13453503.0,58607411000.0
2026-04-29,HSTECH.HK,4827.19,4878.97,4918.7,4851.53,4910.02,1.7159051124982,13359369.4,55163953000.0
2026-04-30,HSTECH.HK,4910.02,4876.72,4897.39,4823.75,4871.32,-0.78818416218265,15421666.0,77837351000.0
2026-05-04,HSTECH.HK,4871.32,4948.43,5053.48,4948.43,4976.7,2.1632740201834,8916598.3,45770830000.0
2026-05-05,HSTECH.HK,4976.7,4949.12,4949.12,4859.44,4929.68,-0.94480278095926,6127144.8,26307572000.0
2026-05-06,HSTECH.HK,4929.68,4971.69,5026.76,4924.43,4969.2,0.80167475373654,16770620.0,89818529000.0
2026-05-07,HSTECH.HK,4969.2,5089.11,5137.85,5070.3,5121.1,3.0568300732512,17250251.0,87561935000.0
2026-05-08,HSTECH.HK,5121.1,5079.77,5122.91,5047.17,5102.79,-0.35754037218567,13243974.2,66705369000.0
2026-05-11,HSTECH.HK,5102.79,5078.36,5119.33,5055.72,5106.4,0.070745611714369,16168036.0,72080880000.0
2026-05-12,HSTECH.HK,5106.4,5129.54,5141.49,5059.58,5070.61,-0.70088516371612,12656645.1,63019317000.0
2026-05-13,HSTECH.HK,5070.61,5055.41,5122.26,5017.71,5093.85,0.45832749905831,12739090.9,65842200000.0
2026-05-14,HSTECH.HK,5093.85,5258.56,5258.56,5074.02,5076.2,-0.34649626510401,21079457.0,90184987000.0
2026-05-15,HSTECH.HK,5076.2,5069.46,5069.46,4910.76,4941.14,-2.660651668571,19533354.0,74128005000.0
2026-05-18,HSTECH.HK,4941.14,4897.71,4897.71,4804.87,4844.94,-1.9469191320222,15312734.0,67268317000.0
