code,latest_quote_date,latest_close,ma5,ma10,ma20,ma60,ma120,rsi14,macd_dif,macd_dea,macd_hist,boll_upper,boll_mid,boll_lower,atr14,ret_20d,ret_60d,vol_ratio_20d,drawdown_from_listing_high,technical_score,technical_state,buy_trigger,sell_trigger,quote_rows_for_ta
0068.HK,2026-05-12,22.700000762939453,24.363999938964845,24.447999954223633,27.0670586754294,27.0670586754294,27.0670586754294,88.3858460644551,0.7358615266714565,1.3851643565972778,-1.2986056598516424,38.54884345332671,27.0670586754294,15.585273897532087,3.8242860521588997,,,,-0.41494842244076335,21,高位回撤预警,避免抄底，等待60日线修复,若反弹缩量且不过60日线，继续降低仓位,17
0300.HK,2025-03-14,73.5999984741211,72.14999847412109,72.49499893188477,72.94999961853027,74.47916704813639,74.87072142180021,50.976130464365355,-0.5203843573410865,-0.5090663055802523,-0.022636103521668227,75.98453792329533,72.94999961853027,69.9154613137652,2.47857175554548,-0.03285151182821855,-0.04291291269542141,,-0.2252631739566201,50,中性震荡,等待价格/成交确认,跌破关键均线或放量破位,111
0325.HK,2025-07-09,142.0,138.03999938964844,138.23999938964843,147.95499954223632,143.59333343505858,122.73249994913736,47.421996289662786,-4.228443432743518,-3.5591014226139457,-1.3386840202591443,178.99727764761286,147.95499954223632,116.91272143685978,10.371427263532366,-0.216767801380226,0.2792792792792793,,-0.2653905961813243,42,中性震荡,等待价格/成交确认,跌破关键均线或放量破位,120
0470.HK,2026-05-12,53.150001525878906,56.39000015258789,56.2,55.202000045776366,47.79310351404651,47.79310351404651,49.39992123026129,2.2376724396922256,2.7532676286415168,-1.0311903778985823,61.70947851303863,55.202000045776366,48.6945215785141,4.710714340209961,0.10498967176630658,,,-0.10521885251597263,50,中性震荡,等待价格/成交确认,跌破关键均线或放量破位,58
0600.HK,2026-05-12,22.600000381469727,22.88400001525879,22.53199996948242,22.370999908447267,23.99050854828398,23.99050854828398,48.42901010735187,0.11148640585633629,-0.08121814295287583,0.38540909761842423,24.1925773297035,22.370999908447267,20.549422487191034,1.9114285877772734,0.15364983182423342,,,-0.33333335208798964,27,高位回撤预警,避免抄底，等待60日线修复,若反弹缩量且不过60日线，继续降低仓位,59
0664.HK,2026-05-12,20.86000061035156,21.37200012207031,22.00399990081787,23.585999965667725,25.052592595418293,25.052592595418293,54.37696879323072,-1.9390095082064214,-1.8678639324152908,-0.14229115158226113,27.94558662910454,23.585999965667725,19.22641330223091,1.0542858668736046,-0.21342382163327456,,,-0.3667273381900663,27,高位回撤预警,避免抄底，等待60日线修复,若反弹缩量且不过60日线，继续降低仓位,27
0800.HK,2026-05-05,20.020000457763672,20.004000091552733,20.62799987792969,20.669999885559083,19.29616657892863,20.91008401117405,49.06194016424702,0.20592725980596782,0.4113865497907649,-0.41091857996959413,22.11277479203881,20.669999885559083,19.227224979079356,1.136428696768624,-0.03378372967124821,-0.0740055651878716,,-0.2240309670627496,50,中性震荡,等待价格/成交确认,跌破关键均线或放量破位,119
0805.HK,2025-07-11,1.1299999952316284,1.1459999799728393,1.1599999904632567,1.2244999885559082,1.3023333271344504,1.19183332969745,38.06746768924806,-0.048097110518150465,-0.03941459011420466,-0.017365040807891613,1.3700985769642662,1.2244999885559082,1.0789014001475503,0.06714286123003274,-0.18705035477628318,-0.0504202177342542,,-0.2802548041531908,42,中性震荡,等待价格/成交确认,跌破关键均线或放量破位,121
0999.HK,2025-06-18,8.079999923706055,8.035999965667724,8.14299988746643,8.358499979972839,9.168833327293395,9.503423428750253,39.60763941181004,-0.26844084335696117,-0.2632243618024812,-0.010432963108959914,8.880289557160502,8.358499979972839,7.836710402785176,0.23000008719308035,-0.13490366255858355,-0.3515248877232189,,-0.3515248877232189,27,高位回撤预警,避免抄底，等待60日线修复,若反弹缩量且不过60日线，继续降低仓位,111
1021.HK,2026-05-12,18.1299991607666,18.860000228881837,19.276000213623046,20.351499938964842,19.708928516932897,19.708928516932897,36.31875990421379,-0.13843459896956745,0.2162326917673103,-0.7093345814737555,24.038685151044263,20.351499938964842,16.664314726885422,1.9107138769967202,-0.07405519757862167,,,-0.2563576790461003,42,中性震荡,等待价格/成交确认,跌破关键均线或放量破位,28
1187.HK,2026-05-12,37.400001525878906,37.71200103759766,,,,,,-0.32772121922607056,-0.151581515483444,-0.3522794074852531,,,,2.7839996337890627,,,,-0.03856040979849573,50,中性震荡,等待价格/成交确认,跌破关键均线或放量破位,5
1276.HK,2025-11-19,70.6500015258789,71.36000061035156,71.30499954223633,73.25499992370605,80.5074998219808,74.19333327611288,37.60188530143543,-2.7626832983615373,-2.931793363313145,0.3382201299032159,78.79356482583599,73.25499992370605,67.71643502157612,2.4071448189871654,-0.09539048775667758,-0.07526177860156591,,-0.24920294716786084,50,中性震荡,等待价格/成交确认,跌破关键均线或放量破位,125
1304.HK,2026-01-05,138.5,134.3999984741211,128.18999862670898,127.31499900817872,144.56999905904135,157.86583309173585,59.02860305439421,-0.8651495979588049,-3.811469745140906,5.8926402943642024,139.60676381627047,127.31499900817872,115.02323420008695,5.321429661342078,0.07866048741137965,-0.2926455677153954,,-0.341103701185576,27,高位回撤预警,避免抄底，等待60日线修复,若反弹缩量且不过60日线，继续降低仓位,123
1318.HK,2025-06-06,112.3000030517578,116.08000030517579,114.28000030517578,109.02500038146972,105.175,86.01398299912275,52.48573165793267,3.7632690759218264,3.149791952753445,1.2269542463367626,124.00595320862205,109.02500038146972,94.0440475543174,9.582143511090958,0.08293159456704657,0.3165298831656207,,-0.11921566233915448,70,趋势延续,回踩20日线缩量企稳，或放量突破20日高点,放量跌破20日线，或从高点回撤≥15%,118
1333.HK,2025-11-03,34.79999923706055,34.619999694824216,35.097999572753906,36.80399990081787,38.27866636912028,34.86216648419698,43.95664870510676,-1.34928625900708,-1.1082916602335338,-0.48198919754709246,42.52872504269094,36.80399990081787,31.079274758944806,2.091428211757115,-0.1853932995630243,0.2682215218570403,,-0.2842451665658332,42,中性震荡,等待价格/成交确认,跌破关键均线或放量破位,125
1334.HK,2025-01-06,0.9300000071525574,0.9560000181198121,1.0190000057220459,1.0445000022649764,0.9391666660706203,0.9799999992052714,39.614473394472036,0.0020491551200834124,0.025858398620028623,-0.04761848699989042,1.1898091056672024,1.0445000022649764,0.8991908988627504,0.06857141852378848,0.056818195672567295,0.09411762478442398,,-0.2900762994086127,42,中性震荡,等待价格/成交确认,跌破关键均线或放量破位,122
1354.HK,2024-12-30,30.0,32.3,31.130000114440918,30.7375,24.659833240509034,19.69491659005483,50.65245374221889,1.2816115229800218,1.5110323257543232,-0.45884160554860287,33.33058273527749,30.7375,28.14441726472251,0.9535711833408901,-0.07264292380109427,0.28205130295144243,,-0.2727272727272727,42,中性震荡,等待价格/成交确认,跌破关键均线或放量破位,123
1364.HK,2025-08-11,23.15999984741211,24.179999923706056,23.88499984741211,24.37499990463257,25.57416671117147,21.40175000826518,41.03844775840968,-0.45151810569450035,-0.45113031160806777,-0.0007755881728651604,26.366746032330926,24.37499990463257,22.383253776934215,1.1064286913190569,-0.1578181873668324,-0.04691355660249552,,-0.21491525940975897,50,中性震荡,等待价格/成交确认,跌破关键均线或放量破位,123
1384.HK,2026-04-24,55.79999923706055,64.8,68.09999961853028,49.91999969482422,71.7279998143514,73.75949567906997,47.72190912630163,1.4559769916473684,-0.9803265717924459,4.872607126879629,89.3184167055825,49.91999969482422,10.521582684065947,11.898571150643486,0.6939891185003213,-0.2855313658482309,,-0.5271186505333851,27,高位回撤预警,避免抄底，等待60日线修复,若反弹缩量且不过60日线，继续降低仓位,119
1471.HK,2025-01-28,13.5600004196167,13.136000061035157,12.176000022888182,11.29099988937378,9.976999958356222,8.181764690815902,67.80805079126726,0.7746879105763647,0.496490167003118,0.5563954871464933,13.916148941419264,11.29099988937378,8.665850837328295,0.9321427345275886,0.20212772523221934,0.9482759116804413,,-0.015965117388798133,70,趋势延续,回踩20日线缩量企稳，或放量突破20日高点,放量跌破20日线，或从高点回撤≥15%,119
1609.HK,2026-05-12,199.3999938964844,207.23999633789063,,,,,,-2.6285373276949713,-0.8697141329346498,-3.517646389520643,,,,28.816665649414066,,,,-0.08699633942758023,50,中性震荡,等待价格/成交确认,跌破关键均线或放量破位,6
1641.HK,2026-05-12,6.599999904632568,6.634000015258789,6.738000011444091,6.928500008583069,7.293333347638448,7.906329124788694,40.76021843530649,-0.15069833570404167,-0.13629552255888755,-0.02880562629030825,7.410263205284874,6.928500008583069,6.446736811881264,0.24428568567548478,-0.0364963508730749,-0.19708032965573175,,-0.4875776517088133,27,高位回撤预警,避免抄底，等待60日线修复,若反弹缩量且不过60日线，继续降低仓位,79
1768.HK,2026-05-12,427.7999877929688,442.35999755859376,439.56000061035155,421.1199981689453,407.0566670735677,406.1852946561926,52.639601229050456,11.759890728204141,10.569709499608194,2.380362457191893,466.4817801080527,421.1199981689453,375.7582162298379,24.5142822265625,0.0885495872594626,0.1228346136298395,,-0.08118560527282903,62,趋势转强,连续2日站上20日线且成交额≥20日均值1.3倍,跌破关键均线或放量破位,68
1828.HK,2026-01-02,38.20000076293945,38.14400024414063,38.239999771118164,38.32099990844726,39.70300006866455,40.71833330790202,43.61029017908122,-0.3421983723808637,-0.41562448702595933,0.14685222929019126,39.05104460030688,38.32099990844726,37.590955216587645,0.8900002070835669,-0.013939104081853948,-0.16956520080566406,,-0.2326235094480047,50,中性震荡,等待价格/成交确认,跌破关键均线或放量破位,124
1879.HK,2026-05-12,829.5,869.1,874.1,874.1,874.1,874.1,,-5.117483151428814,-1.5163361558596162,-7.202293991138396,962.8616033103403,874.1,785.3383966896597,112.7,,,,-0.11614278103356424,50,中性震荡,等待价格/成交确认,跌破关键均线或放量破位,10
1989.HK,2026-05-12,194.8000030517578,205.0800018310547,192.0500015258789,170.75500106811523,144.51969770951703,144.51969770951703,67.12921704726193,23.78563429530115,22.557752108611453,2.4557643733793952,223.1114117582735,170.75500106811523,118.39859037795696,18.04285648890904,0.4591760528221558,,,-0.09310986832332979,70,趋势延续,回踩20日线缩量企稳，或放量突破20日高点,放量跌破20日线，或从高点回撤≥15%,33
2026.HK,2026-05-05,81.9000015258789,78.50999908447265,82.14499969482422,80.47250022888184,92.91916631062826,104.35630246971836,48.35502263021651,-2.1406281150206183,-2.4644452759832047,0.6476343219251728,93.04914880760687,80.47250022888184,67.89585165015681,4.782143729073661,0.11885252650745692,-0.2758620457044586,,-0.3999999888214,27,高位回撤预警,避免抄底，等待60日线修复,若反弹缩量且不过60日线，继续降低仓位,119
2050.HK,2025-12-19,34.79999923706055,33.64399948120117,35.08999938964844,34.47399959564209,37.142666530609134,33.09608319600423,49.63983626536517,-0.35600862750562356,-0.3445712880020081,-0.022874679007230947,37.67026302911303,34.47399959564209,31.27773616217115,1.809999738420759,0.10616656865182095,-0.13043481161906068,,-0.23784495502943104,62,趋势转强,连续2日站上20日线且成交额≥20日均值1.3倍,跌破关键均线或放量破位,126
2097.HK,2025-08-29,431.7999877929688,458.1999938964844,461.2399963378906,461.82999725341796,496.4449986775716,480.6583323160807,37.06212943752192,-9.786576913129693,-9.20598668205598,-1.1611804621474242,495.7548115651373,461.82999725341796,427.9051829416986,17.957140241350437,-0.06738663543635248,-0.23978875388561827,,-0.2984565592315698,42,中性震荡,等待价格/成交确认,跌破关键均线或放量破位,124
2228.HK,2024-12-10,4.329999923706055,4.690000057220459,4.105000042915345,4.318500006198883,8.237500027815502,7.534000029166539,40.37518257007487,-0.8005230410779696,-1.0847588499062941,0.5684716176566491,5.659360258905243,4.318500006198883,2.977639753492524,0.654999988419669,-0.18761726347355745,-0.6915954461915417,,-0.7224359091138618,27,高位回撤预警,避免抄底，等待60日线修复,若反弹缩量且不过60日线，继续降低仓位,124
2259.HK,2026-03-27,172.0,174.56000061035155,176.4,194.69500122070312,194.73666712443034,167.27583306630453,38.69099654226288,-10.268210937643062,-7.540070260886722,-5.456281353512679,238.18058361276326,194.69500122070312,151.20941882864298,12.942858014787948,-0.26432849548798654,0.19031141868512114,,-0.3206950944981277,27,高位回撤预警,避免抄底，等待60日线修复,若反弹缩量且不过60日线，继续降低仓位,120
2396.HK,2026-05-12,6.059999942779541,5.942000007629394,6.38100004196167,6.852500009536743,7.861166675885518,9.659891309945479,28.52329546226089,-0.4946205450570167,-0.4180321607328953,-0.1531767686482428,8.078857419225232,6.852500009536743,5.626142599848254,0.25714281627110075,-0.1721311747723444,-0.3167981938031812,,-0.7755555576748319,27,高位回撤预警,避免抄底，等待60日线修复,若反弹缩量且不过60日线，继续降低仓位,92
2408.HK,2026-05-12,4.130000114440918,4.176000022888184,4.216000032424927,4.2884999990463255,4.74883333047231,4.73233010005025,38.39398685494746,-0.11229815837563262,-0.11754458440263735,0.01049285205400946,4.512367880351465,4.2884999990463255,4.064632117741186,0.14214290891374862,-0.04618933320764507,-0.23518517749953838,,-0.30704696509952056,27,高位回撤预警,避免抄底，等待60日线修复,若反弹缩量且不过60日线，继续降低仓位,103
2410.HK,2025-02-14,24.450000762939453,23.11999969482422,22.344999885559083,22.1364999294281,33.67050000826518,30.690756357016685,46.162611029949716,-2.6587043360832183,-3.5775788776865527,1.8377490832066687,27.369276292341517,22.1364999294281,16.903723566514685,1.7164288929530542,0.6475741584595409,0.02087682605729624,,-0.5614349638934627,27,高位回撤预警,避免抄底，等待60日线修复,若反弹缩量且不过60日线，继续降低仓位,119
2431.HK,2025-06-25,27.5,26.729999923706053,27.559999847412108,26.732499885559083,27.86166664759318,26.019583304723103,52.07708209575141,0.16866178981116775,0.12127890016079854,0.09476577930073843,30.61095218802582,26.732499885559083,22.854047583092346,2.521428789411272,0.1363636005381561,-0.2587600773303944,,-0.2587600773303944,54,趋势转强,连续2日站上20日线且成交额≥20日均值1.3倍,跌破关键均线或放量破位,120
2432.HK,2025-06-20,54.54999923706055,56.51999969482422,57.93999977111817,59.07250003814697,65.31916688283285,48.29487404703092,33.745091995882945,-2.4467713948101135,-2.162912043465475,-0.5677187026892767,63.38374289969914,59.07250003814697,54.761257176594796,2.592857360839843,-0.1815454165311634,-0.2207142966134208,,-0.2822368521439401,42,中性震荡,等待价格/成交确认,跌破关键均线或放量破位,119
2438.HK,2024-10-21,0.9300000071525574,1.0100000023841857,1.320999985933304,1.3939999967813492,1.1848333348830542,1.9749166602889696,39.1048227232555,-0.031828059295159195,0.0588754801545671,-0.1814070788994526,2.1731331093538677,1.3939999967813492,0.6148668842088306,0.269285717180797,0.22368423529278902,-0.34507039770486847,,-0.7806603638312698,27,高位回撤预警,避免抄底，等待60日线修复,若反弹缩量且不过60日线，继续降低仓位,121
2443.HK,2024-11-27,6.800000190734863,12.767999649047852,12.765999794006348,17.102999877929687,12.368499970436096,9.972583317756653,35.121117181198585,-1.620713647532888,-0.40082120073502975,-2.4397848935957165,28.76619105749746,17.102999877929687,5.439808698361913,3.278571469443185,-0.7858267656461461,0.25461256365600016,,-0.7858267656461461,27,高位回撤预警,避免抄底，等待60日线修复,若反弹缩量且不过60日线，继续降低仓位,123
2453.HK,2024-07-05,41.0,45.060000610351565,46.74500045776367,42.49500007629395,35.8324998219808,25.927999917666117,48.773754741016205,2.5645843668870683,3.2055926834836104,-1.2820166331930842,54.358074778286394,42.49500007629395,30.631925374301503,5.442857742309571,0.09919573293886841,0.8303571740279394,,-0.24701562120259857,50,中性震荡,等待价格/成交确认,跌破关键均线或放量破位,120
2460.HK,2025-04-17,14.279999732971191,14.228000068664551,14.260000038146973,14.368000078201295,13.341333309809366,13.06100001335144,51.02372568421922,0.11106650549177033,0.1970651664833701,-0.17199732198319956,15.084647424034932,14.368000078201295,13.651352732367657,0.6971428053719657,-0.04289546515081022,0.2749999978712627,,-0.1438849237586568,50,中性震荡,等待价格/成交确认,跌破关键均线或放量破位,120
2465.HK,2025-04-28,4.559999942779541,4.730000114440918,4.752000045776367,4.714500045776367,5.249333341916402,5.003916662931442,41.52513544950071,-0.18227629538074464,-0.2125167384165924,0.06048088607169555,5.376537530969372,4.714500045776367,4.052462560583361,0.34928563662937717,-0.17090910131281067,-0.025641002128344415,,-0.3604488261446399,27,高位回撤预警,避免抄底，等待60日线修复,若反弹缩量且不过60日线，继续降低仓位,120
2476.HK,2026-05-12,374.0,352.52000122070314,334.26000061035154,328.9866658528646,328.9866658528646,328.9866658528646,83.98123456887674,11.544722597631448,4.582005317130899,13.925434561001099,378.62546905221416,328.9866658528646,279.347862653515,24.928569248744417,,,,-0.04737647940487144,56,趋势转强,连续2日站上20日线且成交额≥20日均值1.3倍,跌破关键均线或放量破位,15
2477.HK,2024-07-10,0.4012500047683716,0.3742500066757202,0.36975000798702234,0.3743125006556511,0.39195833355188364,0.3979895830154419,60.30950664257529,-0.0012993773773600226,-0.0036551653301228255,0.004711575905525606,0.4141350881312454,0.3743125006556511,0.3344899131800568,0.016874994550432506,0.16304349610094926,-0.061403518556215064,,-0.15303428220154336,50,中性震荡,等待价格/成交确认,跌破关键均线或放量破位,120
2479.HK,2024-12-24,85.3499984741211,82.2999984741211,81.2599998474121,78.9924991607666,73.32666625976563,68.83374989827475,65.92253111018454,2.789162686063449,2.5633345110691494,0.4516563499885988,87.5059740401232,78.9924991607666,70.47902428140999,3.771428789411272,0.15650399654134128,0.3766128786148564,,0.0,70,趋势延续,回踩20日线缩量企稳，或放量突破20日高点,放量跌破20日线，或从高点回撤≥15%,123
2495.HK,2025-01-06,204.8000030517578,201.56000061035155,201.56999969482422,204.22499923706056,199.2483337402344,201.1233336130778,53.19537683646619,-0.4637002422901446,-0.16891153226975236,-0.5895774200407845,211.51966313316925,204.22499923706056,196.93033534095187,6.821427481515073,-0.0009755948694740724,0.10107528522450426,,-0.2183205990390923,50,中性震荡,等待价格/成交确认,跌破关键均线或放量破位,122
2497.HK,2024-09-24,0.9900000095367432,1.1,1.0639999866485594,1.0414999842643737,1.047499986489614,1.0649166588981946,43.76263352104699,0.012493606468805263,0.006894033977500896,0.011199144982608733,1.1570809004641827,1.0414999842643737,0.9259190680645648,0.07214285646166117,-0.0480768789906455,-0.06603767643538117,,-0.39263802918228785,27,高位回撤预警,避免抄底，等待60日线修复,若反弹缩量且不过60日线，继续降低仓位,120
2503.HK,2024-07-05,0.8999999761581421,0.8859999895095825,0.8929999887943267,0.8934999972581863,0.852499998609225,0.9383333320418994,53.834926451491874,0.009858237810550174,0.012114393304628754,-0.004512310988157159,0.9825357691283981,0.8934999972581863,0.8044642253879745,0.041428548949105394,0.13924044520594192,0.15384616560249453,,-0.36619718073379703,62,趋势延续,回踩20日线缩量企稳，或放量突破20日高点,放量跌破20日线，或从高点回撤≥15%,120
2505.HK,2024-11-22,2.289999961853028,2.269999980926514,2.2579999923706056,2.352500009536743,2.612833329041799,3.681499989827474,44.45111942342536,-0.09074043029887324,-0.10746182666637116,0.03344279273499584,2.587972642323722,2.352500009536743,2.117027376749764,0.09571426255362378,-0.033755243700014925,-0.36033519255430735,,-0.7220873755507063,27,高位回撤预警,避免抄底，等待60日线修复,若反弹缩量且不过60日线，继续降低仓位,123
2506.HK,2025-06-27,114.8000030517578,111.02000122070312,113.22000045776367,116.975,115.3466667175293,113.98624947865804,48.75853223710876,-1.826107352289469,-0.9804384501342218,-1.6913378043104945,130.18087847436968,116.975,103.76912152563033,5.699999673025951,-0.04173622598189608,-0.08159997558593757,,-0.31257483202540237,27,高位回撤预警,避免抄底，等待60日线修复,若反弹缩量且不过60日线，继续降低仓位,121
2507.HK,2025-01-08,20.0,20.00999984741211,20.229999923706053,20.21299982070923,19.95883321762085,21.192583258946737,45.49552245336634,-0.029988251136856547,0.021190384787262425,-0.10235727184823795,20.599405712940356,20.21299982070923,19.8265939284781,0.3728572300502232,-0.04761904761904767,-0.06976744186046513,,-0.29078016103162396,42,中性震荡,等待价格/成交确认,跌破关键均线或放量破位,122
2508.HK,2025-12-23,3.9600000381469727,4.008000087738037,4.070000028610229,4.215000033378601,5.316666706403097,6.200666681925456,20.160364696555277,-0.3201993716201681,-0.353499559524932,0.06660037580952782,4.587276038747569,4.215000033378601,3.842724028009633,0.24071431159973145,-0.1680672588796892,-0.36639999389648437,,-0.5500000054186039,27,高位回撤预警,避免抄底，等待60日线修复,若反弹缩量且不过60日线，继续降低仓位,125
2509.HK,2024-09-16,27.450000762939453,26.59000015258789,25.745000076293945,24.480000019073486,23.027333323160807,24.020833365122478,66.37413243043655,0.9997613250582091,0.6794832347494371,0.6405561806175442,27.66076482509642,24.480000019073486,21.29923521305055,2.0071428843906944,0.1437500317891438,-0.043554005810833796,,-0.05993150528342095,62,趋势转强,连续2日站上20日线且成交额≥20日均值1.3倍,跌破关键均线或放量破位,121
2510.HK,2025-04-30,6.269999980926514,6.531999969482422,6.265999984741211,5.960500025749207,5.257666659355164,4.719416671991349,54.904991326895164,0.29496992769269514,0.24682406950490904,0.09629171637557221,7.316305832565812,5.960500025749207,4.604694218932602,0.5214285169328962,0.02117265753546782,0.4315068075578905,,-0.08467152288773139,70,趋势延续,回踩20日线缩量企稳，或放量突破20日高点,放量跌破20日线，或从高点回撤≥15%,120
2512.HK,2024-12-11,3.0,2.9820000171661376,2.9200000047683714,2.8375000238418577,3.01916663646698,3.344499965508779,57.82029493507943,0.04319477120706994,0.0038100873212057115,0.07876936777172845,3.111870079627725,2.8375000238418577,2.5631299680559905,0.13142854826790948,0.14942533355537013,-0.16434538392066544,,-0.29742388444951384,54,趋势转强,连续2日站上20日线且成交额≥20日均值1.3倍,跌破关键均线或放量破位,124
2513.HK,2026-05-12,840.0,913.1,892.65,915.2,719.8749994913737,583.6073165521389,48.19998948842853,34.60955772926491,52.06056836542575,-34.90202127232169,1031.8868954893703,915.2,798.5131045106297,86.53571428571429,-0.12271540469973885,3.1338583298008587,,-0.18287937743190663,50,中性震荡,等待价格/成交确认,跌破关键均线或放量破位,82
2515.HK,2024-10-18,0.3849999904632568,0.3759999990463257,0.3979999989271164,0.3954999983310699,0.6028333301345508,0.9464166638751824,41.201288391856885,-0.028935062964752567,-0.03542175822329478,0.012973390517084432,0.48084142062135327,0.3954999983310699,0.31015857604078656,0.03749999829701015,0.09999999148505045,-0.7015503861641813,,-0.7652439062064209,27,高位回撤预警,避免抄底，等待60日线修复,若反弹缩量且不过60日线，继续降低仓位,121
2519.HK,2025-05-07,7.46999979019165,7.6019998550415036,7.633999919891357,7.733499956130982,10.093499946594239,11.213983002355544,34.14874605270559,-0.6637512647570949,-0.7795162339113196,0.23152993830844948,9.10099146058104,7.733499956130982,6.366008451680923,0.38000004632132395,-0.2647637891358472,-0.3764607616339515,,-0.4594790191645758,27,高位回撤预警,避免抄底，等待60日线修复,若反弹缩量且不过60日线，继续降低仓位,118
2522.HK,2024-12-04,52.54999923706055,52.58000030517578,51.70000038146973,48.28250026702881,36.93916670481364,27.680083298683165,65.15746794571626,4.0212550466749875,4.131356943746425,-0.2202037941428756,56.14622642072074,48.28250026702881,40.41877411333688,3.0392859322684163,0.20804595947265625,1.646022035350296,,-0.06076856978581169,70,趋势延续,回踩20日线缩量企稳，或放量突破20日高点,放量跌破20日线，或从高点回撤≥15%,123
2525.HK,2026-03-13,188.8999938964844,191.39999694824218,195.1999984741211,203.5199996948242,197.8133331298828,189.3674997329712,42.88171188044196,-2.9912929536909303,-0.9898480750177105,-4.0028897573464395,227.46297224834964,203.5199996948242,179.57702714129877,10.235715593610482,-0.056443572547501986,0.2163553778780578,,-0.1927350688184427,50,中性震荡,等待价格/成交确认,跌破关键均线或放量破位,120
2526.HK,2026-05-12,299.79998779296875,312.3199951171875,305.8799987792969,294.40999908447264,283.53571374075756,283.53571374075756,48.39491546264116,17.377537708336376,18.625154582713016,-2.4952337487532787,336.71803594525323,294.40999908447264,252.10196222369206,25.528575352260045,0.03024050787961774,,,-0.113017787594767,70,趋势延续,回踩20日线缩量企稳，或放量突破20日高点,放量跌破20日线，或从高点回撤≥15%,28
2529.HK,2024-11-13,2.9600000381469727,2.95600004196167,2.965000033378601,2.9960000038146974,2.9511666456858316,2.8982499917348226,43.96838840755506,-0.014905056438601072,-0.007310066291192839,-0.015189980294816465,3.0700980189260654,2.9960000038146974,2.9219019887033295,0.01428571769169405,-0.029508169041433052,0.053380817943738945,,-0.09480120629594202,50,中性震荡,等待价格/成交确认,跌破关键均线或放量破位,123
2530.HK,2025-07-09,0.6600000262260437,0.6600000143051148,0.658000010251999,0.6405000060796737,0.6498333374659221,0.6790833383798599,53.486339693743076,0.0054405462979247865,0.002123859671879884,0.006633373252089805,0.689263669620288,0.6405000060796737,0.5917363425390595,0.021428568022591726,0.03125006402842834,0.0,,-0.23255812180500046,62,趋势转强,连续2日站上20日线且成交额≥20日均值1.3倍,跌破关键均线或放量破位,120
2531.HK,2025-01-10,29.299999237060547,29.29000015258789,29.05500011444092,30.502500152587892,25.468500185012818,18.4522501150767,51.17374059395493,0.6509723537301824,1.1944561460128345,-1.0869675845653042,36.74661123694856,30.502500152587892,24.258389068227224,3.139285360063826,0.03900703703408115,0.8927648645671538,,-0.18041960176054417,50,中性震荡,等待价格/成交确认,跌破关键均线或放量破位,123
2533.HK,2025-02-04,25.5,25.64000015258789,25.955000114440917,26.492500209808348,27.233333365122476,25.283277383371562,44.09828684875229,-0.5999627981348183,-0.48881122726592563,-0.22230314173778543,28.348720221868188,26.492500209808348,24.63628019774851,1.1464285169328963,-0.05555555555555558,0.07142860577458632,,-0.28370783446699144,42,中性震荡,等待价格/成交确认,跌破关键均线或放量破位,119
2535.HK,2024-09-04,0.6399999856948853,0.6560000061988831,0.7120000064373017,0.7410000085830688,0.6458333343267441,0.6290833319226901,40.829527645285,0.00010875658392162091,0.023271813691485007,-0.04632611421512677,0.9274798694973151,0.7410000085830688,0.5545201476688225,0.0700000056198665,-0.015384601277006582,0.08474578668385702,,-0.29670333269209204,42,中性震荡,等待价格/成交确认,跌破关键均线或放量破位,122
2539.HK,2026-05-12,17.0,16.65,16.3,16.0,17.081666692097983,29.27295236133394,53.39722025274122,-0.10809243122604784,-0.41968943894747746,0.6231940154428592,17.330120842128103,16.0,14.669879157871897,1.0714286395481651,0.07594935409993342,-0.09766455083256176,,-0.7995283091013096,27,高位回撤预警,避免抄底，等待60日线修复,若反弹缩量且不过60日线，继续降低仓位,105
2540.HK,2024-09-04,1.3899999856948853,1.4700000047683717,1.447000014781952,1.4380000054836273,1.8111666599909464,2.294499996304512,39.346997324610605,-0.06341593561311054,-0.0852333697502464,0.04363486827427171,1.5645909424349156,1.4380000054836273,1.311409068532339,0.15785715409687587,-0.07333334287007653,-0.08552631372560093,,-0.7982583435950215,27,高位回撤预警,避免抄底，等待60日线修复,若反弹缩量且不过60日线，继续降低仓位,122
2543.HK,2026-03-06,29.920000076293945,30.388000106811525,32.21199989318848,34.19099998474121,36.76599992116292,42.67299992243449,26.56905536836105,-1.9928729329471366,-1.4399954612286971,-1.105754943436879,39.47304876174161,34.19099998474121,28.908951207740813,1.2000000817435128,-0.18474115928335666,-0.25012534004822007,,-0.5350427228319744,27,高位回撤预警,避免抄底，等待60日线修复,若反弹缩量且不过60日线，继续降低仓位,120
2545.HK,2024-12-30,0.3350000083446502,0.33100000619888303,0.3325000077486037,0.33025000542402266,0.34200000415245685,0.3491666689515114,51.86178544457482,-0.0005933518965722251,-0.001037835948338884,0.0008889681035333177,0.3475629208050039,0.33025000542402266,0.31293709004304143,0.012500002980232267,0.06349209803242206,-0.1728394880034616,,-0.5073529340868179,27,高位回撤预警,避免抄底，等待60日线修复,若反弹缩量且不过60日线，继续降低仓位,123
2546.HK,2026-05-12,15.56999969482422,15.843999862670898,16.414999961853027,16.678999996185304,16.695166714986165,14.83989252069945,42.48764762981957,-0.15076611405474338,0.03968850997573731,-0.3809092480609614,18.047839862062528,16.678999996185304,15.31016013030808,0.961428642272949,-0.04361185269504941,0.07231399476293587,,-0.22537316421256048,50,中性震荡,等待价格/成交确认,跌破关键均线或放量破位,93
2549.HK,2025-03-31,5.230000019073486,5.586000061035156,5.703999996185303,5.488499999046326,5.619666679700216,5.644000021616618,43.14724212602652,-0.022885790358031066,-0.01762126316970982,-0.010529054376642491,6.0840015382940456,5.488499999046326,4.892998459798606,0.3964286191122873,0.009652546793790018,0.046000003814697266,,-0.4284152746321578,27,高位回撤预警,避免抄底，等待60日线修复,若反弹缩量且不过60日线，继续降低仓位,122
2550.HK,2024-12-04,10.81999969482422,10.057999801635741,11.139999866485596,23.623499870300293,33.32950000762939,26.515583308537803,29.41342704811059,-9.051565720113548,-8.31942352312618,-1.4642843939747365,58.67388303243241,23.623499870300293,-11.426883291831821,5.04071433203561,-0.761674023542563,-0.45791582208832127,,-0.8158297924285239,27,高位回撤预警,避免抄底，等待60日线修复,若反弹缩量且不过60日线，继续降低仓位,123
2551.HK,2025-05-07,3.3299999237060547,3.2119999885559083,3.152999997138977,3.127499985694885,3.7804999788602194,3.7078813496282543,50.22663915495483,-0.116685105108147,-0.17525326019456286,0.11713631017283171,3.3750883614208567,3.127499985694885,2.8799116099689135,0.13428580760955808,-0.07499999668863078,-0.10242590580422639,,-0.3752345269471149,27,高位回撤预警,避免抄底，等待60日线修复,若反弹缩量且不过60日线，继续降低仓位,118
2555.HK,2024-10-18,9.609999656677246,9.619999885559082,9.974000072479248,8.88500006198883,7.429166666666666,9.165750018755595,54.28464893128465,0.7977512232436474,0.8365755635725519,-0.07764868065780894,13.223292338619363,8.88500006198883,4.546707785358296,2.1714285782405307,0.9258517229398244,-0.04851492141440672,,-0.2607692571786734,54,趋势转强,连续2日站上20日线且成交额≥20日均值1.3倍,跌破关键均线或放量破位,121
2556.HK,2024-11-12,105.5,103.51999969482422,110.42000045776368,107.275,100.32750040690104,92.62333348592122,50.59947825192779,1.9654470671750488,2.9483727296733315,-1.9658513249965655,123.80871576612832,107.275,90.7412842338717,7.5642847333635626,0.12174371692408159,0.07269955909313297,,-0.16269841269841268,50,中性震荡,等待价格/成交确认,跌破关键均线或放量破位,123
2559.HK,2024-12-24,1.9600000381469729,1.9660000324249267,1.975000011920929,1.977000004053116,2.2308333377043406,2.2003333340088527,43.82170043408248,-0.0481340748775847,-0.05657682807174154,0.01688550638831368,2.065519960047446,1.977000004053116,1.888480048058786,0.09142855235508497,-0.02487559828533137,-0.22834643008534639,,-0.5784946240969704,27,高位回撤预警,避免抄底，等待60日线修复,若反弹缩量且不过60日线，继续降低仓位,123
2560.HK,2025-07-08,1.659999966621399,1.6240000247955322,1.591000008583069,1.5900000095367433,1.6895000000794729,1.5918333341677984,55.891017077027826,-0.006167185031180411,-0.023212134387058835,0.03408989871175685,1.6723343948349092,1.5900000095367433,1.5076656242385773,0.05285716908318657,0.04402511432283096,0.012195110427418276,,-0.13541666472641134,62,趋势转强,连续2日站上20日线且成交额≥20日均值1.3倍,跌破关键均线或放量破位,120
2561.HK,2025-09-17,45.0,44.84000015258789,44.92199974060058,45.25299987792969,46.5246665318807,46.61233320236206,44.97695071688387,-0.5710605691493242,-0.6271400248089349,0.1121589113192214,46.39829911909909,45.25299987792969,44.107700636760285,0.9799998147147038,-0.02555219353351823,-0.06347553143576556,,-0.34593026157067497,27,高位回撤预警,避免抄底，等待60日线修复,若反弹缩量且不过60日线，继续降低仓位,123
2562.HK,2025-04-28,16.0,16.744000244140626,16.804000186920167,16.86500015258789,22.280666732788085,24.072833347320557,41.66382976341702,-1.3221491050293608,-1.638685647828455,0.6330730855981885,20.363327965368494,16.86500015258789,13.366672339807284,2.084286144801549,-0.13606913582484692,-0.3442622848301604,,-0.6734693877551021,27,高位回撤预警,避免抄底，等待60日线修复,若反弹缩量且不过60日线，继续降低仓位,120
2563.HK,2025-04-29,4.409999847412109,4.409999847412109,4.409999847412109,4.456499862670898,10.58999995390574,17.842583374182382,9.44136987880539,-1.3543624780129626,-1.7312910685019347,0.7538571809779442,4.872408642962379,4.456499862670898,4.040591082379417,0.0,-0.20540546020626516,-0.7447916856380516,,-0.8755994428067132,27,高位回撤预警,避免抄底，等待60日线修复,若反弹缩量且不过60日线，继续降低仓位,120
2565.HK,2025-11-21,63.25,63.25999908447265,59.56499977111817,57.39499969482422,52.48783327738444,33.8052499294281,62.01908472771046,2.9153028382386452,2.261717555491392,1.3071705654945065,66.97276383665408,57.39499969482422,47.81723555299437,5.207142421177456,0.19339622641509435,0.8112830273928486,,-0.029907930053894916,70,趋势延续,回踩20日线缩量企稳，或放量突破20日高点,放量跌破20日线，或从高点回撤≥15%,125
2566.HK,2025-05-27,6.059999942779541,6.146000003814697,6.155999994277954,6.080000019073486,6.379500007629394,6.46305086249012,46.75869200762953,-0.014644028606937809,-0.02939894981250251,0.029509842411129403,6.349346183953011,6.080000019073486,5.810653854193961,0.1892857210976737,0.0,-0.13552072112468805,,-0.26456309331217354,42,中性震荡,等待价格/成交确认,跌破关键均线或放量破位,118
2567.HK,2025-04-14,0.8600000143051147,0.8400000095367431,0.8820000052452087,0.9285000026226043,0.9364999989668529,0.9522499978542328,41.4777305557282,-0.037913838843791625,-0.026222590549160197,-0.023382496589262856,1.0717370038984846,0.9285000026226043,0.7852630013467241,0.0628571425165449,-0.18095233013299894,0.2463768366329111,,-0.31199998855590816,27,高位回撤预警,避免抄底，等待60日线修复,若反弹缩量且不过60日线，继续降低仓位,122
2569.HK,2025-09-23,0.7200000286102295,0.7560000061988831,0.7889999985694885,0.8549999982118607,1.1021666715542475,0.9875833354890347,18.309799637732837,-0.0965086495586599,-0.09292316745513785,-0.007170964207044106,1.0171565105635847,0.8549999982118607,0.6928434858601367,0.04357142959322248,-0.3394495352642394,-0.4744525356903475,,-0.5527950172590615,27,高位回撤预警,避免抄底，等待60日线修复,若反弹缩量且不过60日线，继续降低仓位,123
2570.HK,2025-06-04,205.0,211.55999755859375,229.65999755859374,218.6699981689453,199.3383321126302,198.82542303053,47.58952639884409,7.593489666471697,11.944848206367777,-8.702717079792158,265.3762515077204,218.6699981689453,171.96374483017024,20.25714329310825,0.12452000311704503,-0.106364405168619,,-0.27561837455830385,42,中性震荡,等待价格/成交确认,跌破关键均线或放量破位,118
2571.HK,2025-07-14,12.979999542236328,13.027999687194825,13.06599988937378,12.973999881744385,12.935000022252401,13.280500038464863,49.3003472581592,0.01573065535487217,0.010757350138745313,0.009946610432253714,13.300796301227665,12.973999881744385,12.647203462261105,0.20142868586948953,0.030158662639840017,0.025276437494557324,,-0.16794876763884803,62,趋势转强,连续2日站上20日线且成交额≥20日均值1.3倍,跌破关键均线或放量破位,120
2573.HK,2025-12-05,8.800000190734863,9.088000106811524,9.11800012588501,9.039500093460083,9.965333398183187,11.581583364804585,40.859595695272645,-0.1967650740504716,-0.23214696700740597,0.07076378591386873,9.57172365352999,9.039500093460083,8.507276533390176,0.39928572518484934,-0.06680806935871808,-0.2727272798923689,,-0.6165577386408874,27,高位回撤预警,避免抄底，等待60日线修复,若反弹缩量且不过60日线，继续降低仓位,125
2575.HK,2026-04-13,31.0,31.37200012207031,31.975999641418458,38.16099977493286,55.35033318201701,59.000167862707826,29.25093348207453,-6.727282320078302,-6.931714768927344,0.4088648976980842,53.40040899096242,38.16099977493286,22.921590558903308,4.479285648890904,-0.40726576573192486,-0.5118110236220472,,-0.6262808783544274,27,高位回撤预警,避免抄底，等待60日线修复,若反弹缩量且不过60日线，继续降低仓位,119
2576.HK,2025-04-03,3.849999904632568,3.731999969482422,3.921999955177307,4.165499985218048,4.096833336353302,4.860000004371007,41.18570488026923,-0.16493722578245906,-0.11020931260476377,-0.10945582635539058,4.777123360768632,4.165499985218048,3.553876609667464,0.2457143068313598,-0.14823010600026787,-0.07451921974766151,,-0.5815217408205476,27,高位回撤预警,避免抄底，等待60日线修复,若反弹缩量且不过60日线，继续降低仓位,121
2577.HK,2025-06-27,35.29999923706055,35.79000015258789,35.74500045776367,35.685000038146974,37.06916672388713,41.708750057220456,45.289875851862895,-0.35379008608869356,-0.4528550212455615,0.19812987031373586,37.38766119927806,35.685000038146974,33.98233887701589,1.3714288984026217,-0.008426945222445026,-0.24653147520251273,,-0.4560863111384573,27,高位回撤预警,避免抄底，等待60日线修复,若反弹缩量且不过60日线，继续降低仓位,121
2579.HK,2026-05-12,39.2599983215332,40.395999145507815,42.255999374389646,40.49199962615967,36.557666619618736,34.42837597773625,49.66508843217444,1.1833181566184834,1.7449866939207046,-1.1233370746044424,46.36031458033684,40.49199962615967,34.623684671982495,2.758571352277483,0.033157850566663205,0.19041840104498187,,-0.14279478219369246,50,中性震荡,等待价格/成交确认,跌破关键均线或放量破位,117
2580.HK,2026-02-27,11.890000343322754,11.955999946594238,12.444999980926514,12.85900001525879,13.635833406448365,14.42000006834666,34.02937972142486,-0.436739269961242,-0.3192880875688097,-0.2349023647848646,14.179508724865112,12.85900001525879,11.538491305652467,0.42071410587855745,-0.11400892133181817,-0.25220121832796527,,-0.2785193766025259,42,中性震荡,等待价格/成交确认,跌破关键均线或放量破位,120
2581.HK,2026-05-12,3.180000066757202,3.240000009536743,3.308000016212463,3.3695000410079956,3.522333351771037,3.7414130672164587,26.993152488666013,-0.07971725158949772,-0.06242643298131797,-0.0345816372163595,3.5601747448349497,3.3695000410079956,3.1788253371810415,0.06428570406777524,-0.08357347534927106,-0.14516127895159403,,-0.3262711423493343,27,高位回撤预警,避免抄底，等待60日线修复,若反弹缩量且不过60日线，继续降低仓位,92
2582.HK,2025-05-14,133.1999969482422,127.19999847412109,117.30999908447265,110.8875,125.36750030517578,119.09957665912175,65.03354222213238,3.179955831737857,-1.1966703002778452,8.753252264031405,133.10777968851136,110.8875,88.66722031148865,9.310713631766186,0.18928568703787674,0.01601823605613273,,-0.1378640974223807,62,趋势转强,连续2日站上20日线且成交额≥20日均值1.3倍,跌破关键均线或放量破位,118
2583.HK,2026-03-27,109.4000015258789,110.12000122070313,112.12000045776367,117.07000007629395,154.99333381652832,160.809166653951,27.15735989735623,-10.841762744616588,-11.82951699743877,1.9755085056443633,130.08708907852346,117.07000007629395,104.05291107406444,13.778570992606026,-0.23869169207232088,-0.336969687721946,,-0.44886649105350673,27,高位回撤预警,避免抄底，等待60日线修复,若反弹缩量且不过60日线，继续降低仓位,120
2585.HK,2025-05-28,15.699999809265137,15.691999816894532,16.10999994277954,16.80800004005432,16.57833334604899,15.83576272705854,40.882793234794796,-0.33764825556881917,-0.15828347122680203,-0.3587295686840343,18.488571499125786,16.80800004005432,15.127428580982857,0.7499994550432477,-0.08932714514491813,-0.07319956822312235,,-0.19487180465306986,50,中性震荡,等待价格/成交确认,跌破关键均线或放量破位,118
2586.HK,2025-06-04,10.15999984741211,10.16599998474121,9.493000030517578,9.942000007629394,10.597833355267843,8.534322043596688,51.21100365527763,-0.16673056520193086,-0.2714763934700342,0.20949165653620672,11.631018228985466,9.942000007629394,8.252981786273322,0.7128571782793317,-0.060998139189211265,0.4091539242242932,,-0.26376813717485326,42,中性震荡,等待价格/成交确认,跌破关键均线或放量破位,118
2587.HK,2025-06-27,18.280000686645508,20.206000137329102,24.572999954223633,39.09150009155273,33.558000055948895,26.06241672039032,30.564334694636187,-5.194228366549577,-1.9245336576728471,-6.53938941775346,70.70613165490326,39.09150009155273,7.476868528202207,5.741428511483329,-0.467055361712828,-0.3471428326198033,,-0.6953333218892415,27,高位回撤预警,避免抄底，等待60日线修复,若反弹缩量且不过60日线，继续降低仓位,121
2589.HK,2025-11-04,86.4000015258789,89.9800018310547,94.4500015258789,105.78000106811524,123.56666666666666,127.99666678110758,18.062092492842652,-9.524647348552577,-7.930397938136522,-3.188498820832109,131.2461470358051,105.78000106811524,80.31385510042536,4.714285169328965,-0.2829875392043244,-0.3784172552095043,,-0.4545454238947637,27,高位回撤预警,避免抄底，等待60日线修复,若反弹缩量且不过60日线，继续降低仓位,125
2590.HK,2026-01-05,22.780000686645508,22.584000015258788,22.49200019836426,23.14099998474121,25.180999946594238,23.309416611989338,47.25552744061755,-0.5256306963969237,-0.5983686694356194,0.14547594607739134,25.338203004770666,23.14099998474121,20.943796964711755,1.1128571374075746,-0.0563379758653233,-0.28454772055665345,,-0.295609134843414,42,中性震荡,等待价格/成交确认,跌破关键均线或放量破位,123
2591.HK,2026-02-11,27.6200008392334,27.268000411987305,28.047999954223634,29.5020001411438,32.776999918619794,36.00583316485087,40.23457844696281,-1.31656922066502,-1.1719992732583309,-0.2891398948133781,33.28953431413797,29.5020001411438,25.714465968149636,3.4571426936558316,-0.11587704732416504,-0.16201451436796044,,-0.5175545704937398,27,高位回撤预警,避免抄底，等待60日线修复,若反弹缩量且不过60日线，继续降低仓位,123
2592.HK,2025-12-30,5.03000020980835,5.394000053405762,5.469000005722046,6.8679999828338625,5.5128333330154415,5.374916652838389,40.59499996155779,-0.28117551945444585,0.016675906302911936,-0.5957028515147156,9.992279075824385,6.8679999828338625,3.743720889843341,0.8499999727521624,-0.3925120323641138,0.11529932473095172,,-0.47108306111999265,27,高位回撤预警,避免抄底，等待60日线修复,若反弹缩量且不过60日线，继续降低仓位,124
2593.HK,2025-06-17,1.7699999809265137,1.7739999771118165,1.7599999904632568,1.8004999816417695,1.8056666632493337,1.9855932138733945,41.81594152709227,-0.024105421323938003,-0.02335779941406102,-0.0014952438197539664,1.9301918969241392,1.8004999816417695,1.6708080663593998,0.03428569010325839,-0.09230772428493694,0.005681812794001706,,-0.5724637589350821,27,高位回撤预警,避免抄底，等待60日线修复,若反弹缩量且不过60日线，继续降低仓位,118
2595.HK,2026-03-18,28.34000015258789,28.84800033569336,28.920000076293945,28.29000005722046,28.439999961853026,29.890420064204882,48.57641315617167,-0.09071957425314991,-0.1480117239687522,0.11458429943120457,33.72309910949201,28.29000005722046,22.856901004948913,3.3814284460885173,-0.06221043029394813,0.02681158553950569,,-0.32684082708438766,27,高位回撤预警,避免抄底，等待60日线修复,若反弹缩量且不过60日线，继续降低仓位,119
2596.HK,2025-07-11,2.5999999046325684,2.6019999027252196,2.6049999237060546,2.6079999208450317,2.6184999426205953,2.613583258787791,45.061760193642456,-0.0042373332827483345,-0.0033759869589264756,-0.0017226926476437178,2.634437610914086,2.6079999208450317,2.5815622307759774,0.013571449688502752,-0.01886799582470622,-0.003831414124593202,,-0.033457305083066324,50,中性震荡,等待价格/成交确认,跌破关键均线或放量破位,121
2597.HK,2026-01-05,14.859999656677246,15.109999847412109,14.805000019073486,14.73349995613098,15.557499917348226,15.48358329931895,51.19132692100436,0.0543159877578141,-0.06021343053546734,0.2290588365865629,15.997666211187514,14.73349995613098,13.469333701074447,0.4857140949794219,0.05091932785521425,-0.26435648042446624,,-0.3003766564591186,27,高位回撤预警,避免抄底，等待60日线修复,若反弹缩量且不过60日线，继续降低仓位,123
2598.HK,2024-09-24,9.109999656677246,9.131999969482422,9.26899995803833,9.378499984741211,9.456333335240682,9.504416624704996,38.24299883112578,-0.0888700533220046,-0.054883530027566185,-0.06797304658887682,9.708302271969941,9.378499984741211,9.04869769751248,0.20285708563668386,-0.008705106350257119,-0.040042162656042324,,-0.1015779735474831,50,中性震荡,等待价格/成交确认,跌破关键均线或放量破位,120
2603.HK,2025-11-21,12.25,12.831999969482421,13.067999935150146,13.580999946594238,16.057999912897746,14.982083320617676,28.68551862286357,-0.8380741879653453,-0.8596290820225452,0.043109788114399805,15.482931530807795,13.580999946594238,11.679068362380681,0.5150000708443777,-0.20454543484143917,-0.3473628289160142,,-0.3609807015520763,27,高位回撤预警,避免抄底，等待60日线修复,若反弹缩量且不过60日线，继续降低仓位,125
2605.HK,2025-12-05,3.049999952316284,3.088000011444092,3.0869999885559083,3.115499997138977,3.72400000890096,4.752333323160808,40.68572562556902,-0.11848544337777911,-0.15167172450914773,0.06637256226273724,3.2625374584538736,3.115499997138977,2.9684625358240804,0.13857141562870565,-0.00326797080073582,-0.3788187276779992,,-0.5752089101341911,27,高位回撤预警,避免抄底，等待60日线修复,若反弹缩量且不过60日线，继续降低仓位,124
2609.HK,2025-12-19,4.300000190734863,4.35600004196167,4.414000034332275,4.954000020027161,6.3378333568573,6.6630833347638445,24.05470914535462,-0.5553450430240794,-0.5558288588268909,0.000967631605623076,6.181087228517644,4.954000020027161,3.7269128115366787,0.28214280945914133,-0.25217387987219764,-0.5028901294373145,,-0.6720060790737881,27,高位回撤预警,避免抄底，等待60日线修复,若反弹缩量且不过60日线，继续降低仓位,126
2610.HK,2025-09-19,42.65999984741211,42.75600051879883,43.60400047302246,44.16900062561035,40.1776668548584,33.12341674168905,49.31460391484046,0.4018297135366211,0.9329138268166016,-1.062168226559961,47.54349315307677,44.16900062561035,40.794508098143936,3.2307145254952565,-0.03440471813635548,0.42199999491373696,,-0.11125000317891443,50,中性震荡,等待价格/成交确认,跌破关键均线或放量破位,123
2613.HK,2025-07-08,24.100000381469727,24.220000076293946,24.520000076293947,25.010000038146973,26.838333384195963,28.38999999364217,36.94611070471504,-0.703003596249296,-0.6968816575579938,-0.012243877382604351,26.749812503154313,25.010000038146973,23.270187573139633,0.6142858777727395,-0.07662835137044455,-0.14081992738067373,,-0.2869822211402627,42,中性震荡,等待价格/成交确认,跌破关键均线或放量破位,120
2617.HK,2025-12-19,163.89999389648438,160.77999877929688,165.29999847412108,181.26000061035157,178.07333437601724,122.84191714922586,42.41832724419819,-8.5040080551843,-5.920338364825846,-5.167339380716909,218.29105350130254,181.26000061035157,144.2289477194006,13.550000871930802,-0.19892478491148924,-0.007268395897446878,,-0.605060255671122,27,高位回撤预警,避免抄底，等待60日线修复,若反弹缩量且不过60日线，继续降低仓位,126
2619.HK,2025-12-22,2.2799999713897705,2.0800000190734864,1.9880000114440919,1.8969999969005584,1.889999997048151,1.889999997048151,83.49081862813688,0.09310443986744144,0.05611876532903183,0.07397134907681921,2.175197219483321,1.8969999969005584,1.6188027743177957,0.099999989782061,0.3028571265084403,,,0.0,64,趋势延续,回踩20日线缩量企稳，或放量突破20日高点,放量跌破20日线，或从高点回撤≥15%,21
2621.HK,2025-11-26,3.9800000190734863,3.8359999656677246,3.849999952316284,3.8634999871253966,4.1413333455721535,4.523833328485489,54.590636733505676,-0.05232552338936314,-0.07498886396422713,0.04532668114972799,3.975001777357617,3.8634999871253966,3.751998196893176,0.08142861298152382,0.002518889267302482,-0.17768597239704065,,-0.3978820062508228,27,高位回撤预警,避免抄底，等待60日线修复,若反弹缩量且不过60日线，继续降低仓位,125
2625.HK,2025-09-26,5.800000190734863,4.502000141143799,4.2680001020431515,3.9885000586509705,3.1421666741371155,3.023666661977768,85.29974385054136,0.4288077774950856,0.325533404421934,0.20654874614630314,5.223503214056763,3.9885000586509705,2.7534969032451775,0.3192856652396066,1.0209060703864838,1.0863310253328318,,0.0,64,趋势延续,回踩20日线缩量企稳，或放量突破20日高点,放量跌破20日线，或从高点回撤≥15%,124
2627.HK,2026-02-06,46.68000030517578,46.77599945068359,48.39299964904785,47.761999893188474,43.09166666666667,45.06541674931844,50.95184431079562,1.12572389499811,1.7039693731931238,-1.1564909563900274,53.86138886451418,47.761999893188474,41.662610921862765,2.9142856597900395,0.1385365928091653,0.1571641082946591,,-0.12747662980979846,50,中性震荡,等待价格/成交确认,跌破关键均线或放量破位,124
2629.HK,2025-11-19,53.900001525878906,57.44000015258789,60.275000381469724,62.90499992370606,59.18916657765706,46.09566671053569,32.74201228501829,-1.8257944549604304,-0.32709294855004545,-2.9974030128207696,70.93513280050769,62.90499992370606,54.87486704690443,4.089287076677597,-0.20735291873707495,0.1763422497789191,,-0.2745625933779322,42,中性震荡,等待价格/成交确认,跌破关键均线或放量破位,125
2630.HK,2026-05-05,73.6500015258789,74.20999908447266,78.0,82.16750030517578,98.89416694641113,88.84831927002979,31.917797095619576,-6.164182897984176,-5.800133355576299,-0.7280990848157547,92.89313576154476,82.16750030517578,71.4418648488068,3.9142853873116628,-0.12529686228906123,-0.25942680959347497,,-0.4377862478940542,27,高位回撤预警,避免抄底，等待60日线修复,若反弹缩量且不过60日线，继续降低仓位,119
2631.HK,2026-02-16,57.09999847412109,58.7,58.670000076293945,60.41999969482422,59.3458335240682,55.826916758219404,44.42559462707619,-0.7618208533191222,-0.48778770527190046,-0.5480662960944435,68.68236788777249,60.41999969482422,52.157631501875954,3.3035719735281814,-0.1730630564734278,0.1397205631376579,,-0.18136202904485899,50,中性震荡,等待价格/成交确认,跌破关键均线或放量破位,123
2632.HK,2026-05-12,119.5,113.13999938964844,99.65499954223633,86.75000019073487,70.83875006437302,70.83875006437302,84.81284328365815,17.47468055480286,14.861001413018228,5.227358283569263,125.70284554921314,86.75000019073487,47.797154832256595,11.107142857142861,1.6183173005717366,,,-0.004166666666666652,64,趋势延续,回踩20日线缩量企稳，或放量突破20日高点,放量跌破20日线，或从高点回撤≥15%,32
2635.HK,2026-05-12,19.8799991607666,19.246000289916992,22.18300018310547,36.78750019073486,45.85583343505859,44.42648348965488,31.159729824341085,-9.122146343442278,-7.4329365098969085,-3.378419667090739,72.2497327411042,36.78750019073486,1.3252676403655244,5.011428696768625,-0.6664429585615057,-0.6124756441242842,,-0.7097810341493926,27,高位回撤预警,避免抄底，等待60日线修复,若反弹缩量且不过60日线，继续降低仓位,91
2637.HK,2026-04-17,195.1999969482422,188.43999938964845,188.9,167.73500061035156,150.5866663614909,140.21512590937255,65.47277267435922,13.01454626885183,11.012262064861519,4.004568407980624,214.2043330915817,167.73500061035156,121.26566812912142,13.7999997820173,0.3756166690933054,0.2520846991043022,,-0.052427199280377756,70,趋势延续,回踩20日线缩量企稳，或放量突破20日高点,放量跌破20日线，或从高点回撤≥15%,119
2643.HK,2025-12-22,31.100000381469727,31.288000106811523,38.06900005340576,42.9024998664856,47.360166517893475,51.22391667366028,27.464845032149498,-4.684232580981686,-2.8802758071061065,-3.607913547751158,58.33239538497364,42.9024998664856,27.47260434799756,3.9464287076677596,-0.35343032498842497,-0.40648855962131414,,-0.6275449056111411,27,高位回撤预警,避免抄底，等待60日线修复,若反弹缩量且不过60日线，继续降低仓位,125
2648.HK,2025-12-31,66.5,67.58000030517579,68.65000076293946,69.62999992370605,65.91083354949951,62.69416678746541,42.67250226359036,-0.25140704204974895,0.3746505165694659,-1.2521151172384297,73.24304643013059,69.62999992370605,66.01695341728151,2.2071435110909596,-0.1290111155334176,0.13772453604764867,,-0.1290111155334176,50,中性震荡,等待价格/成交确认,跌破关键均线或放量破位,124
2649.HK,2026-05-11,3.900000095367432,3.900000095367432,3.900000095367432,3.900000095367432,4.226428622291202,4.226428622291202,14.235577047148226,-0.14134830491486605,-0.19605765863135263,0.10941870743297316,3.900000095367432,3.900000095367432,3.900000095367432,0.0,0.0,,,-0.370967707202287,27,高位回撤预警,避免抄底，等待60日线修复,若反弹缩量且不过60日线，继续降低仓位,42
2650.HK,2026-04-08,35.599998474121094,30.31199951171875,30.57999954223633,35.486999702453616,47.901333300272626,43.83563008027918,46.973594213520336,-4.735844095966925,-5.213799191878332,0.955910191822813,50.133545630496585,35.486999702453616,20.84045377441065,4.798571177891323,-0.2964426966864754,-0.11618670424541366,,-0.452644557610667,32,高位回撤预警,避免抄底，等待60日线修复,若反弹缩量且不过60日线，继续降低仓位,119
2651.HK,2026-01-05,10.800000190734863,10.728000259399414,10.881000137329101,11.007500076293946,11.389333343505859,13.140500005086263,46.60771338613442,-0.15482976293693618,-0.14587260659416165,-0.01791431268554905,11.617965787527861,11.007500076293946,10.39703436506003,0.33928585052490207,-0.027027043281519503,-0.15492954488317523,,-0.4782608795807003,27,高位回撤预警,避免抄底，等待60日线修复,若反弹缩量且不过60日线，继续降低仓位,123
2652.HK,2026-04-02,22.799999237060547,22.739999771118164,23.029999923706054,25.086000156402587,31.75000015894572,32.30866673787435,34.059782892198584,-2.8570901493773846,-2.932230747562012,0.15028119636925474,31.29413937677078,25.086000156402587,18.877860936034395,3.085714476449149,-0.38345052679030567,-0.2861615887341983,,-0.4153846349471655,27,高位回撤预警,避免抄底，等待60日线修复,若反弹缩量且不过60日线，继续降低仓位,120
2655.HK,2026-05-12,31.979999542236328,30.259999465942382,29.907999801635743,36.27799997329712,46.07116657892863,47.068645695845284,43.06421704824059,-4.671940170393491,-4.937831362347083,0.5317823839071849,59.81542864929578,36.27799997329712,12.740571297298462,4.6014284406389505,-0.4216998194675524,-0.4394390890462688,,-0.5143507929646438,27,高位回撤预警,避免抄底，等待60日线修复,若反弹缩量且不过60日线，继续降低仓位,96
2656.HK,2026-03-16,140.5,120.9999984741211,97.09999923706054,80.2524995803833,74.1158332824707,58.994250027338666,85.87396138039256,13.704448192326339,5.491541140615212,16.425814103422255,133.16010864607762,80.2524995803833,27.34489051468899,8.939286640712194,1.2337042383408239,1.6559545547700374,,0.0,64,趋势延续,回踩20日线缩量企稳，或放量突破20日高点,放量跌破20日线，或从高点回撤≥15%,120
2657.HK,2026-05-12,52.0,54.56999969482422,55.43999977111817,57.45999984741211,64.86833368937174,70.95965931632303,40.45811230756245,-2.5337135557189328,-2.41374749429309,-0.23993212285168575,64.9943839698639,57.45999984741211,49.92561572496031,4.650000163487024,-0.09170305676855894,-0.3824227804667921,,-0.44325482708271646,27,高位回撤预警,避免抄底，等待60日线修复,若反弹缩量且不过60日线，继续降低仓位,88
2658.HK,2026-05-12,44.900001525878906,44.3520004272461,44.42200050354004,44.97900047302246,46.91300004323323,47.51126202333321,50.099482383795284,-0.25282992514701874,-0.3099332610293296,0.11420667176462174,48.335450926671236,44.97900047302246,41.62255001937368,2.1028570447649275,0.05946201968502551,-0.08179958844956514,,-0.23050552356410792,50,中性震荡,等待价格/成交确认,跌破关键均线或放量破位,103
2659.HK,2026-05-12,27.479999542236328,26.50799980163574,36.42399997711182,61.74450006484985,103.64150025049845,96.42739984512329,21.229200596923008,-20.268538236766894,-17.07383012832291,-6.389416216887966,121.76636620439245,61.74450006484985,1.7226339253072425,10.837142399379186,-0.701304352801779,-0.7524324365564294,,-0.8625312637254682,27,高位回撤预警,避免抄底，等待60日线修复,若反弹缩量且不过60日线，继续降低仓位,100
2661.HK,2026-05-12,38.68000030517578,39.52000045776367,47.250000381469725,69.92500038146973,100.9358331044515,97.52637343354277,25.287338771842656,-21.626815035299522,-20.13480197780331,-2.9840261149924245,154.44180713624948,69.92500038146973,-14.591806373310021,7.09285763331822,-0.7334252330935043,-0.5936974627614211,,-0.7596022263987113,27,高位回撤预警,避免抄底，等待60日线修复,若反弹缩量且不过60日线，继续降低仓位,91
2665.HK,2026-05-12,7.300000190734863,7.46800012588501,7.568000078201294,8.12149999141693,9.264333319664,10.243499979972839,38.079986934417725,-0.42023708836907936,-0.4118092952267306,-0.01685558628469752,9.54084399088146,8.12149999141693,6.702155991952402,0.4735713686261858,-0.11835743645424801,-0.2822025431690005,,-0.5705882240744198,27,高位回撤预警,避免抄底，等待60日线修复,若反弹缩量且不过60日线，继续降低仓位,100
2670.HK,2026-04-14,242.0,238.32000122070312,237.12000122070313,215.12000045776367,153.91166699727376,140.39831985345407,72.17080620421926,23.816220644568546,24.37873004466318,-1.1250188001892667,267.3950080509553,215.12000045776367,162.844992864572,17.557141985212063,0.4319526627218935,1.0251046025104604,,-0.01224489795918371,70,趋势延续,回踩20日线缩量企稳，或放量突破20日高点,放量跌破20日线，或从高点回撤≥15%,119
2671.HK,2026-05-12,4.159999847412109,4.107999992370606,4.052000021934509,4.048999989032746,4.042833344141642,4.628522737459703,55.36848374776545,0.002372223376248428,-0.016354866757884754,0.037454180268266364,4.1688067716668415,4.048999989032746,3.9291932063986494,0.05142857347215925,0.0,0.07772019701281274,,-0.5111633683282863,54,趋势转强,连续2日站上20日线且成交额≥20日均值1.3倍,跌破关键均线或放量破位,88
2675.HK,2026-05-12,52.0,52.33999938964844,52.589999771118165,53.85499992370605,57.43833325703939,58.974999916262746,42.45855976854259,-1.1217139744951936,-1.0715087348795542,-0.10041047923127877,57.69740853880176,53.85499992370605,50.01259130861035,2.23571423121861,-0.029850718650553554,-0.12678420375800536,,-0.26708946812310863,42,中性震荡,等待价格/成交确认,跌破关键均线或放量破位,82
2676.HK,2026-05-12,190.6999969482422,172.66000061035157,163.6699996948242,151.65,135.68500048319498,133.07941204893822,74.77631061295328,13.088438584540427,8.944268727255208,8.288339714570437,189.0495484882896,151.65,114.25045151171044,13.528570992606026,0.5656813807074041,0.4001468518439888,,-0.028527794276391738,70,趋势延续,回踩20日线缩量企稳，或放量突破20日高点,放量跌破20日线，或从高点回撤≥15%,102
2677.HK,2026-05-12,30.18000030517578,28.804000091552734,28.72000026702881,31.23400011062622,46.43866656621297,46.790491729486185,32.21889628997066,-4.081787083947578,-4.875732423592822,1.5878906792904885,36.9586147528557,31.23400011062622,25.509385468396736,1.7128573826381133,-0.0258230874396842,-0.5555228331817754,,-0.5555228331817754,27,高位回撤预警,避免抄底，等待60日线修复,若反弹缩量且不过60日线，继续降低仓位,61
2685.HK,2026-05-12,16.780000686645508,17.063999938964844,17.71800003051758,19.705000114440917,24.733333269755047,26.99211005114634,35.67438604318136,-1.7509647964047197,-1.6585874139503383,-0.18475476490876286,24.16087754950045,19.705000114440917,15.249122679381383,1.8114287512643,-0.21515428693572303,-0.44473854838142646,,-0.5675257469949181,27,高位回撤预警,避免抄底，等待60日线修复,若反弹缩量且不过60日线，继续降低仓位,109
2687.HK,2026-05-12,131.8000030517578,138.32000122070312,139.93000183105468,140.8300018310547,139.703333791097,147.47549071966432,42.96433302295499,-0.1716552040290651,0.810088512361328,-1.963487432780786,149.52775591413183,140.8300018310547,132.13224774797754,7.157143729073661,-0.022979918346811345,-0.08281137194992783,,-0.2481460310480229,50,中性震荡,等待价格/成交确认,跌破关键均线或放量破位,102
2691.HK,2026-05-12,9.880000114440918,9.930000114440919,10.0020001411438,10.445500087738036,10.981166712443034,11.013043528017791,38.355491826753784,-0.32939482977126744,-0.29951911693317745,-0.05975142567617997,11.50016334404611,10.445500087738036,9.390836831429963,0.35285704476492746,-0.07577170231407426,-0.1325724480567777,,-0.19609437387245854,50,中性震荡,等待价格/成交确认,跌破关键均线或放量破位,92
2692.HK,2026-05-12,66.69999694824219,67.96999816894531,65.77999916076661,65.96499996185302,68.27209312971249,68.27209312971249,63.11736514863728,-0.11138015731523865,-0.7539361398969483,1.2851119651634193,71.31664450283037,65.96499996185302,60.61335542087568,4.749999182564873,0.0325077170855097,,,-0.2750000331712805,42,中性震荡,等待价格/成交确认,跌破关键均线或放量破位,43
2693.HK,2026-05-12,3.859999895095825,3.8859999656677244,3.9550000190734864,4.043000030517578,4.240000025431315,4.672380969637916,39.464199499258285,-0.0836578120937661,-0.0710668169810037,-0.02518199022552481,4.298474889846589,4.043000030517578,3.7875251711885665,0.1564286266054426,-0.07434056967059588,-0.13258425605792168,,-0.4825737432496542,27,高位回撤预警,避免抄底，等待60日线修复,若反弹缩量且不过60日线，继续降低仓位,105
2695.HK,2026-05-12,2.059999942779541,2.0459999561309816,2.031999969482422,2.04399995803833,1.8959999839464823,2.0007608571778173,55.17831727333642,0.024071780849815205,0.02927491750077813,-0.010406273301925846,2.1080393584840382,2.04399995803833,1.9799605575926214,0.059999951294490254,-0.028301861329449007,0.10160424466667495,,-0.1522634213222145,50,中性震荡,等待价格/成交确认,跌破关键均线或放量破位,92
2698.HK,2026-05-08,28.479999542236328,28.636000061035155,28.88400020599365,29.74300022125244,30.405000178019204,31.063666741053265,42.13902644625528,-0.7221535645627348,-0.6405154000363028,-0.16327632905286404,32.652680351182674,29.74300022125244,26.833320091322207,1.3314282553536556,-0.13329278718076,-0.0958730304051959,,-0.17782909803551894,50,中性震荡,等待价格/成交确认,跌破关键均线或放量破位,120
2701.HK,2026-05-12,12.880000114440918,12.913999938964844,12.59600009918213,12.57249994277954,12.577272675254129,12.577272675254129,44.67652319445966,0.17234849314683842,0.14283318410089937,0.059030618091878095,13.19400476675061,12.57249994277954,11.950995118808471,0.7435714176722936,-0.006172833601124972,,,-0.024242401473340114,62,趋势转强,连续2日站上20日线且成交额≥20日均值1.3倍,跌破关键均线或放量破位,33
2706.HK,2026-05-12,59.09999847412109,55.04399948120117,51.29999961853027,54.71249961853027,71.57767854418073,71.57767854418073,58.87500925463927,-2.9274229845532815,-4.956020159876963,4.057194350647363,68.18770953262137,54.71249961853027,41.23728970443918,5.207857131958007,-0.0648734531538584,,,-0.6164828284664631,27,高位回撤预警,避免抄底，等待60日线修复,若反弹缩量且不过60日线，继续降低仓位,56
2714.HK,2026-05-12,40.2400016784668,41.71999969482422,41.46199989318848,41.28400001525879,41.5560001373291,41.539016536024754,45.839256237448026,-0.023185926884110586,-0.0901956635548299,0.13401947334143863,43.95187789303703,41.28400001525879,38.61612213748055,1.7400000435965406,-0.015655561960041475,-0.006910137614354994,,-0.15105484423883353,50,中性震荡,等待价格/成交确认,跌破关键均线或放量破位,61
2715.HK,2026-05-12,14.880000114440918,14.6060001373291,13.717000102996826,13.262000036239623,12.875581386477448,12.875581386477448,67.77137998715028,0.5402538374579411,0.2841336587486006,0.512240357418681,15.109052998488925,13.262000036239623,11.414947073990321,0.7628572327750067,0.09411762478442398,,,-0.008660900230419433,70,趋势延续,回踩20日线缩量企稳，或放量突破20日高点,放量跌破20日线，或从高点回撤≥15%,43
2718.HK,2026-04-30,218.0,231.43999633789062,230.81999816894532,219.11999969482423,231.04833348592123,222.2616672515869,46.70734891636934,2.3987264733565894,1.3171987187435557,2.1630555092260675,248.87220789063392,219.11999969482423,189.36779149901454,15.657146998814161,0.09382838264877424,-0.11237787222156148,,-0.24982795794455193,50,中性震荡,等待价格/成交确认,跌破关键均线或放量破位,120
2720.HK,2026-05-12,24.13999938964844,24.811999893188478,24.785999870300294,25.08499994277954,26.005423820624916,26.005423820624916,58.14010882815127,-0.32523536529612684,-0.29083775708465043,-0.06879521642295283,26.085284103857823,25.08499994277954,24.084715781701256,0.614285332815987,-0.07153848501352145,,,-0.3647368581671463,27,高位回撤预警,避免抄底，等待60日线修复,若反弹缩量且不过60日线，继续降低仓位,59
2726.HK,2026-05-12,109.5,110.96000061035156,108.52999954223633,109.11499938964843,109.02499961853027,109.02499961853027,37.84545199981125,0.9845097047529379,0.8419128442924085,0.28519372092105866,116.38202134257807,109.11499938964843,101.84797743671879,7.264285496303016,-0.08214587427551123,,,-0.08214587427551123,70,趋势延续,回踩20日线缩量企稳，或放量突破20日高点,放量跌破20日线，或从高点回撤≥15%,28
2729.HK,2026-05-12,35.439998626708984,35.36800003051758,35.95199966430664,37.6519998550415,35.89937514066696,35.89937514066696,52.45222213226124,0.14474017074899592,0.7149675893489675,-1.1404548371999432,42.028923265094996,37.6519998550415,33.27507644498801,2.2185707092285147,-0.06932781190658321,,,-0.15417667455644357,50,中性震荡,等待价格/成交确认,跌破关键均线或放量破位,32
2768.HK,2026-05-12,52.5,49.555999755859375,49.26599960327148,49.64849987030029,49.89683322906494,49.455714210631356,58.01795132740237,0.0051254546933634515,-0.18906801706748064,0.3883869435216882,53.54954511072446,49.64849987030029,45.747454629876124,2.953571592058453,0.035502942997513776,0.26934234103614396,,-0.0625,55,中性震荡,等待价格/成交确认,跌破关键均线或放量破位,63
2788.HK,2026-05-12,21.780000686645508,23.33199996948242,23.098000144958498,25.810000038146974,26.35700012842814,24.07348221540451,37.10751486285189,-1.502084069857279,-1.1416527690744886,-0.7208626015655808,32.399145671523065,25.810000038146974,19.220854404770883,1.682857240949359,-0.2873036299978261,-0.07319146014274436,,-0.3302582908959999,27,高位回撤预警,避免抄底，等待60日线修复,若反弹缩量且不过60日线，继续降低仓位,112
2865.HK,2025-11-04,18.6299991607666,18.705999755859374,18.19899978637695,18.65599994659424,20.630166625976564,21.93266666730245,46.02667242973524,-0.4739262892906595,-0.6724194212910162,0.39698626400071335,20.27847886853545,18.65599994659424,17.033521024653027,0.7721428189958832,-0.06850004196166992,-0.14068270763266721,,-0.3608919586769479,27,高位回撤预警,避免抄底，等待60日线修复,若反弹缩量且不过60日线，继续降低仓位,125
2881.HK,2024-12-13,5.190000057220459,5.107999992370606,5.146999931335449,5.253999996185303,5.489000010490417,5.129333325227102,46.337487404768716,-0.1423061972724211,-0.14679703873122396,0.008981682917605704,5.696357392940631,5.253999996185303,4.811642599429974,0.1942856992994036,-0.10051991778567071,0.2357143554557779,,-0.3052208563599833,27,高位回撤预警,避免抄底，等待60日线修复,若反弹缩量且不过60日线，继续降低仓位,124
2889.HK,2026-03-27,105.0,108.44000091552735,122.62000045776367,164.4800006866455,221.306666692098,201.5866668065389,19.480703914488885,-36.76199288401574,-31.388815079141906,-10.746355609747667,259.287119987113,164.4800006866455,69.672881386178,20.35714340209961,-0.5849802371541502,-0.4801980198019802,,-0.6276595744680851,27,高位回撤预警,避免抄底，等待60日线修复,若反弹缩量且不过60日线，继续降低仓位,120
2898.HK,2024-11-20,4.659999847412109,4.895999908447266,4.975,5.15,5.618833327293396,6.102083325386047,38.06773626561108,-0.1773202238588123,-0.15959536926552564,-0.03544970918657331,5.7161689882066,5.15,4.583831011793401,0.25642851420811247,-0.08627452263690949,-0.3285302868890052,,-0.6790633815083345,27,高位回撤预警,避免抄底，等待60日线修复,若反弹缩量且不过60日线，继续降低仓位,123
3200.HK,2026-05-12,142.0,141.82000427246095,140.4600036621094,140.24500274658203,123.21166788736979,122.99508316790471,60.91239154533371,5.353578409071446,6.018382032525969,-1.3296072469090472,149.05205367088578,140.24500274658203,131.43795182227828,7.821427481515067,0.1359999999999999,0.290909090909091,,-0.04569894430306254,70,趋势延续,回踩20日线缩量企稳，或放量突破20日高点,放量跌破20日线，或从高点回撤≥15%,61
3268.HK,2026-05-12,23.07999992370605,23.223999786376954,22.8060001373291,23.430000019073486,23.999523753211612,23.999523753211612,48.050697275351034,-0.4049909141421466,-0.5666590122845301,0.32333619628476695,25.570476722527385,23.430000019073486,21.289523315619586,1.1828571047101697,0.0,,,-0.2197430702084201,50,中性震荡,等待价格/成交确认,跌破关键均线或放量破位,42
3277.HK,2026-05-12,75.80000305175781,80.14000244140625,81.59500122070312,81.46470642089844,81.46470642089844,81.46470642089844,55.23800740188971,1.9049824455822062,2.796266828677417,-1.7825687661904217,93.47812388226976,81.46470642089844,69.45128895952712,7.442858559744698,,,,-0.22256407126402245,50,中性震荡,等待价格/成交确认,跌破关键均线或放量破位,17
3288.HK,2025-12-16,31.65999984741211,31.70800018310547,31.857999992370605,32.11100015640259,32.53666664759318,33.70908331871033,40.427833678058796,-0.26087879148685644,-0.23370216661304674,-0.0543532497476194,32.84380735037761,32.11100015640259,31.378192962427573,0.46857125418526785,-0.040024248427709685,-0.0671773385842932,,-0.1326027439065176,50,中性震荡,等待价格/成交确认,跌破关键均线或放量破位,124
3296.HK,2026-05-12,108.0,111.11999969482422,101.6,99.28846153846153,99.28846153846153,99.28846153846153,,5.898278763613263,3.592820374606044,4.610916778014437,120.72006329936657,99.28846153846153,77.8568597775565,9.984615032489483,,,,-0.09999999999999998,62,趋势转强,连续2日站上20日线且成交额≥20日均值1.3倍,跌破关键均线或放量破位,13
3317.HK,2026-05-12,228.6000061035156,246.16000366210938,254.4000015258789,289.79999923706055,187.23333288828533,145.30068146098745,44.21732872926923,4.762463121615951,17.93978735322328,-26.35464846321466,369.0716254237839,289.79999923706055,210.52837305033717,32.042859758649556,-0.36216515067926736,3.321361049331605,,-0.36216515067926736,42,中性震荡,等待价格/成交确认,跌破关键均线或放量破位,88
3355.HK,2026-05-12,50.5,46.01999969482422,45.28800010681152,47.28049983978271,46.00757564197887,46.00757564197887,49.24848100587359,0.03725828531872111,-0.3197535700674661,0.7140237107723744,54.52369289861284,47.28049983978271,40.03730678095258,3.9471430097307474,0.021853538467618616,,,-0.07254363099344452,70,趋势延续,回踩20日线缩量企稳，或放量突破20日高点,放量跌破20日线，或从高点回撤≥15%,33
3378.HK,2026-05-12,31.57999992370605,31.628000259399414,31.170000267028808,30.738000011444093,24.978666639328004,22.184505504566236,58.31665685125593,1.264304297346282,1.4526142001226021,-0.3766198055526404,33.36754567556281,30.738000011444093,28.108454347325377,2.045714242117745,0.10729310718188967,0.9614906320159475,,-0.019254683992026234,70,趋势延续,回踩20日线缩量企稳，或放量突破20日高点,放量跌破20日线，或从高点回撤≥15%,91
3625.HK,2026-05-12,120.6999969482422,127.86000061035156,127.9900001525879,128.67499923706055,122.05925863760488,122.05925863760488,54.13929141375122,6.510815653025489,8.670030189917021,-4.318429073783065,142.10377715075924,128.67499923706055,115.24622132336185,8.45714351109096,0.003324969961241875,,,-0.18445948007944457,50,中性震荡,等待价格/成交确认,跌破关键均线或放量破位,27
3636.HK,2026-05-12,24.280000686645508,23.00800018310547,22.748000144958496,23.857999992370605,28.693666839599608,32.19654328146098,49.674090950017515,-1.05585311486562,-1.361046776698731,0.6103873236662221,26.918289468760605,23.857999992370605,20.797710515980604,1.8699997493198948,-0.044094446799427756,-0.3868686459037951,,-0.5172962016914656,27,高位回撤预警,避免抄底，等待60日线修复,若反弹缩量且不过60日线，继续降低仓位,81
3677.HK,2025-10-10,11.81999969482422,12.106000137329103,11.848000049591064,11.67750005722046,10.99383331934611,10.351666657129924,54.79461995381306,0.3080469504833854,0.27408083416177526,0.06793223264322024,12.52301785168317,11.67750005722046,10.83198226275775,0.5914288248334613,0.08142720629449496,0.13653847388261964,,-0.039024429956692974,62,趋势转强,连续2日站上20日线且成交额≥20日均值1.3倍,跌破关键均线或放量破位,123
3696.HK,2026-05-12,64.30000305175781,64.70000076293945,63.96500091552734,65.23250026702881,62.19900016784668,59.52602295442061,51.214086455044765,1.0948378605649438,1.3789362484616254,-0.5681967757933633,73.48434390569732,65.23250026702881,56.98065662836031,4.839285714285715,0.06193235114695117,0.03459374856143249,,-0.16330508355949336,50,中性震荡,等待价格/成交确认,跌破关键均线或放量破位,88
3750.HK,2025-11-14,542.0,550.0,551.35,549.825,506.69666697184243,434.6166669209798,49.069912313031395,6.153248438358446,9.01584073042006,-5.725184584123227,575.1985772222358,549.825,524.4514227777643,20.607142857142858,0.012138188608776801,0.33893284670058055,,-0.11220311220311219,50,中性震荡,等待价格/成交确认,跌破关键均线或放量破位,125
3858.HK,2026-02-24,76.8499984741211,79.7300018310547,83.29500122070313,82.54500122070313,60.254667091369626,46.92716687520345,49.85751136427729,3.731046242803785,5.89315240102154,-4.32421231643551,94.40905156712574,82.54500122070313,70.68095087428051,8.128572191510882,-0.08511906578427264,1.4999999689761117,,-0.20609508211450855,50,中性震荡,等待价格/成交确认,跌破关键均线或放量破位,120
3880.HK,2025-12-24,30.200000762939453,29.920000076293945,29.210000038146973,28.692000102996825,29.969333457946778,32.12558341026306,61.90368067851072,0.09222725885831551,-0.2299168031047013,0.6442881239260336,30.312261280367665,28.692000102996825,27.071738925625986,0.8057140622820178,0.04281773886973794,-0.013071882795547274,,-0.25688973384601466,54,趋势转强,连续2日站上20日线且成交额≥20日均值1.3倍,跌破关键均线或放量破位,124
3881.HK,2026-05-12,25.13999938964844,24.711999893188477,26.170000076293945,29.26099967956543,25.40699996948242,24.845591370777417,43.72733436980766,-0.4700639948970995,0.3785923571501371,-1.697312704094473,36.160414304895035,29.26099967956543,22.361585054235828,2.455714225769043,-0.06612186781578033,0.20865386114318052,,-0.2588443176077527,42,中性震荡,等待价格/成交确认,跌破关键均线或放量破位,93
3887.HK,2026-05-12,4.110000133514404,4.130000114440918,4.155000066757202,4.317000055313111,5.138666693369547,5.739894751498574,40.76141777335942,-0.2033899017752283,-0.22757866416478467,0.048377524779112724,4.8289662635594635,4.317000055313111,3.805033847066758,0.22071426255362375,-0.10652169158192704,-0.3588143164818135,,-0.4696774021271737,27,高位回撤预警,避免抄底，等待60日线修复,若反弹缩量且不过60日线，继续降低仓位,95
3986.HK,2026-05-12,505.0,515.2,491.5399993896484,465.50999908447267,408.54666697184246,381.4784806649896,58.65072011565929,30.685990393604015,26.88469397108141,7.6025928450452085,536.3066942973751,465.50999908447267,394.71330387157025,44.114283970424104,0.2895811852120047,0.792051177699165,,-0.0534208059981256,70,趋势延续,回踩20日线缩量企稳，或放量突破20日高点,放量跌破20日线，或从高点回撤≥15%,79
6031.HK,2026-04-24,21.100000381469727,21.436000061035156,21.77200012207031,21.670000076293945,23.48566659291585,22.985041898839615,42.257893140309264,-0.37526930798968294,-0.3800980697484871,0.00965752351760829,23.009379559403545,21.670000076293945,20.330620593184346,0.8057141985212043,-0.006591308434890197,-0.13168719983786747,,-0.2138599008377695,50,中性震荡,等待价格/成交确认,跌破关键均线或放量破位,119
6082.HK,2026-05-12,55.150001525878906,55.59000015258789,50.885000228881836,48.043500137329104,38.253833357493086,37.31011630213538,66.13733514822647,5.006266734477364,4.252992017071037,1.506549434812655,59.35738727135861,48.043500137329104,36.7296130032996,4.540714263916016,0.575714329310826,0.7353681665920753,,-0.05806998728412516,70,趋势延续,回踩20日线缩量企稳，或放量突破20日高点,放量跌破20日线，或从高点回撤≥15%,86
6086.HK,2025-01-03,5.449999809265137,6.122000026702881,6.753000068664551,6.360500001907349,6.603500016530355,5.765583358208338,39.19352013393354,-0.05146185953457483,0.07306561863476155,-0.24905495633867275,7.935254617963437,6.360500001907349,4.785745385851261,0.6271428721291679,-0.13492069138661067,-0.2654986855489039,,-0.3153266604086782,27,高位回撤预警,避免抄底，等待60日线修复,若反弹缩量且不过60日线，继续降低仓位,122
6090.HK,2026-03-20,79.19999694824219,87.31999969482422,93.65999908447266,104.89999923706054,100.49916661580404,101.67583357493082,30.909681254952574,-5.980668244996906,-2.50346700893812,-6.954402472117572,131.705812171717,104.89999923706054,78.09418630240408,10.92499923706055,-0.42857147575382926,-0.24210529236131872,,-0.42857147575382926,27,高位回撤预警,避免抄底，等待60日线修复,若反弹缩量且不过60日线，继续降低仓位,120
6166.HK,2026-04-24,126.9000015258789,132.71999969482422,113.38500061035157,94.2275001525879,81.16750005086263,82.72436965814158,63.11421707385865,15.640322732769192,9.645674295485064,11.989296874568257,147.2533283915391,94.2275001525879,41.20167191363668,15.67857197352818,0.655577286362276,0.542857161408862,,-0.16622861977432835,70,趋势延续,回踩20日线缩量企稳，或放量突破20日高点,放量跌破20日线，或从高点回撤≥15%,119
6168.HK,2025-12-23,28.799999237060547,35.655999755859376,37.23199996948242,39.01900005340576,43.0408332824707,42.9478333791097,20.123346280651802,-2.6073398317532934,-1.9149561376302529,-1.3847673882460811,45.65917118191167,39.01900005340576,32.37882892489986,2.2557146889822826,-0.33518006832992875,-0.35076648239856056,,-0.4696132662667861,27,高位回撤预警,避免抄底，等待60日线修复,若反弹缩量且不过60日线，继续降低仓位,125
6181.HK,2024-12-24,205.0,214.15999755859374,222.21999969482422,211.1599998474121,195.42333348592123,144.3020834604899,47.698282548851466,5.4959600976552565,7.407052134733853,-3.8221840741571924,240.857096553756,211.1599998474121,181.4629031410682,13.5499986921038,0.0823653991881419,0.3612217243808893,,-0.1335587712947487,50,中性震荡,等待价格/成交确认,跌破关键均线或放量破位,123
6600.HK,2026-05-12,111.9000015258789,110.78000030517578,106.65999984741211,109.38000030517578,120.70999997456869,122.64261358434504,52.50741759658731,-0.7267369917612427,-2.091019566018888,2.7285651485152904,121.44798440875881,109.38000030517578,97.31201620159275,6.7571443830217595,0.03611112523961957,-0.28862047453960027,,-0.432555764413888,27,高位回撤预警,避免抄底，等待60日线修复,若反弹缩量且不过60日线，继续降低仓位,88
6603.HK,2025-12-24,14.699999809265137,14.999999809265137,14.972999954223633,15.508500051498412,20.896333328882854,28.278166619936624,29.633793846255784,-1.3634622937013674,-1.6515343714476574,0.5761441554925799,17.12224742922428,15.508500051498412,13.894752673772546,0.73285722732544,-0.17276311589273252,-0.5170828005466647,,-0.6908517340667393,27,高位回撤预警,避免抄底，等待60日线修复,若反弹缩量且不过60日线，继续降低仓位,124
6613.HK,2026-01-05,26.6200008392334,25.428000259399415,25.354000091552734,25.444999980926514,25.789000034332275,25.199083360036216,58.719718053303076,0.08952783796048891,-0.0334007726742835,0.24585722126954482,26.529386961266862,25.444999980926514,24.360613000586167,0.8999998910086487,0.08387627923802032,-0.205373109276615,,-0.20584724117842734,50,中性震荡,等待价格/成交确认,跌破关键均线或放量破位,123
6636.HK,2026-05-12,101.5999984741211,98.28999786376954,99.66499862670898,102.50999908447265,100.42499896458217,100.42499896458217,24.932922100975333,-0.45744514077125586,0.45025806352044406,-1.8154064085833999,119.18000504746774,102.50999908447265,85.83999312147756,11.214286259242469,0.039918133548611845,,,-0.16993466333707596,50,中性震荡,等待价格/成交确认,跌破关键均线或放量破位,28
6651.HK,2026-05-12,48.68000030517578,51.29199981689453,52.51099967956543,54.99749984741211,52.53883330027262,56.87420463562012,45.62897139843829,-0.04186194211393257,0.5704912677855878,-1.2247064197990407,64.76281631517023,54.99749984741211,45.23218337965399,5.606428691319057,0.0012340883300938632,-0.3421621580381651,,-0.489192038338787,27,高位回撤预警,避免抄底，等待60日线修复,若反弹缩量且不过60日线，继续降低仓位,88
6656.HK,2026-05-12,565.0,542.9,551.25,565.1944444444445,565.1944444444445,565.1944444444445,19.87774212287293,-25.728204112247113,-25.85030856163623,0.2442088987782327,629.3011008749027,565.1944444444445,501.08778801398626,39.0,,,,-0.14329037149355572,50,中性震荡,等待价格/成交确认,跌破关键均线或放量破位,18
6657.HK,2025-01-03,35.400001525878906,35.36000061035156,35.23499984741211,34.59249973297119,35.75749975840251,36.065833234786986,52.06356671402894,0.047347306423063173,-0.16076351265342723,0.4162216381529808,36.43791434879846,34.59249973297119,32.747085117143925,1.0928573608398433,0.02906976615241441,-0.020746887091086075,,-0.31262132959458433,27,高位回撤预警,避免抄底，等待60日线修复,若反弹缩量且不过60日线，继续降低仓位,122
6676.HK,2025-09-05,2.609999895095825,2.7399999618530275,2.956999969482422,3.3109999656677247,3.6649999896685284,4.187416650851568,19.22723079006738,-0.30685829402311127,-0.2303921328995584,-0.15293232224710573,4.14212855991957,3.3109999656677247,2.4798713714158795,0.18499999386923655,-0.3273196345067869,-0.24347830173273632,,-0.7395209804532941,27,高位回撤预警,避免抄底，等待60日线修复,若反弹缩量且不过60日线，继续降低仓位,124
6681.HK,2025-07-07,6.289999961853027,6.275999927520752,6.547999906539917,6.729499959945679,6.493000014623006,6.105166687568029,35.354435667303704,-0.12067524569545451,-0.030171388295528283,-0.18100771479985245,7.302340572384986,6.729499959945679,6.1566593475063724,0.31714279311043875,-0.08442502669108187,0.12522357605680412,,-0.13717421196608792,50,中性震荡,等待价格/成交确认,跌破关键均线或放量破位,120
6687.HK,2026-04-17,19.200000762939453,19.272000122070313,19.59099998474121,19.471000003814698,22.00466661453247,26.22638663925043,46.3611315386565,-0.5275428031881972,-0.6415401676962178,0.22799472901604112,21.554740526198735,19.471000003814698,17.38725948143066,1.9764287131173288,-0.1519434063360372,-0.3068591973243686,,-0.49340369419697006,27,高位回撤预警,避免抄底，等待60日线修复,若反弹缩量且不过60日线，继续降低仓位,119
6693.HK,2025-09-05,28.280000686645508,27.972000122070312,26.47000026702881,25.67400026321411,26.005833371480307,24.87308337688446,63.18638250527378,0.6948076207421892,0.29195534981501015,0.805704541854358,28.647457468779518,25.67400026321411,22.700543057648705,1.307142802647182,0.053651286358833206,-0.021453250521402567,,-0.12310075390246489,62,趋势转强,连续2日站上20日线且成交额≥20日均值1.3倍,跌破关键均线或放量破位,124
6809.HK,2026-05-12,413.0,377.2800048828125,321.35999908447263,270.35,212.2833330790202,212.2833330790202,86.12043138047385,50.5199829728806,33.07249912567498,34.894967694411235,410.01636596315177,270.35,130.68363403684825,36.55714307512556,0.9389671361502347,,,-0.01337794080712651,64,趋势延续,回踩20日线缩量企稳，或放量突破20日高点,放量跌破20日线，或从高点回撤≥15%,60
6810.HK,2026-05-12,76.75,76.35,,,,,,-2.319797365056118,-1.4354524895003504,-1.7686897511115354,,,,7.87222205268012,,,,-0.09492927785444161,50,中性震荡,等待价格/成交确认,跌破关键均线或放量破位,9
6831.HK,2025-11-12,6.230000019073486,6.141999912261963,6.075999975204468,6.219999957084656,6.7836666663487755,7.073333326975504,47.58209162879792,-0.14338583162541774,-0.1845484858335738,0.08232530841631214,6.7175306310268335,6.219999957084656,5.722469283142478,0.2228571687425886,-0.028081097133144883,-0.16487935828201583,,-0.3372340136278035,27,高位回撤预警,避免抄底，等待60日线修复,若反弹缩量且不过60日线，继续降低仓位,125
6883.HK,2025-12-23,2.119999885559082,2.140000057220459,2.146000051498413,2.1390000224113463,2.105333324273427,2.113416655858358,48.64732938730884,0.01058502175569398,0.013592591481541743,-0.006015139451695527,2.209157860724259,2.1390000224113463,2.068842184098434,0.07071437154497413,0.0047393322087359024,0.03921564960882962,,-0.11666674945089239,50,中性震荡,等待价格/成交确认,跌破关键均线或放量破位,125
6887.HK,2026-02-03,41.0,43.06399993896484,44.41399993896484,43.748000144958496,44.85850003560384,47.4625,39.06014735205275,-0.33747439342223373,-0.051793401675191454,-0.5713619834940845,47.12981850828623,43.748000144958496,40.366181781630765,1.8642861502511165,-0.06307126205201607,-0.13392480211560176,,-0.3155258938969049,27,高位回撤预警,避免抄底，等待60日线修复,若反弹缩量且不过60日线，继续降低仓位,123
6936.HK,2025-05-26,38.900001525878906,39.79000015258789,39.14999999999999,39.04749984741211,38.110833168029785,36.13177958989547,51.7729288289212,0.5484362132741296,0.5497948722430199,-0.002717317937780628,40.63908135780829,39.04749984741211,37.45591833701594,1.0214296068464017,0.025032957676965006,0.022339088196103418,,-0.03950613516348378,50,中性震荡,等待价格/成交确认,跌破关键均线或放量破位,118
6938.HK,2026-05-12,57.34999847412109,60.10999984741211,60.570000076293944,63.20999984741211,63.107499758402504,66.07592599185897,35.68647512856202,-1.106031963317065,-0.5705919795184399,-1.0708799675972502,70.0326862856967,63.20999984741211,56.387313409127515,3.8821422031947557,-0.1459419632028005,-0.17243873090036765,,-0.3392857550946863,27,高位回撤预警,避免抄底，等待60日线修复,若反弹缩量且不过60日线，继续降低仓位,81
6959.HK,2024-07-05,28.600000381469727,43.15999984741211,52.74500045776367,69.19000015258788,55.33833363850911,35.299083491166435,36.110288130348515,-6.850764230058459,-0.6715940614988744,-12.35834033711917,116.93259466702094,69.19000015258788,21.44740563815484,17.671428544180735,-0.6751845611560288,-0.15634220961209144,,-0.7276190439860026,27,高位回撤预警,避免抄底，等待60日线修复,若反弹缩量且不过60日线，继续降低仓位,120
6960.HK,2026-02-20,14.279999732971191,14.068000030517577,14.028999996185302,14.789000034332275,15.593000030517578,17.82658330599467,43.56309653764427,-0.5754489042157562,-0.540378356732143,-0.07014109496722654,16.634459905233253,14.789000034332275,12.943540163431297,0.7078572000776014,-0.12713941318952515,-0.2066666815016005,,-0.44907408599772836,27,高位回撤预警,避免抄底，等待60日线修复,若反弹缩量且不过60日线，继续降低仓位,120
6980.HK,2026-04-24,29.399999618530277,28.76799964904785,28.07599983215332,26.03699998855591,27.347333335876463,37.05344530313957,59.19892415459028,0.7278236924020582,0.16728669400610197,1.1210739967919126,30.908696973804574,26.03699998855591,21.165303003307244,2.202857289995466,0.17788464330592446,-0.048543689919674726,,-0.6942277779307447,54,趋势转强,连续2日站上20日线且成交额≥20日均值1.3倍,跌破关键均线或放量破位,119
7489.HK,2026-05-12,5.900000095367432,5.851999950408936,5.955000019073486,6.288500022888184,6.033142852783203,6.033142852783203,42.141799455446694,-0.09141478589526297,-0.039847351816125566,-0.10313486815827481,7.077484063655941,6.288500022888184,5.4995159821204265,0.27857143538338797,-0.02960523529561243,,,-0.14616494563642235,50,中性震荡,等待价格/成交确认,跌破关键均线或放量破位,35
7618.HK,2026-05-12,14.399999618530272,14.181999778747558,14.359999752044677,14.565499877929687,13.118499946594238,13.247171690969756,55.098041607928536,0.2367741407193602,0.3538530952172964,-0.2341579089958724,15.299271270470417,14.565499877929687,13.831728485388957,0.5757141113281248,0.1745513335804898,0.21416526436600614,,-0.04382475316712009,50,中性震荡,等待价格/成交确认,跌破关键均线或放量破位,99
8529.HK,2024-11-29,0.1749999970197677,0.17560000121593472,0.17440000027418132,0.17964999899268147,0.18534999986489611,0.22704999968409537,43.9940221319725,-0.005328941261331849,-0.005610209937759171,0.0005625373528546449,0.1941924935699594,0.17964999899268147,0.16510750441540353,0.005500000502382018,-0.08376964739561654,0.1290322301539122,,-0.6698113085536945,27,高位回撤预警,避免抄底，等待60日线修复,若反弹缩量且不过60日线，继续降低仓位,124
8549.HK,2026-04-08,0.2150000035762787,0.21459999978542324,0.2147999987006187,0.22704999819397922,0.2707999981939792,0.3856134450986606,37.615215816966554,-0.013781078318191253,-0.014916528631674518,0.00227090062696653,0.25367388848885314,0.22704999819397922,0.2004261078991053,0.014928572944232412,-0.13306448754004518,-0.41095890970206816,,-0.900000002772309,27,高位回撤预警,避免抄底，等待60日线修复,若反弹缩量且不过60日线，继续降低仓位,119
8610.HK,2026-05-12,0.5799999833106995,0.5839999914169312,0.5849999904632568,0.5744999915361404,0.6033333321412404,0.6172151882437211,48.92216544551658,-0.000718310360843577,-0.002968377335184099,0.004500133948681044,0.610321184202531,0.5744999915361404,0.5386787988697498,0.021428576537540982,0.05454540134461583,-0.10769230063850332,,-0.18309859036689846,62,趋势转强,连续2日站上20日线且成交额≥20日均值1.3倍,跌破关键均线或放量破位,79
8629.HK,2025-03-05,9.619999885559082,9.805999755859375,9.822999858856202,9.975999879837037,10.003666655222576,9.833445352666518,42.29374870313159,-0.0926873678005915,-0.06119771472876537,-0.06297930614365227,10.658422727180152,9.975999879837037,9.293577032493921,0.3242857115609303,-0.08206103952689014,-0.036072111542058916,,-0.10093457410820528,50,中性震荡,等待价格/成交确认,跌破关键均线或放量破位,119
8637.HK,2024-12-27,0.949999988079071,0.9539999961853027,0.9509999990463258,0.943000003695488,0.9621666699647904,1.0609999989469847,50.74722933072488,0.0019942453376287084,-0.00035174361660136584,0.004691977908460148,0.9830525972726986,0.943000003695488,0.9029474101182774,0.04357142107827329,0.02150535566956502,-0.19491522855301036,,-0.3537415172860765,27,高位回撤预警,避免抄底，等待60日线修复,若反弹缩量且不过60日线，继续降低仓位,123
9606.HK,2025-10-10,294.79998779296875,320.59999389648436,333.5799957275391,384.24999847412107,361.77666625976565,296.8458329518636,36.77689707103694,-17.96903934571469,-7.228986581664195,-21.480105528100992,520.1718296344761,384.24999847412107,248.32816731376607,30.828574044363847,-0.31916861941577657,-0.05086934320690617,,-0.4219608082490809,27,高位回撤预警,避免抄底，等待60日线修复,若反弹缩量且不过60日线，继续降低仓位,122
9609.HK,2026-05-12,6.230000019073486,6.28799991607666,6.078999996185303,6.568499994277954,7.932833353678386,8.980277794378775,39.251000975921826,-0.441459695519379,-0.513949903279554,0.14498041552035001,7.7541736680937685,6.568499994277954,5.38282632046214,0.3764285700661795,-0.15696885904867564,-0.29999996785367333,,-0.4876644656867035,27,高位回撤预警,避免抄底，等待60日线修复,若反弹缩量且不过60日线，继续降低仓位,108
9611.HK,2026-05-12,25.200000762939453,23.88000030517578,22.754000091552733,23.19300012588501,24.812333424886067,25.753055599000717,58.2592217064326,-0.05360462377733555,-0.5070062896175995,0.906803331680528,26.503520126421385,23.19300012588501,19.882480125348636,1.4471427372523726,0.061499621141425154,-0.11267601755539836,,-0.21495320994312184,50,中性震荡,等待价格/成交确认,跌破关键均线或放量破位,72
9639.HK,2025-04-07,0.5099999904632568,0.4719999969005585,0.45449999868869784,0.44375,0.4349166676402092,0.44037499899665516,81.2777761684257,0.013657869426373204,0.005614847789506427,0.01608604327373355,0.491968248157746,0.44375,0.395531751842254,0.019642851182392684,0.22891566438103217,0.21428572949098146,,-0.17741937654695683,64,趋势延续,回踩20日线缩量企稳，或放量突破20日高点,放量跌破20日线，或从高点回撤≥15%,121
9660.HK,2025-04-22,5.289999961853027,5.613999938964843,5.542999935150147,6.260499954223633,6.78816667397817,5.401083326339721,37.66563003754267,-0.5212927739585753,-0.46401214095371085,-0.11456126600972893,8.099326554537916,6.260499954223633,4.42167335390935,0.6364285605294364,-0.2974767842685536,0.44141685337374637,,-0.4607543592684453,27,高位回撤预警,避免抄底，等待60日线修复,若反弹缩量且不过60日线，继续降低仓位,120
9678.HK,2025-12-24,400.6000061035156,413.9600036621094,418.52000122070314,488.6050003051758,522.4516667683919,567.7574999491374,32.44025446743814,-39.89253649256142,-31.8993514011578,-15.986370182807235,657.9008969308659,488.6050003051758,319.3091036794857,32.29285539899554,-0.35903999023437505,-0.17605924301595022,,-0.5320093386641173,27,高位回撤预警,避免抄底，等待60日线修复,若反弹缩量且不过60日线，继续降低仓位,124
9680.HK,2025-01-06,12.699999809265137,13.520000076293945,13.872000026702882,14.674999952316284,16.006166585286458,19.956916602452598,28.69717702897745,-0.7569751359804435,-0.6300797157511303,-0.25379084045862643,17.01965551659657,14.674999952316284,12.330344388036,0.7128571101597376,-0.20625001192092896,-0.4174311810215655,,-0.6422535264995737,27,高位回撤预警,避免抄底，等待60日线修复,若反弹缩量且不过60日线，继续降低仓位,122
9879.HK,2024-09-17,7.539999961853027,7.311999893188476,7.480999994277954,7.281999969482422,7.244666687647501,6.5049166798591616,56.07762821290042,0.0429138634107753,0.05023075961154301,-0.014633792401535423,7.92954111817407,7.281999969482422,6.634458820790774,0.32571431568690706,0.0649717575005544,0.06647804508910005,,-0.09700603384572859,62,趋势转强,连续2日站上20日线且成交额≥20日均值1.3倍,跌破关键均线或放量破位,121
9881.HK,2025-12-05,12.199999809265137,12.645999908447266,12.757999992370605,12.683499956130982,11.418666648864747,10.98791667620341,48.994239716266065,0.3329397573838939,0.44526480286962533,-0.22465009097146282,13.382439870355453,12.683499956130982,11.98456004190651,0.4321428026471822,0.04273504343171486,0.14339266373300852,,-0.14084507231437082,50,中性震荡,等待价格/成交确认,跌破关键均线或放量破位,125
9887.HK,2026-01-21,51.25,53.95,54.44499969482422,52.94549980163574,53.985999806722006,60.800083287556966,42.87216550387699,0.1449550041394474,0.23463710058226284,-0.17936419288563088,58.146655249029585,52.94549980163574,47.744344354241896,2.4378574916294653,0.020916319145471318,-0.18261563993006025,,-0.3512658227848101,27,高位回撤预警,避免抄底，等待60日线修复,若反弹缩量且不过60日线，继续降低仓位,123
9903.HK,2026-05-12,520.0,555.1,514.7899993896484,463.5350006103516,333.2283330281576,291.16707313351515,61.654543384300645,62.722004935468874,58.6045931073336,8.23482365627055,614.939708552995,463.5350006103516,312.13029266770826,65.40714590890066,0.46726864829429204,2.147699816017055,,-0.12897822445561136,70,趋势延续,回踩20日线缩量企稳，或放量突破20日高点,放量跌破20日线，或从高点回撤≥15%,82
9927.HK,2026-05-04,75.3499984741211,77.64000091552734,79.08000030517579,79.7375,88.26416676839193,99.45630248254086,33.1654803756837,-2.677346647531593,-2.658480215643133,-0.03773286377691942,83.17136671588531,79.7375,76.30363328411468,2.4928572518484935,-0.06571609363277142,-0.2299437951033867,,-0.426996209322273,27,高位回撤预警,避免抄底，等待60日线修复,若反弹缩量且不过60日线，继续降低仓位,119
9973.HK,2026-03-24,27.899999618530277,28.15999984741211,27.345999908447265,26.689999866485596,28.429333305358888,29.94133334159851,53.44721553659112,0.0014818318219660398,-0.34619641260631795,0.695356488856568,29.527062670005055,26.689999866485596,23.852937062966138,1.402857235499791,-0.016913303609250696,-0.0737052177572125,,-0.15709967055304808,62,趋势转强,连续2日站上20日线且成交额≥20日均值1.3倍,跌破关键均线或放量破位,120
9980.HK,2026-05-12,167.0,168.44000244140625,165.50692596435547,162.40730819702148,170.8255121866862,173.03112888336182,54.00695195837996,0.6663285534667978,-0.7238797158909586,2.780416538715513,173.01940498153635,162.40730819702148,151.7952114125066,7.985714503696987,0.08550005797195737,-0.19113261486151856,,-0.21283536183209728,62,趋势转强,连续2日站上20日线且成交额≥20日均值1.3倍,跌破关键均线或放量破位,64
9981.HK,2026-05-12,16.239999771118164,16.268000030517577,16.29699993133545,18.02199993133545,19.08446431159973,19.08446431159973,37.43837075645806,-0.9182088198795242,-0.7735885077944508,-0.28924062417014684,22.00898715954207,18.02199993133545,14.03501270312883,0.880714416503906,-0.15854920139408413,,,-0.26648598830986514,42,中性震荡,等待价格/成交确认,跌破关键均线或放量破位,56
