code,name,listing_date,total_applicants,valid_applicants,subscribed_shares,public_subscription_multiple_ballot,one_lot_success_rate_pct,industry_level_1,industry_level_2,source_table
1236.HK,乐动机器人,2026-05-08,296740,259886,17226.3433,6707.66,0.8,资讯科技业,工业,IPO打新中签结果
1187.HK,可孚医疗,2026-05-05,105939,104431,15083.0065,399.08,5.0,医疗保健业,医疗保健,IPO打新中签结果
1609.HK,天星医疗,2026-05-04,300735,264904,19151.3736,7823.13,1.5,医疗保健业,医疗保健,IPO打新中签结果
6810.HK,商米科技-W,2026-04-28,204939,193590,33070.7594,2003.16,5.0,资讯科技业,信息技术,IPO打新中签结果
1879.HK,曦智科技-P,2026-04-27,378085,335445,134273.7335,5784.7,6.0,资讯科技业,信息技术,IPO打新中签结果
2493.HK,迈威生物-B,2026-04-27,126378,122556,14796.6271,481.71,1.0,医疗保健业,医疗保健,IPO打新中签结果
3296.HK,华勤技术,2026-04-22,140150,126765,42575.8096,531.33,12.0,资讯科技业,信息技术,IPO打新中签结果
2476.HK,胜宏科技,2026-04-20,250606,219446,57310.4833,431.15,0.71,工业,信息技术,IPO打新中签结果
0068.HK,群核科技,2026-04-16,240700,227540,28321.7393,1590.56,3.0,资讯科技业,信息技术,IPO打新中签结果
3277.HK,长光辰芯,2026-04-16,266501,253633,45814.9032,1138.21,1.0,工业,信息技术,IPO打新中签结果
6656.HK,思格新能,2026-04-15,202730,179452,13474.7027,1102.05,2.0,工业,工业,IPO打新中签结果
0664.HK,铜师傅,2026-03-30,26280,26134,3003.3542,59.55,2.78,非必需性消费,非日常生活消费品,IPO打新中签结果
3625.HK,傅里叶,2026-03-30,118537,111790,18467.533,3118.43,5.0,资讯科技业,信息技术,IPO打新中签结果
1021.HK,华沿机器人,2026-03-27,227070,201193,66210.3148,5059.38,5.0,工业,信息技术,IPO打新中签结果
2526.HK,德适-B,2026-03-27,115017,108097,14123.3857,1073.37,3.0,医疗保健业,医疗保健,IPO打新中签结果
2726.HK,瀚天天成,2026-03-27,45084,44757,13258.4119,50.66,20.0,资讯科技业,信息技术,IPO打新中签结果
3355.HK,飞速创新,2026-03-27,11492,0,11492.0,1579.71,1.0,资讯科技业,信息技术,IPO打新中签结果
6636.HK,极视角,2026-03-27,159089,150118,33740.033,4591.37,10.0,资讯科技业,信息技术,IPO打新中签结果
2632.HK,泽景股份,2026-03-23,31183,31027,14839.6268,68.89,30.0,非必需性消费,信息技术,IPO打新中签结果
2729.HK,凯乐士科技,2026-03-23,107253,97501,17657.9173,2153.26,5.0,资讯科技业,信息技术,IPO打新中签结果
2701.HK,国民技术,2026-03-20,56547,55591,24386.0535,131.83,30.0,资讯科技业,信息技术,IPO打新中签结果
3355.HK,飞速创新,2026-03-20,185264,185264,19732.9989,1579.71,1.0,资讯科技业,信息技术,IPO打新中签结果
1989.HK,广合科技,2026-03-19,202417,180250,39605.0147,1070.72,5.0,工业,信息技术,IPO打新中签结果
3268.HK,美格智能,2026-03-09,57965,57033,15507.6295,174.12,5.0,资讯科技业,信息技术,IPO打新中签结果
2649.HK,优乐赛共享,2026-03-06,162571,150874,3769.7822,5297.23,0.04,工业,非日常生活消费品,IPO打新中签结果
2692.HK,兆威机电,2026-03-06,180292,160689,24154.2606,1536.76,4.0,工业,非日常生活消费品,IPO打新中签结果
2715.HK,埃斯顿,2026-03-06,27190,27052,6800.1203,19.67,4.99,工业,工业,IPO打新中签结果
2706.HK,海致科技集团,2026-02-12,232258,205872,12976.2888,5065.06,0.06,资讯科技业,信息技术,IPO打新中签结果
9981.HK,沃尔核材,2026-02-12,141463,132491,31549.8691,569.58,0.33,工业,信息技术,IPO打新中签结果
0470.HK,先导智能,2026-02-10,57322,55943,28578.557,79.54,18.0,工业,工业,IPO打新中签结果
0600.HK,爱芯元智,2026-02-09,85091,83513,40332.0985,104.82,18.0,资讯科技业,信息技术,IPO打新中签结果
2720.HK,乐欣户外,2026-02-09,111036,101646,5919.2673,3654.23,1.0,非必需性消费,非日常生活消费品,IPO打新中签结果
6809.HK,澜起科技,2026-02-06,260646,232844,56750.4215,707.3,5.0,资讯科技业,信息技术,IPO打新中签结果
2677.HK,卓正医疗,2026-02-05,147844,140545,9117.0663,2730.73,1.0,医疗保健业,医疗保健,IPO打新中签结果
2714.HK,牧原股份,2026-02-05,21268,21187,21268.0,5.88,100.0,必需性消费,日常消费品,IPO打新中签结果
3200.HK,大族数控,2026-02-05,159985,146253,39014.0992,446.39,10.0,工业,信息技术,IPO打新中签结果
2768.HK,国恩科技,2026-02-03,171047,154503,14476.7979,2251.85,2.0,原材料业,原材料,IPO打新中签结果
9980.HK,东鹏饮料,2026-02-02,66692,64575,20112.7746,57.46,15.0,必需性消费,日常消费品,IPO打新中签结果
1768.HK,鸣鸣很忙,2026-01-27,229245,202454,14552.2822,1899.49,3.0,必需性消费,日常消费品,IPO打新中签结果
9611.HK,龙旗科技,2026-01-21,145096,134255,29558.944,1149.76,0.2,资讯科技业,信息技术,IPO打新中签结果
1641.HK,红星冷链,2026-01-12,103102,98005,4664.1228,2309.25,1.0,地产建筑业,工业,IPO打新中签结果
3986.HK,兆易创新,2026-01-12,148419,135727,25841.5078,542.22,2.0,资讯科技业,信息技术,IPO打新中签结果
8610.HK,BBSB INTL,2026-01-12,145089,138549,3390.6125,10745.13,0.05,地产建筑业,工业,IPO打新中签结果
0501.HK,豪威集团,2026-01-09,14551,14423,14551.0,9.28,100.0,资讯科技业,信息技术,IPO打新中签结果
0100.HK,MINIMAX-W,2026-01-08,417646,397689,104902.3694,1837.17,2.81,资讯科技业,信息技术,IPO打新中签结果
3636.HK,金浔资源,2026-01-08,64456,63574,64456.0,143.46,7.0,原材料业,原材料,IPO打新中签结果
6938.HK,瑞博生物-B,2026-01-08,42771,41829,5365.497,101.06,1.71,医疗保健业,医疗保健,IPO打新中签结果
2513.HK,智谱,2026-01-07,204871,190045,50940.0983,1159.46,5.0,资讯科技业,信息技术,IPO打新中签结果
2675.HK,精锋医疗-B,2026-01-07,196179,189777,19930.1026,1091.94,0.5,医疗保健业,医疗保健,IPO打新中签结果
9903.HK,天数智芯,2026-01-07,180802,171067,22460.3999,414.24,7.0,资讯科技业,信息技术,IPO打新中签结果
6082.HK,壁仞科技,2025-12-31,471116,441861,135523.7043,2347.53,5.0,资讯科技业,信息技术,IPO打新中签结果
2657.HK,林清轩,2025-12-29,169712,159642,24096.8194,1235.81,2.0,医疗保健业,日常消费品,IPO打新中签结果
2671.HK,美联股份,2025-12-29,53657,53443,3029.0513,146.25,0.75,地产建筑业,工业,IPO打新中签结果
3317.HK,迅策,2025-12-29,9730,9696,3189.7676,7.24,12.78,资讯科技业,信息技术,IPO打新中签结果
3696.HK,英矽智能,2025-12-29,221926,206081,18145.2571,1427.37,1.0,医疗保健业,医疗保健,IPO打新中签结果
6600.HK,卧安机器人,2025-12-29,89935,87022,13733.7442,254.5,7.0,非必需性消费,非日常生活消费品,IPO打新中签结果
6651.HK,五一视界,2025-12-29,44502,43820,10513.6006,256.01,10.0,资讯科技业,信息技术,IPO打新中签结果
2635.HK,诺比侃,2025-12-22,33051,32605,3849.4256,188.74,3.0,资讯科技业,信息技术,IPO打新中签结果
2661.HK,轻松健康,2025-12-22,111894,106191,12359.7326,1421.47,6.0,非必需性消费,金融,IPO打新中签结果
3378.HK,翰思艾泰-B,2025-12-22,139704,128426,17580.3286,3074.09,1.0,医疗保健业,医疗保健,IPO打新中签结果
2396.HK,华芢生物-B,2025-12-19,146647,141939,7931.2224,791.95,2.5,医疗保健业,医疗保健,IPO打新中签结果
2581.HK,明基医院,2025-12-19,9291,9275,5353.2334,6.28,50.01,医疗保健业,医疗保健,IPO打新中签结果
2691.HK,南华期货股份,2025-12-19,7479,7474,6042.8632,1.91,74.64,金融业,金融,IPO打新中签结果
2695.HK,印象大红袍,2025-12-19,114610,109770,3418.1577,3397.48,0.8,非必需性消费,非日常生活消费品,IPO打新中签结果
2546.HK,智汇矿业,2025-12-18,177542,160873,12569.436,5248.15,1.0,原材料业,原材料,IPO打新中签结果
3881.HK,希迪智驾,2025-12-18,17353,17277,12473.012,22.55,50.0,工业,信息技术,IPO打新中签结果
3887.HK,HASHKEY HLDGS,2025-12-16,88592,84984,29796.0625,393.71,10.0,金融业,金融,IPO打新中签结果
2655.HK,果下科技,2025-12-15,161076,151327,161076.0,1890.73,10.0,工业,工业,IPO打新中签结果
7618.HK,京东工业,2025-12-10,72234,71515,39170.5201,60.52,35.0,工业,工业,IPO打新中签结果
2659.HK,宝济药业-B,2025-12-09,282687,262059,37883.6127,3526.34,7.0,医疗保健业,医疗保健,IPO打新中签结果
2676.HK,纳芯微,2025-12-05,21942,21743,4822.4407,25.33,4.32,资讯科技业,信息技术,IPO打新中签结果
2687.HK,卓越睿新,2025-12-05,135193,122759,6665.9924,4813.4,1.0,资讯科技业,信息技术,IPO打新中签结果
2408.HK,遇见小面,2025-12-04,61057,59309,9591.874,425.97,2.0,非必需性消费,非日常生活消费品,IPO打新中签结果
2658.HK,天域半导体,2025-12-04,45511,45019,15388.6317,60.63,10.0,资讯科技业,信息技术,IPO打新中签结果
2539.HK,乐摩科技,2025-12-02,173139,159958,5780.1745,7324.29,0.8,非必需性消费,非日常生活消费品,IPO打新中签结果
2693.HK,金岩高岭新材,2025-12-02,171899,158143,171899.0,6876.17,0.03,原材料业,原材料,IPO打新中签结果
9609.HK,海伟股份,2025-11-27,165803,151135,18306.1223,5426.27,1.0,工业,信息技术,IPO打新中签结果
2685.HK,量化派,2025-11-26,159327,146963,159327.0,9366.28,0.6,非必需性消费,通讯业务,IPO打新中签结果
2788.HK,创新实业,2025-11-21,145228,132968,51851.9357,447.2,10.0,原材料业,原材料,IPO打新中签结果
2579.HK,中伟新材,2025-11-16,40241,39925,13791.2832,27.9,10.0,原材料业,原材料,IPO打新中签结果
2698.HK,乐舒适,2025-11-07,294053,270534,40757.9174,1813.77,1.0,必需性消费,日常消费品,IPO打新中签结果
0699.HK,均胜电子,2025-11-05,94653,92791,17405.9863,147.67,16.0,非必需性消费,非日常生活消费品,IPO打新中签结果
0800.HK,文远知行-W,2025-11-05,64949,64546,19612.6033,73.44,6.64,资讯科技业,信息技术,IPO打新中签结果
2026.HK,小马智行-W,2025-11-05,37062,36619,21420.1976,15.88,55.0,资讯科技业,信息技术,IPO打新中签结果
2630.HK,旺山旺水-B,2025-11-05,265188,244283,10298.6009,6238.42,1.68,医疗保健业,医疗保健,IPO打新中签结果
9927.HK,赛力斯,2025-11-04,202321,194850,57929.0743,132.68,10.0,非必需性消费,非日常生活消费品,IPO打新中签结果
2718.HK,明略科技-W,2025-10-31,283629,259920,18068.912,4452.86,1.0,资讯科技业,信息技术,IPO打新中签结果
1384.HK,滴普科技,2025-10-27,236934,219961,25215.1007,7569.83,3.0,资讯科技业,信息技术,IPO打新中签结果
6031.HK,三一重工,2025-10-27,115863,113392,81770.1422,52.93,50.0,工业,工业,IPO打新中签结果
6166.HK,剑桥科技,2025-10-27,206461,199662,55146.2908,338.7,5.0,资讯科技业,通讯业务,IPO打新中签结果
6980.HK,八马茶业,2025-10-27,168027,162764,8361.449,2680.04,0.8,必需性消费,日常消费品,IPO打新中签结果
0638.HK,广和通,2025-10-21,191156,184378,30046.7079,550.99,0.31,工业,信息技术,IPO打新中签结果
6687.HK,聚水潭,2025-10-20,386815,365172,48497.7878,1952.95,0.13,资讯科技业,信息技术,IPO打新中签结果
2637.HK,海西新药,2025-10-17,316139,298721,22058.5884,3165.1,1.0,医疗保健业,医疗保健,IPO打新中签结果
2670.HK,云迹,2025-10-15,260092,248480,24772.7427,5657.2,3.0,资讯科技业,工业,IPO打新中签结果
2575.HK,轩竹生物-B,2025-10-14,376021,356505,15197.5142,4908.33,1.0,医疗保健业,医疗保健,IPO打新中签结果
2650.HK,挚达科技,2025-10-09,201807,184313,11489.059,5440.8,0.04,工业,非日常生活消费品,IPO打新中签结果
8549.HK,金叶国际集团,2025-10-09,168066,168066,3044.1571,11464.72,0.5,地产建筑业,工业,IPO打新中签结果
2652.HK,长风药业,2025-10-06,264209,242915,8292.4024,6697.8,1.0,医疗保健业,医疗保健,IPO打新中签结果
2259.HK,紫金黄金国际,2025-09-29,350775,326642,198426.0875,240.74,50.0,原材料业,原材料,IPO打新中签结果
2583.HK,西普尼,2025-09-29,160901,156291,9547.7769,2505.9,1.0,非必需性消费,非日常生活消费品,IPO打新中签结果
2889.HK,博泰车联,2025-09-29,108368,105110,18063.103,529.79,0.26,非必需性消费,信息技术,IPO打新中签结果
9973.HK,奇瑞汽车,2025-09-24,207928,194695,68748.296,308.18,0.67,非必需性消费,非日常生活消费品,IPO打新中签结果
6090.HK,不同集团,2025-09-22,154400,141789,10379.4747,3317.47,1.0,非必需性消费,非日常生活消费品,IPO打新中签结果
2595.HK,劲方医药-B,2025-09-18,257876,235959,30830.1904,2662.79,0.08,医疗保健业,医疗保健,IPO打新中签结果
2656.HK,健康160,2025-09-16,69550,67433,8872.5504,751.77,8.0,医疗保健业,医疗保健,IPO打新中签结果
2525.HK,禾赛-W,2025-09-15,93392,91221,47249.0656,168.65,30.0,资讯科技业,信息技术,IPO打新中签结果
2543.HK,大行科工,2025-09-08,223909,206523,7903.6932,7558.4,0.02,非必需性消费,非日常生活消费品,IPO打新中签结果
2580.HK,奥克斯电气,2025-09-01,153533,147381,77933.8104,557.2,10.0,非必需性消费,非日常生活消费品,IPO打新中签结果
3858.HK,佳鑫国际资源,2025-08-27,164446,149942,24968.0118,2041.62,1.0,原材料业,原材料,IPO打新中签结果
6960.HK,双登股份,2025-08-25,217990,197912,12886.3902,3876.25,0.06,工业,信息技术,IPO打新中签结果
2631.HK,天岳先进,2025-08-19,215519,204270,90772.7603,2809.19,30.0,资讯科技业,信息技术,IPO打新中签结果
2591.HK,银诺医药-B,2025-08-14,256072,233412,18297.0722,5341.66,0.5,医疗保健业,医疗保健,IPO打新中签结果
2627.HK,中慧生物-B,2025-08-08,191879,180161,19045.2058,4007.64,1.0,医疗保健业,医疗保健,IPO打新中签结果
9887.HK,维立志博-B,2025-07-24,323706,303298,73332.8297,3494.78,0.27,医疗保健业,医疗保健,IPO打新中签结果
1304.HK,FORTIOR,2025-07-08,66796,65651,30868.3154,138.26,20.0,资讯科技业,信息技术,IPO打新中签结果
2590.HK,极智嘉-W,2025-07-08,94292,92816,39484.6039,133.62,4.26,资讯科技业,工业,IPO打新中签结果
2597.HK,讯众通信,2025-07-08,9119,9104,2912.4009,12.79,20.01,电讯业,信息技术,IPO打新中签结果
2651.HK,大众口腔,2025-07-08,35263,35180,8701.6881,108.25,10.0,医疗保健业,医疗保健,IPO打新中签结果
6613.HK,蓝思科技,2025-07-08,229080,221394,161996.5517,462.76,20.0,工业,信息技术,IPO打新中签结果
1828.HK,富卫集团,2025-07-04,61689,61402,38387.0198,37.13,20.0,金融业,金融,IPO打新中签结果
2648.HK,安井食品,2025-07-03,32830,32333,27728.092,44.2,70.0,必需性消费,日常消费品,IPO打新中签结果
2592.HK,拨康视云-B,2025-07-02,29007,28794,7403.372,78.78,5.0,医疗保健业,医疗保健,IPO打新中签结果
3880.HK,泰德医药,2025-06-27,70338,69673,38688.2532,301.15,50.0,医疗保健业,医疗保健,IPO打新中签结果
6603.HK,IFBH,2025-06-27,236078,215863,72216.0227,2682.35,10.0,必需性消费,日常消费品,IPO打新中签结果
9678.HK,云知声,2025-06-27,25483,25390,8445.9741,91.66,10.01,资讯科技业,信息技术,IPO打新中签结果
6883.HK,颖通控股,2025-06-26,31796,31678,31796.0,35.84,10.0,医疗保健业,日常消费品,IPO打新中签结果
2508.HK,圣贝拉集团,2025-06-25,52464,51796,14587.7689,193.0,2.54,非必需性消费,医疗保健,IPO打新中签结果
6168.HK,周六福,2025-06-25,126409,123062,39559.4199,711.11,0.82,非必需性消费,非日常生活消费品,IPO打新中签结果
2619.HK,香江电器,2025-06-24,48554,46894,16589.9244,852.38,10.0,非必需性消费,非日常生活消费品,IPO打新中签结果
2643.HK,曹操出行,2025-06-24,25263,25174,19398.8065,21.14,50.0,非必需性消费,信息技术,IPO打新中签结果
2050.HK,三花智控,2025-06-20,334840,313491,215357.2546,747.92,15.0,工业,非日常生活消费品,IPO打新中签结果
2609.HK,佰泽医疗,2025-06-20,24054,23950,9659.125,25.92,20.0,医疗保健业,医疗保健,IPO打新中签结果
2617.HK,药捷安康-B,2025-06-20,135427,130077,135427.0,3419.87,0.8,医疗保健业,医疗保健,IPO打新中签结果
3288.HK,海天味业,2025-06-18,379668,356998,172089.4185,918.15,5.0,必需性消费,日常消费品,IPO打新中签结果
2573.HK,新琪安,2025-06-09,21482,21319,21482.0,149.37,10.0,必需性消费,日常消费品,IPO打新中签结果
2605.HK,元光科技,2025-06-09,32176,31844,15745.2986,274.44,45.0,非必需性消费,通讯业务,IPO打新中签结果
9881.HK,容大科技,2025-06-09,26751,26387,26751.0,275.96,6.01,资讯科技业,信息技术,IPO打新中签结果
2621.HK,手回集团,2025-05-29,53647,52375,14160.549,990.0,5.0,金融业,金融,IPO打新中签结果
2565.HK,派格生物医药-B,2025-05-26,49627,48276,10415.9861,743.78,8.0,医疗保健业,医疗保健,IPO打新中签结果
2603.HK,吉宏股份,2025-05-26,18521,18304,11937.0362,49.39,50.0,非必需性消费,非日常生活消费品,IPO打新中签结果
1276.HK,恒瑞医药,2025-05-23,203874,194421,92416.728,454.85,10.0,医疗保健业,医疗保健,IPO打新中签结果
2629.HK,MIRXES-B,2025-05-22,21541,21436,21021.624,25.51,95.0,医疗保健业,医疗保健,IPO打新中签结果
3750.HK,宁德时代,2025-05-19,310827,291778,69886.6246,151.15,10.0,工业,信息技术,IPO打新中签结果
6831.HK,绿茶集团,2025-05-15,98482,95708,71751.4014,317.54,40.0,非必需性消费,非日常生活消费品,IPO打新中签结果
2589.HK,沪上阿姨,2025-05-07,127637,119494,28173.4085,3616.83,10.0,必需性消费,日常消费品,IPO打新中签结果
2865.HK,钧达股份,2025-05-07,9151,9137,4988.2328,3.5,23.84,工业,信息技术,IPO打新中签结果
1333.HK,博雷顿,2025-05-06,30638,30391,4935.4883,198.72,2.0,工业,工业,IPO打新中签结果
9606.HK,映恩生物-B,2025-04-14,26857,25720,24799.9908,115.14,80.01,医疗保健业,医疗保健,IPO打新中签结果
3677.HK,正力新能,2025-04-11,5998,5992,5998.0,3.51,100.0,工业,信息技术,IPO打新中签结果
2625.HK,江苏宏信,2025-03-28,9084,9077,2490.9458,46.96,3.91,必需性消费,日常消费品,IPO打新中签结果
2569.HK,舒宝国际,2025-03-26,19843,19731,10958.4528,167.09,30.01,必需性消费,非日常生活消费品,IPO打新中签结果
2610.HK,南山铝业国际,2025-03-24,12791,12760,12791.0,3.89,100.0,原材料业,原材料,IPO打新中签结果
2561.HK,维昇药业-B,2025-03-20,22345,22138,7497.9614,72.64,6.27,医疗保健业,医疗保健,IPO打新中签结果
6693.HK,赤峰黄金,2025-03-07,29964,29872,19625.0867,9.53,28.0,原材料业,原材料,IPO打新中签结果
2097.HK,蜜雪集团,2025-02-28,264992,226091,70232.4588,5258.21,8.0,必需性消费,非日常生活消费品,IPO打新中签结果
1364.HK,古茗,2025-02-11,29086,27448,29086.0,194.87,100.0,必需性消费,非日常生活消费品,IPO打新中签结果
2571.HK,赛目科技,2025-01-14,4565,4561,4565.0,2.66,100.0,资讯科技业,信息技术,IPO打新中签结果
0805.HK,新吉奥房车,2025-01-10,2336,2333,2043.9852,2.52,80.04,非必需性消费,非日常生活消费品,IPO打新中签结果
2596.HK,宜宾银行,2025-01-10,2352,2352,2352.0,0.21,100.0,金融业,金融,IPO打新中签结果
0325.HK,布鲁可,2025-01-09,126841,98721,39336.8348,5999.96,10.0,非必需性消费,非日常生活消费品,IPO打新中签结果
2530.HK,纽曼思,2025-01-09,9340,9277,5958.051,65.17,50.01,医疗保健业,非日常生活消费品,IPO打新中签结果
2560.HK,海螺材料科技,2025-01-08,11856,11839,9681.8,25.83,70.0,原材料业,原材料,IPO打新中签结果
2613.HK,汇舸环保,2025-01-08,12389,12351,7754.7891,55.33,40.01,工业,工业,IPO打新中签结果
6681.HK,脑动极光-B,2025-01-07,10891,10878,7467.9263,11.39,50.01,医疗保健业,医疗保健,IPO打新中签结果
2506.HK,讯飞医疗科技,2024-12-27,3136,3128,3136.0,3.66,80.05,医疗保健业,医疗保健,IPO打新中签结果
2577.HK,英诺赛科,2024-12-27,6105,6095,5531.8867,2.87,80.01,资讯科技业,信息技术,IPO打新中签结果
2587.HK,健康之路,2024-12-27,4889,4869,3224.6702,34.42,50.0,医疗保健业,信息技术,IPO打新中签结果
2431.HK,佑驾创新,2024-12-24,11407,11382,7898.8897,14.04,50.01,资讯科技业,非日常生活消费品,IPO打新中签结果
2432.HK,越疆,2024-12-20,4243,4232,2673.9687,9.25,50.0,资讯科技业,信息技术,IPO打新中签结果
0999.HK,小菜园,2024-12-19,2488,2483,2488.0,1.44,100.0,非必需性消费,非日常生活消费品,IPO打新中签结果
2593.HK,草姬集团,2024-12-18,55863,48647,17045.2892,6083.63,3.0,医疗保健业,医疗保健,IPO打新中签结果
1318.HK,毛戈平,2024-12-09,69601,61726,69601.0,919.18,100.0,医疗保健业,日常消费品,IPO打新中签结果
2570.HK,重塑能源,2024-12-05,2411,2408,1875.0121,1.55,56.81,工业,信息技术,IPO打新中签结果
2586.HK,多点数智,2024-12-05,2988,2984,2988.0,1.94,100.0,资讯科技业,通讯业务,IPO打新中签结果
2585.HK,梦金园,2024-11-28,8591,8553,3718.0331,20.58,7.66,非必需性消费,非日常生活消费品,IPO打新中签结果
2566.HK,九源基因,2024-11-27,30759,28214,21275.3921,675.83,20.01,医疗保健业,医疗保健,IPO打新中签结果
6936.HK,顺丰控股,2024-11-26,82574,81205,47246.1928,79.07,20.0,工业,工业,IPO打新中签结果
2582.HK,国富氢能,2024-11-14,5904,5868,2428.8435,21.07,15.03,工业,工业,IPO打新中签结果
2519.HK,傲基股份,2024-11-07,5570,5546,4896.0496,17.74,70.02,非必需性消费,非日常生活消费品,IPO打新中签结果
2551.HK,晶科电子股份,2024-11-07,61975,54157,15229.3162,5677.83,0.24,工业,信息技术,IPO打新中签结果
2510.HK,德翔海运,2024-10-31,6861,6846,3023.6178,12.09,5.87,工业,工业,IPO打新中签结果
2563.HK,华昊中天医药-B,2024-10-30,7175,7149,1970.6857,21.45,4.45,医疗保健业,医疗保健,IPO打新中签结果
2465.HK,龙蟠科技,2024-10-29,6292,6282,5377.9098,3.99,70.02,工业,信息技术,IPO打新中签结果
9660.HK,地平线机器人-W,2024-10-23,28115,27095,28115.0,33.83,100.0,资讯科技业,非日常生活消费品,IPO打新中签结果
2460.HK,华润饮料,2024-10-22,61885,56146,51046.9534,234.49,30.0,必需性消费,日常消费品,IPO打新中签结果
2567.HK,七牛智能,2024-10-15,15747,15719,14402.0,19.87,80.0,资讯科技业,信息技术,IPO打新中签结果
9639.HK,荣利营造,2024-10-08,14898,14821,7912.0202,120.6,25.0,地产建筑业,工业,IPO打新中签结果
2576.HK,太美医疗科技,2024-10-07,25455,25269,7800.2975,156.33,2.69,资讯科技业,信息技术,IPO打新中签结果
2549.HK,卡罗特,2024-09-30,56802,50883,34849.1495,1347.27,15.0,非必需性消费,非日常生活消费品,IPO打新中签结果
0300.HK,美的集团,2024-09-16,13717,13539,13717.0,5.31,100.0,非必需性消费,非日常生活消费品,IPO打新中签结果
8629.HK,集信国控,2024-09-05,2480,2476,844.1302,14.33,10.06,地产建筑业,工业,IPO打新中签结果
2410.HK,同源康医药-B,2024-08-19,974,970,648.9756,2.29,47.88,医疗保健业,医疗保健,IPO打新中签结果
2533.HK,黑芝麻智能,2024-08-07,3296,3295,3296.0,2.52,100.0,资讯科技业,信息技术,IPO打新中签结果
1471.HK,众淼控股,2024-08-05,4677,4677,4677.0,16.07,50.0,金融业,金融,IPO打新中签结果
2531.HK,广联科技控股,2024-07-12,2613,2611,2613.0,2.49,100.0,资讯科技业,信息技术,IPO打新中签结果
2507.HK,西锐,2024-07-11,4795,4789,4795.0,1.56,100.0,工业,工业,IPO打新中签结果
1334.HK,瑞昌国际控股,2024-07-09,5537,5531,2317.1105,19.24,20.01,能源业,能源,IPO打新中签结果
2495.HK,声通科技,2024-07-09,2734,2723,1692.9298,3.51,34.86,资讯科技业,信息技术,IPO打新中签结果
9680.HK,如祺出行,2024-07-09,1467,1465,1467.0,0.6,100.0,非必需性消费,信息技术,IPO打新中签结果
6086.HK,方舟健客,2024-07-08,4371,4368,4371.0,16.63,40.04,医疗保健业,日常消费品,IPO打新中签结果
6657.HK,百望股份,2024-07-08,3809,3804,2337.9747,6.58,40.01,资讯科技业,信息技术,IPO打新中签结果
1354.HK,经发物业,2024-07-02,7071,6991,7071.0,118.87,3.79,地产建筑业,房地产,IPO打新中签结果
2545.HK,中赣通信,2024-07-02,14245,14115,12664.8269,195.99,70.01,电讯业,通讯业务,IPO打新中签结果
8637.HK,元续科技,2024-06-28,30583,29235,30583.0,2480.61,3.01,资讯科技业,信息技术,IPO打新中签结果
2479.HK,天聚地合,2024-06-27,36119,34064,9427.3006,602.87,1.28,资讯科技业,信息技术,IPO打新中签结果
2559.HK,嘀嗒出行,2024-06-27,19815,19628,7924.278,112.9,10.0,非必需性消费,信息技术,IPO打新中签结果
6181.HK,老铺黄金,2024-06-27,42474,39087,42474.0,582.15,3.39,非必需性消费,非日常生活消费品,IPO打新中签结果
2881.HK,武汉有机,2024-06-17,13111,12610,3417.9632,337.57,5.01,原材料业,原材料,IPO打新中签结果
2512.HK,云工场,2024-06-13,8846,8810,8846.0,25.79,100.0,资讯科技业,信息技术,IPO打新中签结果
2228.HK,晶泰控股,2024-06-12,19602,19303,10448.2391,103.35,20.0,医疗保健业,工业,IPO打新中签结果
2522.HK,一脉阳光,2024-06-06,17855,17155,5416.1524,336.33,3.01,医疗保健业,医疗保健,IPO打新中签结果
2550.HK,宜搜科技,2024-06-06,9239,9189,1828.2263,114.59,10.02,非必需性消费,信息技术,IPO打新中签结果
8529.HK,优博控股,2024-05-31,38849,37670,5110.8221,2503.03,0.2,资讯科技业,信息技术,IPO打新中签结果
2443.HK,汽车街,2024-05-30,19474,18876,6621.8249,433.34,5.01,非必需性消费,非日常生活消费品,IPO打新中签结果
2505.HK,EDA集团控股,2024-05-27,9929,9722,4127.757,103.44,10.01,工业,工业,IPO打新中签结果
0917.HK,趣致集团,2024-05-24,5765,5711,4205.6085,12.05,60.02,非必需性消费,信息技术,IPO打新中签结果
2898.HK,盛禾生物-B,2024-05-23,7451,7430,2921.9895,10.08,7.82,医疗保健业,医疗保健,IPO打新中签结果
2529.HK,泓盈城市服务,2024-05-16,5727,5714,4745.0631,47.59,80.03,地产建筑业,房地产,IPO打新中签结果
2556.HK,迈富时,2024-05-14,2576,2565,1797.0872,5.95,55.04,资讯科技业,信息技术,IPO打新中签结果
2438.HK,出门问问,2024-04-23,15352,15140,10303.465,117.39,25.01,资讯科技业,信息技术,IPO打新中签结果
2515.HK,天津建发,2024-04-22,16354,15702,6010.8351,433.06,10.01,地产建筑业,工业,IPO打新中签结果
2555.HK,茶百道,2024-04-22,4593,4589,4593.0,0.5,100.0,必需性消费,非日常生活消费品,IPO打新中签结果
2497.HK,富景中国控股,2024-03-27,12820,12483,3833.1274,294.13,10.02,必需性消费,日常消费品,IPO打新中签结果
2598.HK,连连数字,2024-03-27,10112,10081,10112.0,16.94,100.0,金融业,金融,IPO打新中签结果
2536.HK,百乐皇宫,2024-03-25,7141,7097,7141.0,15.96,100.0,非必需性消费,非日常生活消费品,IPO打新中签结果
9879.HK,米高集团,2024-03-20,7793,7768,5351.902,9.79,30.02,原材料业,原材料,IPO打新中签结果
2509.HK,荃信生物-B,2024-03-19,14525,14312,4237.5284,163.15,5.0,医疗保健业,医疗保健,IPO打新中签结果
2535.HK,泓基集团,2024-03-07,6323,6248,1807.2592,70.48,2.57,地产建筑业,工业,IPO打新中签结果
2540.HK,乐思集团,2024-03-07,5113,5104,5113.0,22.35,100.0,非必需性消费,通讯业务,IPO打新中签结果
2477.HK,经纬天地,2024-01-11,3480,3479,1447.0441,28.64,20.04,电讯业,通讯业务,IPO打新中签结果
2453.HK,美中嘉和,2024-01-08,1638,1635,1638.0,1.99,100.0,医疗保健业,医疗保健,IPO打新中签结果
2503.HK,中深建业,2024-01-08,5112,5101,5112.0,58.44,100.0,地产建筑业,工业,IPO打新中签结果
6959.HK,长久股份,2024-01-08,2510,2481,1695.951,11.67,20.12,非必需性消费,信息技术,IPO打新中签结果
2498.HK,速腾聚创,2024-01-04,1786,1773,1786.0,0.58,100.0,资讯科技业,信息技术,IPO打新中签结果
