code,name,listing_date,record_date,margin_amount_hkd,public_offer_amount_hkd,margin_multiple,margin_over_text,currency,source_table
6871.HK,翼菲科技,2026-05-18,2026-05-11,21808450000,37520000,713.5534,超购于548.8872倍,HKD,孖展数据
7666.HK,剂泰科技-P,2026-05-13,2026-05-08,544075360000,105650000,6642.2069,超购于5148.9976倍,HKD,孖展数据
7630.HK,英派药业-B,2026-05-13,2026-05-08,126731530000,91300000,1789.2885,超购于1387.0454倍,HKD,孖展数据
1236.HK,乐动机器人,2026-05-11,2026-05-06,539925890000,100000000,6963.6146,超购于5398.1509倍,HKD,孖展数据
1187.HK,可孚医疗,2026-05-06,2026-04-30,32746720000,106190000,411.8833,超购于307.3756倍,HKD,孖展数据
1609.HK,天星医疗,2026-05-05,2026-04-29,530508570000,82960000,8248.2673,超购于6394.0057倍,HKD,孖展数据
6810.HK,商米科技-W,2026-04-29,2026-04-24,127744410000,105970000,1553.7648,超购于1204.4689倍,HKD,孖展数据
2493.HK,迈威生物-B,2026-04-28,2026-04-23,43249850000,144740000,399.0596,超购于297.8057倍,HKD,孖展数据
1879.HK,曦智科技-P,2026-04-28,2026-04-23,588019810000,126370000,6001.4391,超购于4652.2784倍,HKD,孖展数据
3296.HK,华勤技术,2026-04-23,2026-04-20,191721040000,454930000,563.3811,超购于420.4337倍,HKD,孖展数据
2476.HK,胜宏科技,2026-04-21,2026-04-16,530029520000,1749310000,404.6717,超购于301.9938倍,HKD,孖展数据
0068.HK,群核科技,2026-04-17,2026-04-14,131191990000,122390000,1381.456,超购于1070.8961倍,HKD,孖展数据
3277.HK,长光辰芯,2026-04-17,2026-04-14,213781830000,260400000,1065.9817,超购于819.9859倍,HKD,孖展数据
6656.HK,思格新能,2026-04-16,2026-04-13,358612800000,440070000,1058.0714,超购于813.9011倍,HKD,孖展数据
0664.HK,铜师傅,2026-03-31,2026-03-26,2324170000,50370000,58.5952,超购于45.0732倍,HKD,孖展数据
3625.HK,傅里叶,2026-03-31,2026-03-26,52185590000,30000000,2225.0508,超购于1738.3210倍,HKD,孖展数据
1021.HK,华沿机器人,2026-03-30,2026-03-25,281351030000,68670000,5243.0824,超购于4096.1581倍,HKD,孖展数据
6636.HK,极视角,2026-03-30,2026-03-25,83851250000,24960000,4298.7841,超购于3358.4250倍,HKD,孖展数据
2526.HK,德适-B,2026-03-30,2026-03-25,63781570000,89990000,905.8923,超购于707.7284倍,HKD,孖展数据
2726.HK,瀚天天成,2026-03-30,2026-03-25,5122080000,163900000,39.3261,超购于30.2509倍,HKD,孖展数据
2729.HK,凯乐士科技,2026-03-24,2026-03-19,115379180000,75070000,1966.0763,超购于1535.9971倍,HKD,孖展数据
2632.HK,泽景股份,2026-03-24,2026-03-19,2430670000,77890000,39.2698,超购于30.2075倍,HKD,孖展数据
3355.HK,飞速创新,2026-03-23,2026-03-18,203096140000,166400000,1560.998,超购于1219.5296倍,HKD,孖展数据
2701.HK,国民技术,2026-03-23,2026-03-18,6133240000,102600000,76.4116,超购于58.7781倍,HKD,孖展数据
1989.HK,广合科技,2026-03-20,2026-03-17,272484660000,330650000,1053.5588,超购于823.0928倍,HKD,孖展数据
3268.HK,美格智能,2026-03-10,2026-03-05,11663060000,101010000,148.8037,超购于114.4644倍,HKD,孖展数据
2649.HK,优乐赛共享,2026-03-09,2026-03-04,116858320000,28480000,5251.517,超购于4102.7477倍,HKD,孖展数据
2715.HK,埃斯顿,2026-03-09,2026-03-04,2081470000,164530000,16.8944,超购于11.6513倍,HKD,孖展数据
2692.HK,兆威机电,2026-03-09,2026-03-04,233819240000,197090000,1517.2838,超购于1185.3779倍,HKD,孖展数据
2706.HK,海致科技集团,2026-02-13,2026-02-10,319330960000,78490000,5206.3351,超购于4067.4493倍,HKD,孖展数据
9981.HK,沃尔核材,2026-02-13,2026-02-10,126504020000,281240000,583.4506,超购于448.8082倍,HKD,孖展数据
0470.HK,先导智能,2026-02-11,2026-02-06,21833360000,428760000,64.8985,超购于49.9219倍,HKD,孖展数据
2720.HK,乐欣户外,2026-02-10,2026-02-05,93292630000,34550000,3454.8901,超购于2699.1329倍,HKD,孖展数据
0600.HK,爱芯元智,2026-02-10,2026-02-05,21536230000,295860000,93.3285,超购于71.7911倍,HKD,孖展数据
6809.HK,澜起科技,2026-02-09,2026-02-04,370089270000,704300000,671.3246,超购于524.4723倍,HKD,孖展数据
3200.HK,大族数控,2026-02-06,2026-02-03,152306880000,483330000,408.3556,超购于314.1197倍,HKD,孖展数据
2714.HK,牧原股份,2026-02-06,2026-02-03,4864430000,1068410000,5.9689,超购于3.5529倍,HKD,孖展数据
2677.HK,卓正医疗,2026-02-06,2026-02-03,66497040000,31640000,2689.2909,超购于2101.0085倍,HKD,孖展数据
2768.HK,国恩科技,2026-02-04,2026-01-30,233314060000,126000000,2368.8945,超购于1850.6988倍,HKD,孖展数据
9980.HK,东鹏饮料,2026-02-03,2026-01-29,44238810000,1014070000,55.4123,超购于42.6249倍,HKD,孖展数据
1768.HK,鸣鸣很忙,2026-01-28,2026-01-23,509885380000,333650000,1954.802,超购于1527.1891倍,HKD,孖展数据
9611.HK,龙旗科技,2026-01-22,2026-01-19,118607780000,162010000,935.8331,超购于731.1196倍,HKD,孖展数据
8610.HK,BBSB INTL,2026-01-13,2026-01-08,77878400000,8750000,10679.2662,超购于8899.3885倍,HKD,孖展数据
3986.HK,兆易创新,2026-01-13,2026-01-08,193654610000,468440000,478.3885,超购于412.4039倍,HKD,孖展数据
1641.HK,红星冷链,2026-01-13,2026-01-08,52897360000,28520000,2224.2698,超购于1853.5582倍,HKD,孖展数据
0501.HK,豪威集团,2026-01-12,2026-01-07,2462930000,479980000,6.9405,超购于4.1312倍,HKD,孖展数据
0100.HK,MINIMAX-W,2026-01-09,2026-01-06,283148550000,209460000,1620.9304,超购于1350.7753倍,HKD,孖展数据
6938.HK,瑞博生物-B,2026-01-09,2026-01-06,10506500000,159350000,84.4146,超购于64.9343倍,HKD,孖展数据
3636.HK,金浔资源,2026-01-09,2026-01-06,11128790000,110300000,129.8667,超购于99.8974倍,HKD,孖展数据
9903.HK,天数智芯,2026-01-08,2026-01-05,108775610000,367750000,341.9557,超购于294.7894倍,HKD,孖展数据
2513.HK,智谱,2026-01-08,2026-01-05,197716800000,217410000,1071.9335,超购于908.4182倍,HKD,孖展数据
2675.HK,精锋医疗-B,2026-01-08,2026-01-05,97129230000,119870000,954.9259,超购于809.2593倍,HKD,孖展数据
6082.HK,壁仞科技,2026-01-02,2025-12-29,459678900000,242740000,2271.2312,超购于1892.6926倍,HKD,孖展数据
6600.HK,卧安机器人,2025-12-30,2025-12-23,38629570000,180010000,247.7774,超购于213.6012倍,HKD,孖展数据
3317.HK,迅策,2025-12-30,2025-12-23,572890000,123750000,6.0974,超购于3.6294倍,HKD,孖展数据
2671.HK,美联股份,2025-12-30,2025-12-23,2751020000,22530000,140.4588,超购于121.0852倍,HKD,孖展数据
6651.HK,五一视界,2025-12-30,2025-12-23,6286490000,36560000,198.2833,超购于170.9339倍,HKD,孖展数据
3696.HK,英矽智能,2025-12-30,2025-12-23,264483530000,227740000,1392.3987,超购于1160.3322倍,HKD,孖展数据
2657.HK,林清轩,2025-12-30,2025-12-23,112129960000,108620000,1237.6057,超购于1031.3381倍,HKD,孖展数据
2661.HK,轻松健康,2025-12-23,2025-12-18,64539060000,60190000,1285.4484,超购于1071.2070倍,HKD,孖展数据
2635.HK,诺比侃,2025-12-23,2025-12-18,6073440000,40140000,174.3458,超购于150.2981倍,HKD,孖展数据
3378.HK,翰思艾泰-B,2025-12-23,2025-12-18,152166630000,58630000,3113.3945,超购于2594.4954倍,HKD,孖展数据
2396.HK,华芢生物-B,2025-12-22,2025-12-17,53603250000,90020000,701.501,超购于594.4924倍,HKD,孖展数据
2695.HK,印象大红袍,2025-12-22,2025-12-17,37829860000,14800000,3065.8787,超购于2554.8989倍,HKD,孖展数据
2691.HK,南华期货股份,2025-12-22,2025-12-17,228860000,172260000,0.7262,超购于0.3286倍,HKD,孖展数据
2581.HK,明基医院,2025-12-22,2025-12-17,368060000,78260000,6.2215,超购于3.7032倍,HKD,孖展数据
2546.HK,智汇矿业,2025-12-19,2025-12-16,221272160000,55000000,4826.2086,超购于4021.8405倍,HKD,孖展数据
3881.HK,希迪智驾,2025-12-19,2025-12-16,1079570000,71120000,17.3003,超购于14.1805倍,HKD,孖展数据
3887.HK,HASHKEY HLDGS,2025-12-17,2025-12-12,51017060000,167200000,352.7913,超购于304.1304倍,HKD,孖展数据
2655.HK,果下科技,2025-12-16,2025-12-11,91008890000,68040000,1603.7882,超购于1336.4901倍,HKD,孖展数据
7618.HK,京东工业,2025-12-11,2025-12-08,15319340000,327380000,56.785,超购于45.7944倍,HKD,孖展数据
2659.HK,宝济药业-B,2025-12-10,2025-12-05,269209340000,100010000,3228.9291,超购于2690.7742倍,HKD,孖展数据
2687.HK,卓越睿新,2025-12-08,2025-12-03,191212320000,50740000,4521.3357,超购于3767.7797倍,HKD,孖展数据
2676.HK,纳芯微,2025-12-08,2025-12-03,3447920000,221200000,17.7965,超购于14.5873倍,HKD,孖展数据
2408.HK,遇见小面,2025-12-05,2025-12-02,21574410000,68540000,363.948,超购于313.7483倍,HKD,孖展数据
2658.HK,天域半导体,2025-12-05,2025-12-02,7708480000,174410000,53.5652,超购于43.1977倍,HKD,孖展数据
2693.HK,金岩高岭新材,2025-12-03,2025-11-28,99088880000,17740000,6701.9205,超购于5584.9338倍,HKD,孖展数据
2539.HK,乐摩科技,2025-12-03,2025-11-28,131851410000,22220000,7118.2065,超购于5931.8388倍,HKD,孖展数据
9609.HK,海伟股份,2025-11-28,2025-11-25,189794170000,44030000,5171.7015,超购于4309.7512倍,HKD,孖展数据
2685.HK,量化派,2025-11-27,2025-11-24,92922310000,13080000,8521.8277,超购于7101.5231倍,HKD,孖展数据
2788.HK,创新实业,2025-11-24,2025-11-19,186210980000,549500000,391.9332,超购于337.8734倍,HKD,孖展数据
2579.HK,中伟新材,2025-11-17,2025-11-12,7023410000,393970000,20.529,超购于16.8270倍,HKD,孖展数据
2698.HK,乐舒适,2025-11-10,2025-11-05,329241140000,238120000,1658.0301,超购于1381.6917倍,HKD,孖展数据
0800.HK,文远知行-W,2025-11-06,2025-11-03,8618360000,154440000,71.2462,超购于54.8048倍,HKD,孖展数据
2026.HK,小马智行-W,2025-11-06,2025-11-03,8836580000,755210000,13.055,超购于10.7008倍,HKD,孖展数据
0699.HK,均胜电子,2025-11-06,2025-11-03,43855730000,366040000,137.8226,超购于118.8126倍,HKD,孖展数据
2630.HK,旺山旺水-B,2025-11-06,2025-11-03,279701380000,59830000,5608.4223,超购于4673.6852倍,HKD,孖展数据
9927.HK,赛力斯,2025-11-05,2025-10-31,131999120000,1317630000,128.9329,超购于99.1792倍,HKD,孖展数据
2718.HK,明略科技-W,2025-11-03,2025-10-28,352368110000,101790000,4152.8302,超购于3460.6918倍,HKD,孖展数据
1384.HK,滴普科技,2025-10-28,2025-10-23,217743700000,35500000,7359.0558,超购于6132.5465倍,HKD,孖展数据
6031.HK,三一重工,2025-10-28,2025-10-23,52360950000,1236310000,51.2773,超购于41.3526倍,HKD,孖展数据
6166.HK,剑桥科技,2025-10-28,2025-10-23,109957820000,461570000,275.1827,超购于237.2265倍,HKD,孖展数据
6980.HK,八马茶业,2025-10-28,2025-10-23,87253990000,45000000,2325.573,超购于1937.9775倍,HKD,孖展数据
0638.HK,广和通,2025-10-22,2025-10-17,114040230000,290430000,454.3313,超购于391.6649倍,HKD,孖展数据
6687.HK,聚水潭,2025-10-21,2025-10-16,330051720000,208590000,1897.5493,超购于1581.2911倍,HKD,孖展数据
2637.HK,海西新药,2025-10-20,2025-10-14,242517080000,99360000,2927.7502,超购于2439.7918倍,HKD,孖展数据
2670.HK,云迹,2025-10-16,2025-10-13,140473500000,32980000,5109.715,超购于4258.0958倍,HKD,孖展数据
2575.HK,轩竹生物-B,2025-10-15,2025-10-10,309387180000,78110000,4751.9848,超购于3959.9873倍,HKD,孖展数据
2650.HK,挚达科技,2025-10-10,2025-10-06,217128560000,50000000,5209.6377,超购于4341.3647倍,HKD,孖展数据
8549.HK,金叶国际集团,2025-10-10,2025-10-06,58713620000,6500000,10838.2375,超购于9031.8646倍,HKD,孖展数据
2652.HK,长风药业,2025-10-08,2025-10-02,339610900000,60770000,6704.9556,超购于5587.4630倍,HKD,孖展数据
2889.HK,博泰车联,2025-09-30,2025-09-25,40607120000,106700000,440.315,超购于379.5819倍,HKD,孖展数据
2583.HK,西普尼,2025-09-30,2025-09-25,67119670000,31380000,2565.845,超购于2138.2041倍,HKD,孖展数据
2259.HK,紫金黄金国际,2025-09-30,2025-09-25,488672590000,2498430000,225.7268,超购于194.5921倍,HKD,孖展数据
9973.HK,奇瑞汽车,2025-09-25,2025-09-22,217692990000,914500000,274.9745,超购于237.0470倍,HKD,孖展数据
6090.HK,不同集团,2025-09-23,2025-09-18,213768410000,78180000,3279.7747,超购于2733.1456倍,HKD,孖展数据
2595.HK,劲方医药-B,2025-09-19,2025-09-16,359038690000,158230000,2721.7743,超购于2268.1452倍,HKD,孖展数据
2656.HK,健康160,2025-09-17,2025-09-12,25242230000,50000000,594.5344,超购于503.8427倍,HKD,孖展数据
2525.HK,禾赛-W,2025-09-16,2025-09-11,46835400000,387600000,139.0078,超购于119.8343倍,HKD,孖展数据
2543.HK,大行科工,2025-09-09,2025-09-04,253303680000,39200000,7752.2031,超购于6460.1692倍,HKD,孖展数据
2580.HK,奥克斯电气,2025-09-02,2025-08-28,82303610000,180440000,527.9481,超购于455.1276倍,HKD,孖展数据
3858.HK,佳鑫国际资源,2025-08-28,2025-08-25,193776340000,119910000,1937.9417,超购于1614.9514倍,HKD,孖展数据
6960.HK,双登股份,2025-08-26,2025-08-21,255224630000,84970000,3603.2196,超购于3002.6830倍,HKD,孖展数据
2631.HK,天岳先进,2025-08-20,2025-08-15,249253090000,102180000,2926.1255,超购于2438.4379倍,HKD,孖展数据
2591.HK,银诺医药-B,2025-08-15,2025-08-12,302659740000,68290000,5317.1461,超购于4430.9551倍,HKD,孖展数据
2627.HK,中慧生物-B,2025-08-11,2025-08-06,176167360000,51840000,4076.8897,超购于3397.4081倍,HKD,孖展数据
9887.HK,维立志博-B,2025-07-25,2025-07-22,339838990000,112190000,3633.6845,超购于3028.0704倍,HKD,孖展数据
1304.HK,FORTIOR,2025-07-09,2025-07-04,21541080000,196420000,126.0586,超购于108.6712倍,HKD,孖展数据
2651.HK,大众口腔,2025-07-09,2025-07-04,2010520000,23240000,111.1419,超购于85.4937倍,HKD,孖展数据
2597.HK,讯众通信,2025-07-09,2025-07-04,476680000,46120000,13.5377,超购于9.3364倍,HKD,孖展数据
2590.HK,极智嘉-W,2025-07-09,2025-07-04,26606310000,235790000,129.7306,超购于111.8367倍,HKD,孖展数据
6613.HK,蓝思科技,2025-07-09,2025-07-04,220789830000,524460000,487.179,超购于419.9819倍,HKD,孖展数据
1828.HK,富卫集团,2025-07-07,2025-07-02,8413460000,347100000,28.3516,超购于23.2390倍,HKD,孖展数据
2648.HK,安井食品,2025-07-04,2025-06-30,9121190000,263970000,41.6073,超购于33.5542倍,HKD,孖展数据
2592.HK,拨康视云-B,2025-07-03,2025-06-27,3627750000,61190000,75.7715,超购于58.2858倍,HKD,孖展数据
6603.HK,IFBH,2025-06-30,2025-06-25,259482810000,115840000,2910.7879,超购于2239.0676倍,HKD,孖展数据
9678.HK,云知声,2025-06-30,2025-06-25,1816060000,32000000,72.4762,超购于55.7509倍,HKD,孖展数据
3880.HK,泰德医药,2025-06-30,2025-06-25,12594960000,51410000,317.2,超购于244.0000倍,HKD,孖展数据
6168.HK,周六福,2025-06-26,2025-06-23,66832770000,112340000,772.0952,超购于593.9194倍,HKD,孖展数据
2508.HK,圣贝拉集团,2025-06-26,2025-06-23,9608470000,62790000,197.6446,超购于152.0343倍,HKD,孖展数据
6883.HK,颖通控股,2025-06-26,2025-06-23,3425940000,112690000,35.87,超购于29.4016倍,HKD,孖展数据
2619.HK,香江电器,2025-06-25,2025-06-20,15339120000,22850000,871.2438,超购于670.1875倍,HKD,孖展数据
2643.HK,曹操出行,2025-06-25,2025-06-20,2178030000,185290000,13.1209,超购于10.7549倍,HKD,孖展数据
2609.HK,佰泽医疗,2025-06-23,2025-06-18,1701990000,89850000,21.8901,超购于17.9427倍,HKD,孖展数据
2617.HK,药捷安康-B,2025-06-23,2025-06-18,54591650000,20100000,3628.9518,超购于2791.5014倍,HKD,孖展数据
2050.HK,三花智控,2025-06-23,2025-06-18,340625870000,568280000,777.9222,超购于598.4017倍,HKD,孖展数据
3288.HK,海天味业,2025-06-19,2025-06-16,400510540000,573330000,906.8347,超购于697.5651倍,HKD,孖展数据
2573.HK,新琪安,2025-06-10,2025-06-05,2899750000,22120000,169.0827,超购于130.0636倍,HKD,孖展数据
9881.HK,容大科技,2025-06-10,2025-06-05,5324140000,22080000,312.1683,超购于240.1295倍,HKD,孖展数据
2605.HK,元光科技,2025-06-10,2025-06-05,5169590000,24230000,276.0087,超购于212.3144倍,HKD,孖展数据
2621.HK,手回集团,2025-05-30,2025-05-27,16444700000,19680000,1084.8271,超购于834.4824倍,HKD,孖展数据
2603.HK,吉宏股份,2025-05-27,2025-05-22,2915520000,72530000,48.6062,超购于39.1986倍,HKD,孖展数据
2565.HK,派格生物医药-B,2025-05-27,2025-05-22,19130050000,30080000,825.3377,超购于634.8751倍,HKD,孖展数据
1276.HK,恒瑞医药,2025-05-23,2025-05-20,222795270000,543960000,531.1584,超购于408.5833倍,HKD,孖展数据
2629.HK,MIRXES-B,2025-05-23,2025-05-20,2805510000,108620000,30.2896,超购于24.8275倍,HKD,孖展数据
3750.HK,宁德时代,2025-05-20,2025-05-15,282298290000,2325470000,156.5121,超购于120.3939倍,HKD,孖展数据
6831.HK,绿茶集团,2025-05-16,2025-05-13,34150560000,121050000,365.444,超购于281.1107倍,HKD,孖展数据
2589.HK,沪上阿姨,2025-05-08,2025-05-02,94043230000,27280000,4480.6007,超购于3446.6159倍,HKD,孖展数据
2865.HK,钧达股份,2025-05-08,2025-05-02,988750000,181420000,7.4761,超购于4.4501倍,HKD,孖展数据
1333.HK,博雷顿,2025-05-07,2025-04-30,4375640000,23400000,241.7911,超购于185.9931倍,HKD,孖展数据
9606.HK,映恩生物-B,2025-04-15,2025-04-10,16741010000,155540000,138.6182,超购于106.6294倍,HKD,孖展数据
3677.HK,正力新能,2025-04-14,2025-04-09,266540000,100500000,2.7755,超购于1.6521倍,HKD,孖展数据
2625.HK,江苏宏信,2025-03-31,2025-03-26,666920000,16070000,50.2179,超购于40.4983倍,HKD,孖展数据
2569.HK,舒宝国际,2025-03-27,2025-03-24,2140140000,15000000,184.1788,超购于141.6760倍,HKD,孖展数据
2610.HK,南山铝业国际,2025-03-25,2025-03-20,652840000,277940000,2.266,超购于1.3488倍,HKD,孖展数据
2561.HK,维昇药业-B,2025-03-21,2025-03-18,4907190000,74530000,84.2975,超购于64.8442倍,HKD,孖展数据
6693.HK,赤峰黄金,2025-03-10,2025-03-05,2195800000,325550000,8.3301,超购于5.7449倍,HKD,孖展数据
2097.HK,蜜雪集团,2025-03-03,2025-02-26,1839381490000,345470000,6920.3735,超购于5323.3642倍,HKD,孖展数据
1364.HK,古茗,2025-02-12,2025-02-07,27133700000,157660000,222.4329,超购于171.1022倍,HKD,孖展数据
2571.HK,赛目科技,2025-01-15,2025-01-10,71310000,60000000,0.4165,超购于0.1884倍,HKD,孖展数据
2596.HK,宜宾银行,2025-01-13,2025-01-08,20850000,187240000,,未足额,HKD,孖展数据
0805.HK,新吉奥房车,2025-01-13,2025-01-08,109020000,39360000,2.9732,超购于1.7698倍,HKD,孖展数据
0325.HK,布鲁可,2025-01-10,2025-01-07,878653890000,145580000,7844.7775,超购于6034.4442倍,HKD,孖展数据
2530.HK,纽曼思,2025-01-10,2025-01-07,1341580000,27250000,59.808,超购于48.2322倍,HKD,孖展数据
2613.HK,汇舸环保,2025-01-09,2025-01-06,1883590000,39800000,57.4447,超购于46.3263倍,HKD,孖展数据
2560.HK,海螺材料科技,2025-01-09,2025-01-06,1026730000,47840000,24.9614,超购于20.4602倍,HKD,孖展数据
6681.HK,脑动极光-B,2025-01-08,2025-01-03,555610000,58320000,12.3638,超购于8.5268倍,HKD,孖展数据
2587.HK,健康之路,2024-12-30,2024-12-23,237390000,22000000,14.1961,超购于9.7904倍,HKD,孖展数据
2577.HK,英诺赛科,2024-12-30,2024-12-23,368670000,152700000,2.3762,超购于1.4144倍,HKD,孖展数据
2506.HK,讯飞医疗科技,2024-12-30,2024-12-23,85890000,58260000,1.0482,超购于0.4743倍,HKD,孖展数据
2431.HK,佑驾创新,2024-12-27,2024-12-20,932200000,79160000,13.1462,超购于10.7755倍,HKD,孖展数据
2432.HK,越疆,2024-12-23,2024-12-18,251990000,41600000,7.3333,超购于5.0574倍,HKD,孖展数据
0999.HK,小菜园,2024-12-20,2024-12-17,58760000,86010000,,未足额,HKD,孖展数据
2593.HK,草姬集团,2024-12-19,2024-12-16,78412140000,13830000,7366.9622,超购于5666.894倍,HKD,孖展数据
1318.HK,毛戈平,2024-12-10,2024-12-05,173814190000,210360000,1072.8756,超购于825.2889倍,HKD,孖展数据
2586.HK,多点数智,2024-12-06,2024-12-03,106440000,77860000,0.811,超购于0.367倍,HKD,孖展数据
2570.HK,重塑能源,2024-12-06,2024-12-03,67120000,79660000,,未足额,HKD,孖展数据
2585.HK,梦金园,2024-11-29,2024-11-26,866260000,63300000,15.4758,超购于12.685倍,HKD,孖展数据
2566.HK,九源基因,2024-11-28,2024-11-25,24861710000,57020000,565.4987,超购于434.999倍,HKD,孖展数据
6936.HK,顺丰控股,2024-11-27,2024-11-22,30593610000,586250000,66.5414,超购于51.1857倍,HKD,孖展数据
2582.HK,国富氢能,2024-11-15,2024-11-12,742620000,43800000,19.4648,超购于15.9547倍,HKD,孖展数据
2519.HK,傲基股份,2024-11-08,2024-11-05,559240000,46640000,13.4096,超购于10.9915倍,HKD,孖展数据
2551.HK,晶科电子股份,2024-11-08,2024-11-05,63895970000,12130000,6846.8038,超购于5266.7722倍,HKD,孖展数据
2510.HK,德翔海运,2024-11-01,2024-10-29,1193140000,112920000,13.8706,超购于9.5659倍,HKD,孖展数据
2563.HK,华昊中天医药-B,2024-10-31,2024-10-28,335750000,32090000,13.7193,超购于9.4615倍,HKD,孖展数据
2465.HK,龙蟠科技,2024-10-30,2024-10-25,154350000,70000000,2.0244,超购于1.205倍,HKD,孖展数据
9660.HK,地平线机器人-W,2024-10-24,2024-10-21,3377130000,540690000,7.6066,超购于5.2459倍,HKD,孖展数据
2460.HK,华润饮料,2024-10-23,2024-10-18,99229030000,554780000,231.2186,超购于177.8604倍,HKD,孖展数据
2567.HK,七牛智能,2024-10-16,2024-10-10,442690000,45690000,12.5994,超购于8.6893倍,HKD,孖展数据
9639.HK,荣利营造,2024-10-09,2024-10-04,1761300000,18250000,124.1624,超购于95.5095倍,HKD,孖展数据
2576.HK,太美医疗科技,2024-10-08,2024-10-03,3388860000,29140000,149.8669,超购于115.2822倍,HKD,孖展数据
2549.HK,卡罗特,2024-10-02,2024-09-26,79890610000,75060000,1382.3273,超购于1063.3287倍,HKD,孖展数据
0300.HK,美的集团,2024-09-17,2024-09-12,4383300000,1348450000,3.781,超购于2.2506倍,HKD,孖展数据
8629.HK,集信国控,2024-09-06,2024-09-03,52520000,10590000,6.6539,超购于3.9607倍,HKD,孖展数据
2410.HK,同源康医药-B,2024-08-20,2024-08-14,17540000,57930000,,未足额,HKD,孖展数据
2533.HK,黑芝麻智能,2024-08-08,2024-08-05,82990000,56060000,1.0619,超购于0.4805倍,HKD,孖展数据
1471.HK,众淼控股,2024-08-06,2024-08-01,508150000,36010000,15.9977,超购于13.1129倍,HKD,孖展数据
2531.HK,广联科技控股,2024-07-15,2024-07-10,32670000,33710000,,未足额,HKD,孖展数据
2507.HK,西锐,2024-07-12,2024-07-09,174890000,153650000,0.3054,超购于0.1382倍,HKD,孖展数据
1334.HK,瑞昌国际控股,2024-07-10,2024-07-05,149890000,17380000,11.0588,超购于7.6267倍,HKD,孖展数据
9680.HK,如祺出行,2024-07-10,2024-07-05,66290000,136220000,,未足额,HKD,孖展数据
2495.HK,声通科技,2024-07-10,2024-07-05,105290000,66400000,1.2941,超购于0.5856倍,HKD,孖展数据
6086.HK,方舟健客,2024-07-09,2024-07-04,250090000,19900000,14.1146,超购于11.5693倍,HKD,孖展数据
6657.HK,百望股份,2024-07-09,2024-07-04,127550000,37050000,4.1039,超购于2.4428倍,HKD,孖展数据
2545.HK,中赣通信,2024-07-03,2024-06-27,3191750000,20000000,206.1637,超购于158.5875倍,HKD,孖展数据
1354.HK,经发物业,2024-07-03,2024-06-27,549240000,15500000,44.7616,超购于34.432倍,HKD,孖展数据
8637.HK,元续科技,2024-07-02,2024-06-26,15680820000,8100000,2515.3748,超购于1934.9037倍,HKD,孖展数据
2479.HK,天聚地合,2024-06-28,2024-06-25,18997100000,40150000,613.7599,超购于472.123倍,HKD,孖展数据
2559.HK,嘀嗒出行,2024-06-28,2024-06-25,2502320000,27370000,117.5685,超购于90.4373倍,HKD,孖展数据
6181.HK,老铺黄金,2024-06-28,2024-06-25,34099930000,78780000,561.4008,超购于431.8467倍,HKD,孖展数据
2881.HK,武汉有机,2024-06-18,2024-06-13,3602190000,15560000,299.7509,超购于230.5776倍,HKD,孖展数据
2512.HK,云工场,2024-06-14,2024-06-11,1136800000,52900000,24.9973,超购于20.4896倍,HKD,孖展数据
2228.HK,晶泰控股,2024-06-13,2024-06-07,4296740000,56500000,97.5716,超购于75.0551倍,HKD,孖展数据
2522.HK,一脉阳光,2024-06-07,2024-06-04,4394970000,29940000,189.5456,超购于145.8043倍,HKD,孖展数据
2550.HK,宜搜科技,2024-06-07,2024-06-04,669950000,11840000,72.2503,超购于55.5771倍,HKD,孖展数据
8529.HK,优博控股,2024-06-03,2024-05-29,16979020000,7500000,2941.7301,超购于2262.8693倍,HKD,孖展数据
2443.HK,汽车街,2024-05-31,2024-05-28,5786340000,16800000,446.4525,超购于343.425倍,HKD,孖展数据
2505.HK,EDA集团控股,2024-05-28,2024-05-23,2406460000,29870000,103.417,超购于79.5515倍,HKD,孖展数据
0917.HK,趣致集团,2024-05-27,2024-05-22,672530000,58520000,12.8004,超购于10.4921倍,HKD,孖展数据
2898.HK,盛禾生物-B,2024-05-24,2024-05-21,351400000,46110000,9.6014,超购于6.6217倍,HKD,孖展数据
2529.HK,泓盈城市服务,2024-05-17,2024-05-13,618700000,14400000,54.5548,超购于41.9652倍,HKD,孖展数据
2556.HK,迈富时,2024-05-16,2024-05-10,101370000,26780000,4.6804,超购于2.7859倍,HKD,孖展数据
2438.HK,出门问问,2024-04-24,2024-04-19,3348020000,34670000,124.2252,超购于95.5579倍,HKD,孖展数据
2515.HK,天津建发,2024-04-23,2024-04-18,5609570000,15650000,464.7183,超购于357.4756倍,HKD,孖展数据
2555.HK,茶百道,2024-04-23,2024-04-18,85110000,258590000,,未足额,HKD,孖展数据
2598.HK,连连数字,2024-03-28,2024-03-25,818420000,61230000,20.0008,超购于12.6587倍,HKD,孖展数据
2497.HK,富景中国控股,2024-03-28,2024-03-25,2937510000,12800000,550.668,超购于228.4929倍,HKD,孖展数据
2536.HK,百乐皇宫,2024-03-26,2024-03-21,325630000,37140000,11.2618,超购于7.7667倍,HKD,孖展数据
9879.HK,米高集团,2024-03-21,2024-03-18,812300000,96750000,10.724,超购于7.3958倍,HKD,孖展数据
2509.HK,荃信生物-B,2024-03-20,2024-03-15,2955050000,24340000,290.2177,超购于120.4223倍,HKD,孖展数据
2540.HK,乐思集团,2024-03-08,2024-03-05,348330000,18750000,27.7726,超购于17.5776倍,HKD,孖展数据
2535.HK,泓基集团,2024-03-08,2024-03-05,704960000,13500000,65.0484,超购于51.2192倍,HKD,孖展数据
2477.HK,经纬天地,2024-01-12,2024-01-09,361840000,16250000,33.6019,超购于21.267倍,HKD,孖展数据
2453.HK,美中嘉和,2024-01-09,2024-01-04,104470000,64650000,1.361,超购于0.6158倍,HKD,孖展数据
2503.HK,中深建业,2024-01-09,2024-01-04,600630000,12870000,61.1867,超购于45.6617倍,HKD,孖展数据
6959.HK,长久股份,2024-01-09,2024-01-04,402390000,39930000,13.1634,超购于9.0782倍,HKD,孖展数据
2498.HK,速腾聚创,2024-01-05,2024-01-02,25040000,98510000,,未足额,HKD,孖展数据
